#VRML V2.0 utf8
# 3D model generated by easyeda2kicad.py (https://github.com/uPesy/easyeda2kicad.py)

Shape{
    appearance Appearance {
        material  Material 	{
            diffuseColor 0.10980392156862745 0.10980392156862745 0.10980392156862745
            specularColor 0.00784313725490196 0.00784313725490196 0.00784313725490196
            ambientIntensity 0.1569
            transparency 0.0
            shininess 0.5
        }
    }
    geometry IndexedFaceSet {
        ccw TRUE
        solid FALSE
        coord DEF co Coordinate {
            point [
                2.1063 0.0982 0.3937, -2.1063 0.0982 0.3937, 2.1063 0.0982 0.1772, -2.1063 0.0982 0.1772, 2.1063 0.8075 0.3937, -2.1063 0.8075 0.3937, 2.1063 0.8075 0.2953, -2.1063 0.8075 0.2953, 2.1063 0.7287 0.2165, -2.1063 0.7287 0.2165, 2.1063 0.7287 0.1772, -2.1063 0.7287 0.1772
            ]
        }
        coordIndex [
            0,1,2,-1,2,1,3,-1,4,5,0,-1,0,5,1,-1,6,7,4,-1,4,7,5,-1,8,9,6,-1,6,9,7,-1,10,11,8,-1,8,11,9,-1,2,3,10,-1,10,3,11,-1,11,3,9,-1,9,3,1,-1,9,1,7,-1,7,1,5,-1,6,4,8,-1,8,4,0,-1,8,0,10,-1,10,0,2,-1,
        ]
    }
}
Shape{
    appearance Appearance {
        material  Material 	{
            diffuseColor 0.6470588235294118 0.5176470588235295 0.0
            specularColor 0.45098039215686275 0.3607843137254902 0.0
            ambientIntensity 0.4973
            transparency 0.0
            shininess 0.5
        }
    }
    geometry IndexedFaceSet {
        ccw TRUE
        solid FALSE
        coord DEF co Coordinate {
            point [
                1.8996 -0.6689 0.0984, 1.8996 -0.5975 0.1869, 1.8406 -0.6689 0.0984, 1.8406 -0.5975 0.1869, 1.8996 0.3114 0.0984, 1.8406 0.3114 0.0984, 1.8996 0.4098 0.0, 1.8406 0.4098 0.0, 1.8996 0.5673 0.0, 1.8406 0.5673 0.0, 1.8996 0.5909 0.0236, 1.8406 0.5909 0.0236, 1.8996 0.5909 0.1024, 1.8406 0.5909 0.1024, 1.8996 0.5348 0.1348, 1.8406 0.5348 0.1348, 1.8996 0.002 0.1348, 1.8406 0.002 0.1348, 1.8996 0.002 0.3156, 1.8406 0.002 0.3156, 1.8996 -0.0792 0.3156, 1.8406 -0.0792 0.3156, 1.8996 -0.0792 0.1378, 1.8406 -0.0792 0.1378, 1.8996 -0.5366 0.1378, 1.8406 -0.5366 0.1378, 1.5059 -0.6689 0.0984, 1.5059 -0.5975 0.1869, 1.4469 -0.6689 0.0984, 1.4469 -0.5975 0.1869, 1.5059 0.3114 0.0984, 1.4469 0.3114 0.0984, 1.5059 0.4098 0.0, 1.4469 0.4098 0.0, 1.5059 0.5673 0.0, 1.4469 0.5673 0.0, 1.5059 0.5909 0.0236, 1.4469 0.5909 0.0236, 1.5059 0.5909 0.1024, 1.4469 0.5909 0.1024, 1.5059 0.5348 0.1348, 1.4469 0.5348 0.1348, 1.5059 0.002 0.1348, 1.4469 0.002 0.1348, 1.5059 0.002 0.3156, 1.4469 0.002 0.3156, 1.5059 -0.0792 0.3156, 1.4469 -0.0792 0.3156, 1.5059 -0.0792 0.1378, 1.4469 -0.0792 0.1378, 1.5059 -0.5366 0.1378, 1.4469 -0.5366 0.1378
            ]
        }
        coordIndex [
            0,1,2,-1,2,1,3,-1,4,0,5,-1,5,0,2,-1,6,4,7,-1,7,4,5,-1,8,6,9,-1,9,6,7,-1,10,8,11,-1,11,8,9,-1,12,10,13,-1,13,10,11,-1,14,12,15,-1,15,12,13,-1,16,14,17,-1,17,14,15,-1,18,16,19,-1,19,16,17,-1,20,18,21,-1,21,18,19,-1,22,20,23,-1,23,20,21,-1,24,22,25,-1,25,22,23,-1,1,24,3,-1,3,24,25,-1,24,1,0,-1,18,20,16,-1,16,20,22,-1,10,12,8,-1,8,12,14,-1,8,14,6,-1,6,14,4,-1,4,14,16,-1,4,16,0,-1,0,16,22,-1,0,22,24,-1,3,25,2,-1,2,25,23,-1,2,23,5,-1,15,13,11,-1,9,7,5,-1,21,19,23,-1,23,19,17,-1,23,17,5,-1,5,17,15,-1,5,15,9,-1,9,15,11,-1,26,27,28,-1,28,27,29,-1,30,26,31,-1,31,26,28,-1,32,30,33,-1,33,30,31,-1,34,32,35,-1,35,32,33,-1,36,34,37,-1,37,34,35,-1,38,36,39,-1,39,36,37,-1,40,38,41,-1,41,38,39,-1,42,40,43,-1,43,40,41,-1,44,42,45,-1,45,42,43,-1,46,44,47,-1,47,44,45,-1,48,46,49,-1,49,46,47,-1,50,48,51,-1,51,48,49,-1,27,50,29,-1,29,50,51,-1,50,27,26,-1,44,46,42,-1,42,46,48,-1,36,38,34,-1,34,38,40,-1,34,40,32,-1,32,40,30,-1,30,40,42,-1,30,42,26,-1,26,42,48,-1,26,48,50,-1,29,51,28,-1,28,51,49,-1,28,49,31,-1,41,39,37,-1,35,33,31,-1,47,45,49,-1,49,45,43,-1,49,43,31,-1,31,43,41,-1,31,41,35,-1,35,41,37,-1,
        ]
    }
}
Shape{
    appearance Appearance {
        material  Material 	{
            diffuseColor 0.6470588235294118 0.6196078431372549 0.5882352941176471
            specularColor 0.45098039215686275 0.43529411764705883 0.4117647058823529
            ambientIntensity 0.6242
            transparency 0.0
            shininess 0.5
        }
    }
    geometry IndexedFaceSet {
        ccw TRUE
        solid FALSE
        coord DEF co Coordinate {
            point [
                2.122 -0.6689 0.0, 2.122 -0.3539 0.0, 2.1811 -0.6689 0.0, 2.1811 -0.3539 0.0, 2.122 -0.6689 0.1083, 2.1811 -0.6689 0.1083, 2.122 -0.6886 0.1083, 2.1811 -0.6886 0.1083, 2.122 -0.6886 0.187, 2.1811 -0.6886 0.187, 2.122 -0.6689 0.187, 2.1811 -0.6689 0.187, 2.122 -0.6689 0.2953, 2.1811 -0.6689 0.2953, 2.122 -0.5311 0.2953, 2.1811 -0.5311 0.2953, 2.122 -0.5311 0.2747, 2.1811 -0.5311 0.2747, 2.122 -0.3539 0.0975, 2.1811 -0.3539 0.0975, -2.122 -0.3539 0.0, -2.122 -0.6689 0.0, -2.1811 -0.3539 0.0, -2.1811 -0.6689 0.0, -2.122 -0.6689 0.1083, -2.1811 -0.6689 0.1083, -2.122 -0.6886 0.1083, -2.1811 -0.6886 0.1083, -2.122 -0.6886 0.187, -2.1811 -0.6886 0.187, -2.122 -0.6689 0.187, -2.1811 -0.6689 0.187, -2.122 -0.6689 0.2953, -2.1811 -0.6689 0.2953, -2.122 -0.5311 0.2953, -2.1811 -0.5311 0.2953, -2.122 -0.5311 0.2747, -2.1811 -0.5311 0.2747, -2.122 -0.3539 0.0975, -2.1811 -0.3539 0.0975
            ]
        }
        coordIndex [
            0,1,2,-1,2,1,3,-1,4,0,5,-1,5,0,2,-1,6,4,7,-1,7,4,5,-1,8,6,9,-1,9,6,7,-1,10,8,11,-1,11,8,9,-1,12,10,13,-1,13,10,11,-1,14,12,15,-1,15,12,13,-1,16,14,17,-1,17,14,15,-1,18,16,19,-1,19,16,17,-1,1,18,3,-1,3,18,19,-1,1,0,4,-1,6,8,4,-1,4,8,10,-1,12,14,10,-1,10,14,16,-1,10,16,4,-1,4,16,18,-1,4,18,1,-1,15,13,17,-1,17,13,11,-1,17,11,19,-1,19,11,3,-1,2,3,5,-1,5,3,11,-1,5,11,7,-1,7,11,9,-1,20,21,22,-1,22,21,23,-1,21,24,23,-1,23,24,25,-1,24,26,25,-1,25,26,27,-1,26,28,27,-1,27,28,29,-1,28,30,29,-1,29,30,31,-1,30,32,31,-1,31,32,33,-1,32,34,33,-1,33,34,35,-1,34,36,35,-1,35,36,37,-1,36,38,37,-1,37,38,39,-1,38,20,39,-1,39,20,22,-1,34,32,36,-1,36,32,30,-1,36,30,38,-1,38,30,20,-1,21,20,24,-1,24,20,30,-1,24,30,26,-1,26,30,28,-1,22,23,25,-1,27,29,25,-1,25,29,31,-1,33,35,31,-1,31,35,37,-1,31,37,25,-1,25,37,39,-1,25,39,22,-1,
        ]
    }
}
Shape{
    appearance Appearance {
        material  Material 	{
            diffuseColor 0.6784313725490196 0.6784313725490196 0.6784313725490196
            specularColor 0.047058823529411764 0.047058823529411764 0.047058823529411764
            ambientIntensity 0.9686
            transparency 0.0
            shininess 0.5
        }
    }
    geometry IndexedFaceSet {
        ccw TRUE
        solid FALSE
        coord DEF co Coordinate {
            point [
                1.9685 -0.7673 0.1181, 1.9685 -0.7673 0.2953, 1.9685 -0.728 0.2559, 1.9685 0.0786 0.2559, 1.9685 0.0786 0.1575, 1.9685 -0.728 0.1575, 2.1457 0.6106 0.3937, 2.3031 0.6106 0.3937, 2.1457 0.6106 0.1575, 2.3031 0.6106 0.0433, 1.9685 0.6106 0.1575, 1.9685 0.6106 0.0433, -2.1063 -0.6492 0.3937, 2.1063 -0.6492 0.3937, -2.1063 -0.5311 0.3937, 2.1063 -0.5311 0.3937, -2.0472 0.0786 0.3937, -2.0866 0.1179 0.3937, -2.3031 -0.5311 0.3937, 2.0866 0.3935 0.3937, 2.3031 -0.5311 0.3937, 2.1457 0.4526 0.3937, -2.1457 0.6106 0.3937, -2.3031 0.6106 0.3937, -2.1457 0.4526 0.3937, -2.0866 0.3935 0.3937, 2.0472 0.0786 0.3937, 2.0866 0.1179 0.3937, 1.9685 0.5319 0.0197, 1.9685 0.4532 0.0197, 1.9685 0.5319 0.0433, 1.9685 0.4532 0.1575, 2.3031 0.5319 0.0433, 2.3031 -0.3352 0.0787, 2.3031 -0.3352 0.0394, 2.3031 -0.2161 0.0394, 2.3031 -0.5311 0.2747, 2.3031 -0.2161 0.0197, 2.3031 0.0046 0.0197, 2.3031 0.5319 0.0197, -2.1063 -0.6492 0.3346, 2.1063 -0.6492 0.3346, -2.1063 -0.7673 0.3346, 2.1063 -0.7673 0.3346, 2.1063 -0.7673 0.0197, 1.9016 -0.7673 0.1181, -1.9016 -0.7673 0.315, -1.8386 -0.7673 0.315, 1.8386 -0.7673 0.1181, 1.7047 -0.7673 0.1181, 1.8386 -0.7673 0.0787, 1.7047 -0.7673 0.0787, -1.6417 -0.7673 0.2953, -1.5079 -0.7673 0.2953, -1.6417 -0.7673 0.315, -1.5079 -0.7673 0.315, 1.4449 -0.7673 0.0787, 1.4449 -0.7673 0.1181, 1.311 -0.7673 0.1181, 1.311 -0.7673 0.0787, 1.248 -0.7673 0.0787, -0.0117 -0.7673 0.0197, 1.9016 -0.7673 0.0787, 1.6417 -0.7673 0.0787, 1.5079 -0.7673 0.0787, 1.5079 -0.7673 0.1181, 1.6417 -0.7673 0.1181, 1.0512 -0.7673 0.0787, 1.0512 -0.7673 0.1181, 0.9173 -0.7673 0.1181, 0.9173 -0.7673 0.0787, 0.8543 -0.7673 0.0787, 1.1142 -0.7673 0.0787, 1.1142 -0.7673 0.1181, 1.248 -0.7673 0.1181, 0.6575 -0.7673 0.0787, 0.6575 -0.7673 0.1181, 0.5236 -0.7673 0.1181, 0.5236 -0.7673 0.0787, 0.4606 -0.7673 0.0787, 0.7205 -0.7673 0.0787, 0.7205 -0.7673 0.1181, 0.8543 -0.7673 0.1181, 0.2638 -0.7673 0.0787, 0.2638 -0.7673 0.1181, 0.1299 -0.7673 0.1181, 0.1299 -0.7673 0.0787, 0.0669 -0.7673 0.0787, 0.3268 -0.7673 0.0787, 0.3268 -0.7673 0.1181, 0.4606 -0.7673 0.1181, 0.0669 -0.7673 0.1181, -0.0669 -0.7673 0.1181, -0.0669 -0.7673 0.0787, 0.1299 -0.7673 0.315, 0.1299 -0.7673 0.2953, 0.2638 -0.7673 0.2953, -0.1299 -0.7673 0.1181, -0.2638 -0.7673 0.1181, -0.1299 -0.7673 0.0787, -0.2638 -0.7673 0.0787, 0.2638 -0.7673 0.315, 0.3268 -0.7673 0.315, -0.5236 -0.7673 0.0787, -0.5236 -0.7673 0.1181, -0.6575 -0.7673 0.1181, -1.8386 -0.7673 0.2953, -1.7047 -0.7673 0.2953, -1.7047 -0.7673 0.315, -1.4449 -0.7673 0.315, -0.6575 -0.7673 0.0787, -0.7205 -0.7673 0.0787, -2.1063 -0.7673 0.0197, 0.7205 -0.7673 0.315, 0.7205 -0.7673 0.2953, 0.8543 -0.7673 0.2953, -0.3268 -0.7673 0.0787, -0.4606 -0.7673 0.0787, -0.4606 -0.7673 0.1181, -0.3268 -0.7673 0.1181, -1.4449 -0.7673 0.2953, -1.311 -0.7673 0.2953, -1.311 -0.7673 0.315, -1.248 -0.7673 0.315, -0.9173 -0.7673 0.0787, -0.9173 -0.7673 0.1181, -1.0512 -0.7673 0.1181, -1.248 -0.7673 0.2953, -1.1142 -0.7673 0.2953, -1.1142 -0.7673 0.315, -1.0512 -0.7673 0.315, -1.0512 -0.7673 0.0787, -1.1142 -0.7673 0.0787, 0.3268 -0.7673 0.2953, 0.4606 -0.7673 0.2953, 0.4606 -0.7673 0.315, 0.5236 -0.7673 0.315, 1.1142 -0.7673 0.315, 1.1142 -0.7673 0.2953, 1.248 -0.7673 0.2953, -0.8543 -0.7673 0.0787, -0.8543 -0.7673 0.1181, -0.7205 -0.7673 0.1181, -1.0512 -0.7673 0.2953, -0.9173 -0.7673 0.2953, -0.9173 -0.7673 0.315, -0.8543 -0.7673 0.315, 0.8543 -0.7673 0.315, 0.9173 -0.7673 0.315, -1.311 -0.7673 0.0787, -1.311 -0.7673 0.1181, -1.4449 -0.7673 0.1181, -0.8543 -0.7673 0.2953, -0.7205 -0.7673 0.2953, -0.7205 -0.7673 0.315, -0.6575 -0.7673 0.315, 0.6575 -0.7673 0.315, 0.6575 -0.7673 0.2953, 0.5236 -0.7673 0.2953, 1.248 -0.7673 0.315, 1.311 -0.7673 0.315, -1.4449 -0.7673 0.0787, -1.5079 -0.7673 0.0787, -1.248 -0.7673 0.0787, -1.248 -0.7673 0.1181, -1.1142 -0.7673 0.1181, -0.6575 -0.7673 0.2953, -0.5236 -0.7673 0.2953, -0.5236 -0.7673 0.315, -0.4606 -0.7673 0.315, 0.9173 -0.7673 0.2953, 1.0512 -0.7673 0.2953, 1.0512 -0.7673 0.315, 1.5079 -0.7673 0.315, 1.5079 -0.7673 0.2953, 1.6417 -0.7673 0.2953, 1.6417 -0.7673 0.315, 1.7047 -0.7673 0.315, -1.7047 -0.7673 0.0787, -1.7047 -0.7673 0.1181, -1.8386 -0.7673 0.1181, -0.4606 -0.7673 0.2953, -0.3268 -0.7673 0.2953, -0.3268 -0.7673 0.315, -0.2638 -0.7673 0.315, 1.4449 -0.7673 0.315, 1.4449 -0.7673 0.2953, 1.311 -0.7673 0.2953, -1.8386 -0.7673 0.0787, -1.9016 -0.7673 0.0787, -1.6417 -0.7673 0.0787, -1.6417 -0.7673 0.1181, -1.5079 -0.7673 0.1181, -0.2638 -0.7673 0.2953, -0.1299 -0.7673 0.2953, -0.1299 -0.7673 0.315, -0.0669 -0.7673 0.315, 1.7047 -0.7673 0.2953, 1.8386 -0.7673 0.2953, 1.8386 -0.7673 0.315, 1.9016 -0.7673 0.315, 1.9016 -0.7673 0.2953, -1.9016 -0.7673 0.2953, -1.9685 -0.7673 0.2953, -1.9685 -0.7673 0.1181, -1.9016 -0.7673 0.1181, -0.0669 -0.7673 0.2953, 0.0669 -0.7673 0.2953, 0.0669 -0.7673 0.315, 1.9016 0.3902 0.0197, 1.9016 0.4532 0.0197, 0.3268 0.3902 0.0197, 0.3268 0.4532 0.0197, 0.4606 0.4532 0.0197, 1.8386 0.3902 0.0197, 0.1299 0.3902 0.0197, -0.0117 0.0046 0.0197, 0.0669 0.3902 0.0197, -0.0117 0.4532 0.0197, 0.0669 0.4532 0.0197, 0.5236 0.3902 0.0197, 0.5236 0.4532 0.0197, 0.6575 0.4532 0.0197, 0.7205 0.3902 0.0197, 0.7205 0.4532 0.0197, 0.8543 0.4532 0.0197, 0.0116 0.0046 0.0197, 0.0116 0.0046 0.0197, 0.1065 0.0111 0.0197, 0.1063 0.0108 0.0197, 0.0126 0.0048 0.0197, 0.106 0.0103 0.0197, 0.0129 0.0047 0.0197, 0.1299 0.4532 0.0197, 0.2638 0.4532 0.0197, 0.2638 0.3902 0.0197, 0.012 0.0047 0.0197, 0.1069 0.0112 0.0197, 0.1067 0.0112 0.0197, 0.4606 0.3902 0.0197, 0.1066 0.0112 0.0197, 0.1845 0.0046 0.0197, 0.8543 0.3902 0.0197, 0.9173 0.3902 0.0197, 0.1836 0.0102 0.0197, 0.1835 0.0105 0.0197, 0.6575 0.3902 0.0197, 0.9173 0.4532 0.0197, 1.0512 0.4532 0.0197, 1.0512 0.3902 0.0197, 1.1142 0.3902 0.0197, 0.1052 0.0046 0.0197, 0.0131 0.0046 0.0197, 0.1054 0.0066 0.0197, 0.1058 0.0096 0.0197, 1.1142 0.4532 0.0197, 1.248 0.4532 0.0197, 1.248 0.3902 0.0197, 1.311 0.3902 0.0197, 0.1077 0.0109 0.0197, 0.1074 0.0111 0.0197, 0.1819 0.0104 0.0197, 1.311 0.4532 0.0197, 1.4449 0.4532 0.0197, 1.4449 0.3902 0.0197, 1.5079 0.3902 0.0197, 0.1843 0.0062 0.0197, 0.1842 0.0077 0.0197, 0.1833 0.0106 0.0197, 0.1831 0.0107 0.0197, 0.1829 0.0108 0.0197, 0.1826 0.0108 0.0197, 0.1824 0.0107 0.0197, 0.1822 0.0106 0.0197, 0.1071 0.0112 0.0197, 0.1817 0.01 0.0197, 0.1814 0.0094 0.0197, 0.11 0.0046 0.0197, 0.1812 0.0088 0.0197, 0.1805 0.0046 0.0197, 1.5079 0.4532 0.0197, 1.6417 0.4532 0.0197, 1.6417 0.3902 0.0197, 1.7047 0.3902 0.0197, 0.184 0.0088 0.0197, 0.1839 0.0095 0.0197, 0.1838 0.0099 0.0197, 0.1086 0.0095 0.0197, 0.1083 0.0101 0.0197, 0.108 0.0106 0.0197, 0.109 0.0085 0.0197, -2.3031 0.5319 0.0197, -1.9685 0.5319 0.0197, -2.3031 0.0046 0.0197, -1.9685 0.4532 0.0197, -1.8386 0.3902 0.0197, -1.8386 0.4532 0.0197, -1.7047 0.4532 0.0197, -1.311 0.3902 0.0197, -1.248 0.3902 0.0197, -1.9016 0.4532 0.0197, -1.9016 0.3902 0.0197, -1.4449 0.3902 0.0197, -1.4449 0.4532 0.0197, -1.311 0.4532 0.0197, -0.7205 0.3902 0.0197, -0.6575 0.3902 0.0197, -1.7047 0.3902 0.0197, -1.6417 0.3902 0.0197, -1.0512 0.3902 0.0197, -1.1142 0.3902 0.0197, -1.1142 0.4532 0.0197, -1.248 0.4532 0.0197, -1.5079 0.3902 0.0197, -1.5079 0.4532 0.0197, -1.6417 0.4532 0.0197, -0.8543 0.3902 0.0197, -0.8543 0.4532 0.0197, -0.7205 0.4532 0.0197, -0.4606 0.3902 0.0197, -0.5236 0.3902 0.0197, -0.5236 0.4532 0.0197, -0.6575 0.4532 0.0197, -1.0512 0.4532 0.0197, -0.9173 0.4532 0.0197, -0.9173 0.3902 0.0197, -0.4606 0.4532 0.0197, -0.3268 0.4532 0.0197, -0.3268 0.3902 0.0197, -0.2638 0.3902 0.0197, -0.0669 0.4532 0.0197, -0.0669 0.3902 0.0197, -0.1299 0.3902 0.0197, -0.1299 0.4532 0.0197, -0.2638 0.4532 0.0197, -0.0922 0.0032 0.0197, -0.0929 0.0029 0.0197, -0.1377 -0.0033 0.0197, -0.0936 0.0024 0.0197, -0.094 0.0019 0.0197, -0.1554 0.0042 0.0197, -0.1512 -0.1768 0.0197, -0.1448 -0.1734 0.0197, -0.1311 -0.1758 0.0197, -2.1063 -0.2161 0.0197, -0.2828 0.0028 0.0197, -0.2824 0.0029 0.0197, -0.2831 0.0026 0.0197, -0.2834 0.0024 0.0197, -0.2838 0.0019 0.0197, -0.2828 -0.1538 0.0197, -0.2843 0.0005 0.0197, -0.2843 -0.0011 0.0197, -0.2828 -0.0264 0.0197, -0.2834 -0.0092 0.0197, -0.2834 -0.0097 0.0197, -0.1322 -0.1003 0.0197, -0.1271 -0.0657 0.0197, -0.1268 -0.1003 0.0197, -0.1226 -0.0654 0.0197, -0.2842 0.0012 0.0197, -0.2851 -0.1812 0.0197, -0.283 -0.1676 0.0197, -0.1387 -0.1679 0.0197, -0.1356 -0.1637 0.0197, -0.1331 -0.1592 0.0197, -0.1753 -0.013 0.0197, -0.1711 -0.0091 0.0197, -0.1303 -0.0388 0.0197, -0.2856 -0.1841 0.0197, -0.2837 -0.1863 0.0197, -0.2712 -0.1708 0.0197, -0.2333 -0.017 0.0197, -0.0986 -0.1674 0.0197, -0.0989 -0.1686 0.0197, -0.1268 -0.1758 0.0197, -0.0989 -0.1694 0.0197, -0.0989 -0.1699 0.0197, -0.0989 -0.1705 0.0197, -0.0989 -0.1707 0.0197, -0.0988 -0.1709 0.0197, -0.1811 -0.0213 0.0197, -0.1594 -0.0051 0.0197, -0.1343 -0.0225 0.0197, -0.1379 -0.0158 0.0197, -0.1571 -0.1696 0.0197, -0.163 -0.1693 0.0197, -0.168 -0.1675 0.0197, -0.189 -0.1332 0.0197, -0.1541 -0.169 0.0197, -0.1825 -0.1521 0.0197, -0.1776 -0.1599 0.0197, -0.0927 -0.0094 0.0197, -0.0919 -0.0167 0.0197, -0.1282 -0.0183 0.0197, -0.0919 -0.0221 0.0197, -0.1248 -0.0315 0.0197, -0.2754 -0.0085 0.0197, -0.2536 -0.0103 0.0197, -0.2754 -0.1529 0.0197, -0.2433 -0.0119 0.0197, -0.1712 0.0012 0.0197, -0.2217 -0.0043 0.0197, -0.1636 0.0038 0.0197, -0.222 -0.0036 0.0197, -0.2222 -0.0034 0.0197, -0.0979 -0.1662 0.0197, -0.0968 -0.1646 0.0197, -0.0806 -0.1699 0.0197, -0.0974 -0.1714 0.0197, -0.0814 -0.1699 0.0197, -0.0965 -0.1713 0.0197, -0.0863 -0.1699 0.0197, -0.0911 -0.1705 0.0197, -0.0292 -0.0953 0.0197, -0.0295 -0.0948 0.0197, -0.0311 -0.0201 0.0197, -0.0299 -0.0945 0.0197, -0.0302 -0.0943 0.0197, -0.0837 -0.0966 0.0197, -0.0599 -0.0997 0.0197, -0.0837 -0.1589 0.0197, -0.0501 -0.1017 0.0197, -0.0384 -0.1071 0.0197, -0.0302 -0.1671 0.0197, -0.0347 -0.1665 0.0197, -0.0226 -0.0073 0.0197, -0.0228 -0.0071 0.0197, -0.1914 -0.1192 0.0197, -0.1285 -0.0507 0.0197, -0.1925 -0.0736 0.0197, -0.1855 -0.0332 0.0197, -0.1675 -0.0068 0.0197, -0.1638 -0.0056 0.0197, -0.153 -0.0056 0.0197, -0.1468 -0.0079 0.0197, -0.1419 -0.0113 0.0197, -0.1346 -0.1401 0.0197, -0.1381 -0.153 0.0197, -0.1419 -0.1603 0.0197, -0.1728 -0.1646 0.0197, -0.0944 0.0011 0.0197, -0.0946 0.0 0.0197, -0.1328 -0.0092 0.0197, -0.0945 -0.0023 0.0197, -0.0945 -0.0023 0.0197, -0.2345 -0.0164 0.0197, -0.2754 -0.1564 0.0197, -0.2742 -0.1644 0.0197, -0.1792 -0.1704 0.0197, -0.1716 -0.176 0.0197, -0.1674 -0.1781 0.0197, -0.1633 -0.1789 0.0197, -0.1594 -0.179 0.0197, -0.0918 -0.0257 0.0197, -0.0916 -0.0292 0.0197, -0.0919 -0.1589 0.0197, -0.095 -0.1624 0.0197, -0.0751 -0.17 0.0197, -0.0696 -0.1708 0.0197, -0.0585 -0.1727 0.0197, -0.0837 -0.0867 0.0197, -0.0837 -0.01 0.0197, -0.0415 -0.0159 0.0197, -0.0438 -0.1039 0.0197, -0.041 -0.1056 0.0197, -0.048 -0.1648 0.0197, -0.0414 -0.1656 0.0197, -0.037 -0.1801 0.0197, -0.0288 -0.1716 0.0197, -0.2395 -0.0129 0.0197, -0.2374 -0.014 0.0197, -0.0986 -0.171 0.0197, -0.0308 -0.0941 0.0197, -0.0316 -0.094 0.0197, -0.0336 -0.0187 0.0197, -0.0374 -0.0169 0.0197, -0.1454 -0.1643 0.0197, -0.1498 -0.1674 0.0197, -0.1992 -0.0632 0.0197, -0.199 -0.1175 0.0197, -0.1922 -0.1484 0.0197, -0.1852 -0.1632 0.0197, -0.177 -0.0024 0.0197, -0.1818 -0.0074 0.0197, -0.2218 -0.0053 0.0197, -0.1879 -0.0175 0.0197, -0.2222 -0.0066 0.0197, -0.2732 0.002 0.0197, -0.2797 0.0025 0.0197, -0.2817 0.003 0.0197, -0.0277 -0.1691 0.0197, -0.0277 -0.1695 0.0197, -0.0277 -0.1687 0.0197, -0.0278 -0.1683 0.0197, -0.0281 -0.1679 0.0197, -0.022 -0.0086 0.0197, -0.022 -0.0091 0.0197, -0.0221 -0.0097 0.0197, -0.2226 -0.0073 0.0197, -0.1957 -0.0404 0.0197, -0.2236 -0.0083 0.0197, -0.2227 -0.0031 0.0197, -0.2234 -0.0028 0.0197, -0.224 -0.0027 0.0197, -0.2448 -0.0006 0.0197, -0.2399 -0.0011 0.0197, -0.2282 -0.0027 0.0197, -0.0984 -0.1712 0.0197, -0.0979 -0.1714 0.0197, -0.0282 -0.1707 0.0197, -0.0279 -0.17 0.0197, -0.0284 -0.1676 0.0197, -0.0289 -0.1673 0.0197, -0.0224 -0.0103 0.0197, -0.0222 -0.0081 0.0197, -0.0225 -0.0075 0.0197, -0.0912 0.0034 0.0197, -0.1439 0.001 0.0197, -0.1508 0.0036 0.0197, -0.0231 -0.0113 0.0197, -0.0289 -0.0963 0.0197, -0.029 -0.0958 0.0197, -0.0898 0.0033 0.0197, -0.0487 -0.1747 0.0197, -0.0409 -0.1776 0.0197, -0.0395 -0.1784 0.0197, -0.0232 -0.007 0.0197, -0.0241 -0.0068 0.0197, -0.0248 -0.0068 0.0197, -0.2267 -0.0112 0.0197, -2.3031 -0.2161 0.0197, -0.2613 0.0008 0.0197, -0.0296 -0.098 0.0197, -0.0292 -0.0974 0.0197, -0.0294 -0.1672 0.0197, -0.029 -0.0968 0.0197, -0.0302 -0.0988 0.0197, -0.0718 -0.0006 0.0197, -0.0848 0.0017 0.0197, -0.0879 0.0028 0.0197, -0.029 -0.0066 0.0197, -0.0505 -0.0039 0.0197, 1.7047 0.4532 0.0197, 1.8386 0.4532 0.0197, 2.1063 -0.2161 0.0197, -0.0007 -0.0096 0.0197, -0.0006 -0.0098 0.0197, 0.0695 -0.1677 0.0197, 0.074 -0.1616 0.0197, 0.1418 -0.1823 0.0197, 0.186 -0.02 0.0197, 0.1863 -0.0195 0.0197, 0.1036 -0.0091 0.0197, 0.1032 -0.0146 0.0197, 0.0702 -0.0157 0.0197, 0.0571 -0.0043 0.0197, 0.0606 -0.0061 0.0197, 0.0654 -0.0098 0.0197, 0.0603 -0.1739 0.0197, 0.0652 -0.1714 0.0197, 0.1733 -0.0609 0.0197, 0.1767 -0.0467 0.0197, 0.1865 -0.0191 0.0197, 0.1865 -0.0184 0.0197, -0.0006 -0.1663 0.0197, -0.0011 -0.1671 0.0197, 0.0386 -0.1756 0.0197, 0.0449 -0.1761 0.0197, 0.0537 -0.1756 0.0197, 0.076 -0.026 0.0197, 0.1034 -0.0172 0.0197, 0.104 -0.0189 0.0197, 0.1863 -0.0156 0.0197, 0.1862 -0.0144 0.0197, 0.186 -0.0113 0.0197, 0.1849 0.0014 0.0197, -0.0011 -0.0082 0.0197, -0.0011 -0.0085 0.0197, -0.0011 -0.0088 0.0197, -0.0008 -0.0094 0.0197, -0.0013 -0.1679 0.0197, -0.0013 -0.1687 0.0197, -0.0011 -0.1695 0.0197, -0.0009 -0.17 0.0197, -0.0004 -0.0099 0.0197, -0.0002 -0.01 0.0197, 0.0101 -0.1583 0.0197, -0.0001 -0.01 0.0197, 0.0005 -0.0101 0.0197, 0.0016 -0.01 0.0197, 0.0056 -0.01 0.0197, 0.0101 -0.01 0.0197, 0.105 0.0028 0.0197, 0.1458 -0.1823 0.0197, 0.0495 -0.0024 0.0197, 0.0339 -0.0003 0.0197, 0.0214 0.0011 0.0197, 0.1782 -0.04 0.0197, 0.1801 -0.0334 0.0197, 0.182 -0.0281 0.0197, 0.1838 -0.023 0.0197, 0.185 -0.0212 0.0197, -0.0005 -0.0071 0.0197, -0.0008 -0.0075 0.0197, -0.001 -0.0079 0.0197, 0.0168 0.0024 0.0197, 0.0138 0.0042 0.0197, 0.0781 -0.1516 0.0197, 0.0827 -0.1225 0.0197, 0.1127 -0.0473 0.0197, 0.0843 -0.0782 0.0197, 0.1096 -0.0348 0.0197, 0.0813 -0.0442 0.0197, 0.1059 -0.0224 0.0197, 0.1045 -0.0199 0.0197, 0.0064 -0.1603 0.0197, 0.0013 -0.1645 0.0197, 0.0001 -0.1655 0.0197, 0.0158 -0.1708 0.0197, 0.0217 -0.1713 0.0197, 0.0324 -0.1744 0.0197, 0.0082 -0.1592 0.0197, -0.0005 -0.1704 0.0197, -0.0001 -0.1708 0.0197, 0.005 -0.1699 0.0197, 0.0109 -0.1699 0.0197, 0.0133 -0.1703 0.0197, 0.0107 0.004 0.0197, 0.0067 0.0007 0.0197, 0.0041 -0.002 0.0197, 0.0007 -0.0057 0.0197, 0.0 -0.0064 0.0197, 0.1625 -0.0714 0.0197, 0.124 -0.062 0.0197, 0.1792 -0.0026 0.0197, 0.115 -0.0199 0.0197, 0.1107 0.0017 0.0197, 2.1063 -0.5311 0.2747, 2.1063 -0.3352 0.0787, 2.1063 -0.3352 0.0394, 2.1063 -0.2161 0.0394
            ]
        }
        coordIndex [
            0,1,2,-1,3,4,2,-1,2,4,5,-1,2,5,0,-1,6,7,8,-1,8,7,9,-1,8,9,10,-1,10,9,11,-1,12,13,14,-1,14,13,15,-1,16,17,18,-1,19,20,21,-1,21,20,7,-1,21,7,6,-1,22,23,24,-1,24,23,18,-1,24,18,25,-1,25,18,17,-1,18,14,16,-1,16,14,15,-1,16,15,26,-1,26,15,20,-1,26,20,27,-1,27,20,19,-1,28,29,30,-1,30,29,31,-1,30,31,11,-1,11,31,10,-1,32,9,7,-1,33,34,35,-1,7,20,36,-1,35,37,38,-1,36,33,7,-1,7,33,35,-1,7,35,32,-1,32,35,38,-1,32,38,39,-1,32,39,30,-1,30,39,28,-1,9,32,11,-1,11,32,30,-1,12,40,13,-1,13,40,41,-1,40,42,41,-1,41,42,43,-1,43,1,44,-1,44,1,0,-1,44,0,45,-1,42,46,47,-1,48,49,50,-1,50,49,51,-1,52,53,54,-1,54,53,55,-1,56,57,58,-1,59,60,61,-1,45,62,44,-1,44,62,50,-1,44,50,61,-1,61,50,51,-1,61,51,63,-1,58,59,56,-1,56,59,61,-1,56,61,64,-1,64,61,63,-1,64,63,65,-1,65,63,66,-1,67,68,69,-1,70,71,61,-1,69,70,67,-1,67,70,61,-1,67,61,72,-1,72,61,60,-1,72,60,73,-1,73,60,74,-1,75,76,77,-1,78,79,61,-1,77,78,75,-1,75,78,61,-1,75,61,80,-1,80,61,71,-1,80,71,81,-1,81,71,82,-1,83,84,85,-1,86,87,61,-1,85,86,83,-1,83,86,61,-1,83,61,88,-1,88,61,79,-1,88,79,89,-1,89,79,90,-1,91,92,93,-1,94,95,96,-1,91,93,87,-1,97,98,99,-1,99,98,100,-1,101,102,43,-1,103,104,105,-1,106,107,47,-1,47,107,108,-1,47,108,42,-1,42,108,54,-1,42,54,43,-1,43,54,55,-1,43,55,109,-1,110,111,112,-1,113,114,115,-1,87,93,61,-1,61,93,99,-1,61,99,112,-1,112,99,100,-1,112,100,116,-1,105,110,103,-1,103,110,112,-1,103,112,117,-1,117,112,116,-1,117,116,118,-1,118,116,119,-1,120,121,109,-1,109,121,122,-1,109,122,43,-1,43,122,123,-1,124,125,126,-1,127,128,123,-1,123,128,129,-1,123,129,43,-1,43,129,130,-1,131,132,112,-1,133,134,102,-1,102,134,135,-1,102,135,43,-1,43,135,136,-1,137,138,139,-1,126,131,124,-1,124,131,112,-1,124,112,140,-1,140,112,111,-1,140,111,141,-1,141,111,142,-1,143,144,130,-1,130,144,145,-1,130,145,43,-1,43,145,146,-1,147,148,43,-1,149,150,151,-1,152,153,146,-1,146,153,154,-1,146,154,43,-1,43,154,155,-1,115,147,113,-1,113,147,43,-1,113,43,156,-1,156,43,136,-1,156,136,157,-1,157,136,158,-1,159,160,43,-1,161,162,112,-1,151,161,149,-1,149,161,112,-1,149,112,163,-1,163,112,132,-1,163,132,164,-1,164,132,165,-1,166,167,155,-1,155,167,168,-1,155,168,43,-1,43,168,169,-1,170,171,148,-1,148,171,172,-1,148,172,43,-1,43,172,137,-1,43,137,159,-1,159,137,139,-1,173,174,175,-1,176,177,43,-1,178,179,180,-1,181,182,169,-1,169,182,183,-1,169,183,43,-1,43,183,184,-1,175,176,173,-1,173,176,43,-1,173,43,185,-1,185,43,160,-1,185,160,186,-1,186,160,187,-1,188,189,112,-1,180,188,178,-1,178,188,112,-1,178,112,190,-1,190,112,162,-1,190,162,191,-1,191,162,192,-1,193,194,184,-1,184,194,195,-1,184,195,43,-1,43,195,196,-1,197,198,177,-1,177,198,199,-1,177,199,43,-1,43,199,200,-1,43,200,1,-1,1,200,201,-1,202,46,203,-1,203,46,42,-1,203,42,204,-1,204,42,112,-1,204,112,205,-1,205,112,189,-1,206,207,196,-1,196,207,208,-1,196,208,43,-1,43,208,94,-1,43,94,101,-1,101,94,96,-1,209,210,29,-1,211,212,213,-1,214,209,38,-1,38,209,29,-1,38,29,39,-1,39,29,28,-1,215,216,217,-1,217,216,218,-1,217,218,219,-1,220,221,222,-1,223,224,225,-1,226,227,216,-1,228,229,230,-1,230,229,231,-1,230,231,232,-1,233,234,215,-1,215,234,235,-1,215,235,216,-1,216,235,236,-1,216,236,226,-1,237,238,239,-1,239,238,240,-1,239,240,228,-1,241,242,243,-1,244,245,246,-1,247,248,243,-1,243,248,249,-1,243,249,241,-1,241,249,250,-1,213,239,211,-1,211,239,228,-1,211,228,235,-1,235,228,230,-1,235,230,236,-1,251,252,253,-1,253,252,232,-1,253,232,254,-1,254,232,231,-1,255,256,250,-1,250,256,257,-1,250,257,241,-1,241,257,258,-1,259,260,261,-1,262,263,258,-1,258,263,264,-1,258,264,241,-1,241,264,265,-1,241,266,267,-1,222,246,220,-1,220,246,245,-1,220,245,239,-1,239,245,268,-1,239,268,269,-1,269,270,239,-1,239,270,271,-1,239,271,237,-1,237,271,272,-1,272,273,237,-1,237,273,261,-1,237,261,274,-1,274,261,260,-1,275,276,277,-1,277,276,278,-1,277,278,279,-1,280,281,265,-1,265,281,282,-1,265,282,241,-1,241,282,283,-1,284,285,246,-1,246,285,286,-1,246,286,244,-1,287,288,261,-1,261,288,289,-1,261,289,259,-1,225,242,223,-1,223,242,241,-1,223,241,246,-1,246,241,267,-1,246,267,284,-1,275,277,261,-1,261,277,290,-1,261,290,287,-1,291,292,293,-1,293,292,294,-1,295,296,297,-1,298,299,216,-1,294,300,293,-1,293,300,301,-1,293,301,295,-1,302,303,304,-1,305,306,216,-1,216,307,308,-1,309,216,310,-1,310,216,299,-1,310,299,311,-1,311,299,312,-1,304,298,302,-1,302,298,216,-1,302,216,313,-1,313,216,308,-1,313,308,314,-1,314,308,315,-1,316,317,318,-1,319,216,320,-1,320,216,306,-1,320,306,321,-1,321,306,322,-1,323,324,309,-1,309,324,325,-1,309,325,216,-1,216,325,316,-1,216,316,305,-1,305,316,318,-1,326,327,319,-1,319,327,328,-1,319,328,216,-1,216,328,329,-1,330,218,331,-1,331,218,216,-1,331,216,332,-1,332,216,329,-1,332,329,333,-1,333,329,334,-1,335,336,337,-1,337,336,338,-1,337,338,339,-1,297,307,295,-1,295,307,216,-1,295,216,293,-1,293,216,340,-1,341,342,343,-1,112,344,345,-1,345,344,346,-1,345,347,112,-1,112,347,348,-1,112,348,349,-1,350,351,352,-1,350,352,353,-1,353,352,354,-1,353,354,355,-1,356,357,358,-1,358,357,359,-1,349,360,112,-1,112,360,351,-1,112,351,361,-1,361,351,350,-1,361,350,362,-1,342,363,343,-1,343,363,364,-1,343,364,365,-1,366,367,368,-1,361,369,112,-1,112,369,370,-1,112,370,61,-1,61,370,371,-1,61,371,372,-1,373,374,375,-1,375,374,376,-1,375,376,377,-1,377,378,375,-1,375,378,379,-1,375,379,380,-1,366,368,381,-1,368,382,383,-1,383,382,384,-1,385,386,387,-1,388,389,390,-1,390,389,391,-1,392,393,394,-1,394,393,395,-1,394,395,396,-1,397,398,399,-1,399,398,400,-1,401,402,403,-1,403,402,404,-1,403,404,405,-1,373,375,406,-1,406,375,358,-1,406,358,407,-1,408,409,410,-1,410,409,411,-1,410,411,412,-1,412,411,413,-1,414,415,416,-1,416,415,417,-1,416,417,418,-1,419,420,421,-1,421,420,422,-1,423,424,425,-1,426,427,216,-1,356,388,357,-1,357,388,428,-1,357,428,429,-1,429,428,430,-1,429,430,368,-1,368,430,431,-1,368,431,381,-1,367,432,368,-1,368,432,433,-1,368,433,382,-1,434,435,382,-1,382,435,436,-1,382,436,384,-1,356,437,388,-1,388,437,438,-1,388,438,439,-1,385,387,389,-1,389,387,440,-1,389,440,391,-1,339,441,337,-1,337,441,442,-1,337,442,443,-1,443,442,444,-1,443,444,394,-1,394,444,445,-1,394,445,392,-1,399,446,447,-1,447,446,372,-1,447,372,448,-1,448,372,371,-1,61,449,450,-1,450,451,61,-1,61,451,452,-1,61,452,453,-1,395,454,396,-1,396,454,455,-1,396,455,359,-1,359,455,456,-1,359,456,358,-1,358,456,457,-1,358,457,407,-1,408,458,409,-1,409,458,459,-1,409,459,460,-1,461,462,463,-1,422,464,421,-1,421,464,465,-1,421,465,466,-1,466,465,423,-1,466,423,467,-1,467,423,425,-1,61,468,469,-1,400,470,399,-1,399,470,471,-1,399,471,446,-1,380,472,375,-1,375,472,61,-1,375,61,343,-1,343,61,453,-1,343,453,341,-1,418,473,416,-1,416,473,474,-1,416,474,475,-1,475,474,461,-1,475,461,476,-1,476,461,463,-1,439,477,388,-1,388,477,478,-1,388,478,389,-1,479,480,372,-1,372,480,481,-1,372,481,61,-1,61,481,482,-1,61,482,449,-1,401,483,402,-1,402,483,484,-1,402,484,485,-1,485,484,486,-1,485,486,487,-1,488,489,490,-1,216,61,491,-1,491,61,492,-1,491,493,216,-1,216,493,494,-1,216,494,495,-1,496,216,497,-1,497,216,498,-1,487,486,499,-1,499,486,500,-1,499,500,501,-1,405,502,403,-1,403,502,503,-1,403,503,504,-1,505,403,506,-1,506,403,504,-1,506,504,507,-1,472,508,61,-1,61,508,509,-1,61,509,409,-1,469,510,61,-1,61,510,511,-1,61,511,492,-1,495,512,216,-1,216,512,513,-1,216,513,498,-1,498,513,514,-1,496,515,216,-1,216,515,516,-1,216,516,426,-1,335,337,517,-1,517,337,518,-1,517,518,519,-1,520,521,416,-1,416,521,522,-1,416,522,414,-1,523,517,216,-1,216,517,519,-1,216,519,340,-1,460,524,409,-1,409,524,525,-1,409,525,61,-1,61,525,526,-1,61,526,468,-1,427,527,216,-1,216,527,528,-1,216,528,529,-1,479,372,500,-1,500,372,530,-1,500,530,501,-1,344,531,346,-1,346,531,293,-1,346,293,490,-1,490,293,340,-1,490,340,488,-1,488,340,403,-1,488,403,532,-1,532,403,505,-1,533,534,535,-1,535,534,536,-1,535,536,513,-1,513,536,521,-1,513,521,514,-1,514,521,520,-1,424,423,535,-1,535,423,537,-1,535,537,533,-1,538,539,216,-1,216,539,540,-1,216,540,523,-1,529,541,216,-1,216,541,542,-1,216,542,538,-1,543,544,283,-1,283,544,214,-1,283,214,241,-1,241,214,38,-1,241,38,545,-1,545,38,37,-1,546,547,61,-1,548,549,550,-1,551,552,44,-1,553,554,555,-1,556,251,557,-1,557,251,558,-1,61,559,560,-1,561,562,44,-1,44,552,545,-1,545,552,563,-1,545,563,564,-1,565,566,547,-1,567,568,61,-1,61,568,569,-1,61,569,559,-1,555,554,570,-1,570,554,571,-1,570,571,572,-1,573,574,564,-1,564,574,575,-1,564,575,545,-1,545,575,576,-1,545,576,241,-1,577,578,216,-1,216,578,579,-1,216,579,61,-1,61,579,580,-1,61,580,546,-1,566,581,547,-1,547,581,582,-1,547,582,61,-1,61,582,583,-1,61,583,584,-1,585,586,587,-1,587,586,588,-1,587,588,589,-1,589,590,587,-1,587,590,591,-1,587,591,592,-1,558,251,555,-1,555,251,593,-1,555,593,553,-1,561,44,594,-1,594,44,61,-1,594,61,550,-1,550,61,560,-1,550,560,548,-1,556,595,251,-1,251,595,596,-1,251,596,597,-1,562,598,44,-1,44,598,599,-1,44,599,600,-1,600,601,44,-1,44,601,602,-1,44,602,551,-1,603,604,216,-1,216,604,605,-1,216,605,577,-1,597,606,251,-1,251,606,607,-1,251,607,252,-1,549,608,550,-1,550,608,609,-1,550,609,610,-1,610,609,611,-1,610,611,612,-1,612,611,613,-1,612,613,614,-1,614,613,570,-1,614,570,615,-1,615,570,572,-1,616,617,547,-1,547,617,618,-1,547,618,565,-1,619,620,61,-1,61,620,621,-1,61,621,567,-1,585,587,547,-1,547,587,622,-1,547,622,616,-1,584,623,61,-1,61,623,624,-1,61,624,625,-1,625,626,61,-1,61,626,627,-1,61,627,619,-1,227,628,216,-1,216,628,629,-1,216,629,630,-1,630,631,216,-1,216,631,632,-1,216,632,603,-1,633,634,635,-1,635,634,636,-1,635,636,279,-1,279,636,637,-1,279,637,277,-1,15,638,20,-1,20,638,36,-1,638,639,36,-1,36,639,33,-1,639,640,33,-1,33,640,34,-1,640,641,34,-1,34,641,35,-1,641,545,35,-1,35,545,37,-1,15,13,638,-1,638,13,41,-1,638,41,639,-1,44,545,640,-1,640,545,641,-1,639,41,640,-1,640,41,43,-1,640,43,44,-1,
        ]
    }
}
Shape{
    appearance Appearance {
        material  Material 	{
            diffuseColor 0.792156862745098 0.8196078431372549 0.9333333333333333
            specularColor 0.396078431372549 0.4117647058823529 0.4666666666666667
            ambientIntensity 0.8244
            transparency 0.0
            shininess 0.5
        }
    }
    geometry IndexedFaceSet {
        ccw TRUE
        solid FALSE
        coord DEF co Coordinate {
            point [
                2.1457 0.4526 0.3937, 2.1457 0.6106 0.3937, 2.1457 0.4526 0.1575, 2.1457 0.6106 0.1575, 2.0866 0.3935 0.3937, 2.0866 0.3935 0.1575, 2.0866 0.1179 0.3937, 2.0866 0.1179 0.1575, 2.0472 0.0786 0.3937, 2.0472 0.0786 0.1575
            ]
        }
        coordIndex [
            0,1,2,-1,2,1,3,-1,4,0,5,-1,5,0,2,-1,6,4,7,-1,7,4,5,-1,8,6,9,-1,9,6,7,-1,
        ]
    }
}
Shape{
    appearance Appearance {
        material  Material 	{
            diffuseColor 0.6784313725490196 0.6784313725490196 0.6784313725490196
            specularColor 0.047058823529411764 0.047058823529411764 0.047058823529411764
            ambientIntensity 0.9686
            transparency 0.0
            shininess 0.5
        }
    }
    geometry IndexedFaceSet {
        ccw TRUE
        solid FALSE
        coord DEF co Coordinate {
            point [
                -1.9685 0.0786 0.1575, -2.0472 0.0786 0.1575, -1.9685 0.0786 0.2559, -2.0472 0.0786 0.3937, 2.0472 0.0786 0.1575, 1.9685 0.0786 0.1575, 2.0472 0.0786 0.3937, 1.9685 0.0786 0.2559, 1.9016 0.0786 0.2559, 1.8386 0.0786 0.2559, 1.7047 0.0786 0.2559, 1.8386 0.0786 0.3353, 1.7047 0.0786 0.3353, 0.8543 0.0786 0.3353, 0.8543 0.0786 0.2559, 0.7205 0.0786 0.2559, 1.9016 0.0786 0.3353, 1.6417 0.0786 0.3353, 1.6417 0.0786 0.2559, 1.5079 0.0786 0.2559, 1.5079 0.0786 0.3353, 1.4449 0.0786 0.3353, 0.4606 0.0786 0.3353, 0.4606 0.0786 0.2559, 0.3268 0.0786 0.2559, 1.4449 0.0786 0.2559, 1.311 0.0786 0.2559, 1.311 0.0786 0.3353, 1.248 0.0786 0.3353, 1.248 0.0786 0.2559, 1.1142 0.0786 0.2559, 1.1142 0.0786 0.3353, 1.0512 0.0786 0.3353, 0.7205 0.0786 0.3353, 0.6575 0.0786 0.3353, 0.0669 0.0786 0.3353, 0.0669 0.0786 0.2559, -0.0669 0.0786 0.2559, 0.9173 0.0786 0.3353, 0.9173 0.0786 0.2559, 1.0512 0.0786 0.2559, 0.3268 0.0786 0.3353, 0.2638 0.0786 0.3353, 0.5236 0.0786 0.3353, 0.5236 0.0786 0.2559, 0.6575 0.0786 0.2559, -0.0669 0.0786 0.3353, -0.1299 0.0786 0.3353, -0.3268 0.0786 0.3353, -0.3268 0.0786 0.2559, -0.4606 0.0786 0.2559, 0.1299 0.0786 0.3353, 0.1299 0.0786 0.2559, 0.2638 0.0786 0.2559, -0.4606 0.0786 0.3353, -0.5236 0.0786 0.3353, -0.1299 0.0786 0.2559, -0.2638 0.0786 0.2559, -0.2638 0.0786 0.3353, -0.7205 0.0786 0.3353, -0.7205 0.0786 0.2559, -0.8543 0.0786 0.2559, -0.8543 0.0786 0.3353, -0.9173 0.0786 0.3353, -0.6575 0.0786 0.3353, -0.6575 0.0786 0.2559, -0.5236 0.0786 0.2559, -1.1142 0.0786 0.3353, -1.1142 0.0786 0.2559, -1.248 0.0786 0.2559, -1.248 0.0786 0.3353, -1.311 0.0786 0.3353, -1.0512 0.0786 0.3353, -1.0512 0.0786 0.2559, -0.9173 0.0786 0.2559, -1.5079 0.0786 0.3353, -1.5079 0.0786 0.2559, -1.6417 0.0786 0.2559, -1.6417 0.0786 0.3353, -1.7047 0.0786 0.3353, -1.4449 0.0786 0.3353, -1.4449 0.0786 0.2559, -1.311 0.0786 0.2559, -1.9016 0.0786 0.2559, -1.9016 0.0786 0.3353, -1.8386 0.0786 0.3353, -1.8386 0.0786 0.2559, -1.7047 0.0786 0.2559, 2.1457 0.6106 0.1575, 1.9685 0.6106 0.1575, 2.1457 0.4526 0.1575, 1.9685 0.4532 0.1575, 2.0866 0.3935 0.1575, 1.9016 0.4532 0.1575, 1.9016 -0.728 0.1575, 1.9685 -0.728 0.1575, 2.0866 0.1179 0.1575, 1.8386 -0.728 0.2559, 1.8386 -0.7673 0.2953, 1.8386 -0.7673 0.315, 1.9016 -0.728 0.2559, 1.9016 -0.7673 0.2953, 1.9016 -0.7673 0.315, 1.9685 -0.728 0.2559, 1.9685 -0.7673 0.2953, 1.7047 -0.728 0.2559, 1.7047 -0.7673 0.2953, 1.6417 -0.728 0.2559, 1.6417 -0.7673 0.2953, 1.6417 -0.7673 0.315, 1.7047 -0.7673 0.315, 1.5079 -0.728 0.2559, 1.5079 -0.7673 0.2953, 1.4449 -0.728 0.2559, 1.4449 -0.7673 0.2953, 1.4449 -0.7673 0.315, 1.5079 -0.7673 0.315, 1.311 -0.728 0.2559, 1.311 -0.7673 0.2953, 1.248 -0.728 0.2559, 1.248 -0.7673 0.2953, 1.248 -0.7673 0.315, 1.311 -0.7673 0.315, 1.1142 -0.728 0.2559, 1.1142 -0.7673 0.2953, -1.9685 0.6106 0.0433, -1.9685 0.6106 0.1575, -1.9685 0.5319 0.0433, -1.9685 0.4532 0.1575, -1.9685 0.5319 0.0197, -1.9685 0.4532 0.0197, -2.1457 0.6106 0.1575, -2.3031 0.6106 0.0433, -2.1457 0.6106 0.3937, -2.3031 0.6106 0.3937, -1.9685 -0.728 0.1575, -1.9685 -0.728 0.2559, -1.9685 -0.7673 0.1181, -1.9685 -0.7673 0.2953, -2.3031 -0.5311 0.3937, -2.3031 0.5319 0.0433, -2.3031 -0.2161 0.0394, -2.3031 -0.3352 0.0394, -2.3031 -0.3352 0.0787, -2.3031 0.5319 0.0197, -2.3031 0.0046 0.0197, -2.3031 -0.5311 0.2747, -2.3031 -0.2161 0.0197, -2.1063 -0.5311 0.2747, -2.1063 -0.5311 0.3937, -2.1063 -0.3352 0.0787, -2.1063 -0.3352 0.0394, -2.1063 -0.2161 0.0394, -2.1063 -0.2161 0.0197, -2.1063 -0.7673 0.0197, -2.1063 -0.7673 0.3346, -2.1063 -0.6492 0.3346, -2.1063 -0.6492 0.3937
            ]
        }
        coordIndex [
            0,1,2,-1,2,1,3,-1,4,5,6,-1,6,5,7,-1,6,7,8,-1,9,10,11,-1,11,10,12,-1,13,14,15,-1,8,16,6,-1,6,16,11,-1,6,11,3,-1,3,11,12,-1,3,12,17,-1,18,19,17,-1,17,19,20,-1,17,20,3,-1,3,20,21,-1,22,23,24,-1,25,26,21,-1,21,26,27,-1,21,27,3,-1,3,27,28,-1,29,30,28,-1,28,30,31,-1,28,31,3,-1,3,31,32,-1,3,33,34,-1,35,36,37,-1,15,33,13,-1,13,33,3,-1,13,3,38,-1,38,3,32,-1,38,32,39,-1,39,32,40,-1,41,42,3,-1,24,41,22,-1,22,41,3,-1,22,3,43,-1,43,3,34,-1,43,34,44,-1,44,34,45,-1,46,47,3,-1,48,49,50,-1,37,46,35,-1,35,46,3,-1,35,3,51,-1,51,3,42,-1,51,42,52,-1,52,42,53,-1,54,55,3,-1,56,57,47,-1,47,57,58,-1,47,58,3,-1,3,58,48,-1,3,48,54,-1,54,48,50,-1,59,60,61,-1,62,63,3,-1,61,62,59,-1,59,62,3,-1,59,3,64,-1,64,3,55,-1,64,55,65,-1,65,55,66,-1,67,68,69,-1,70,71,3,-1,69,70,67,-1,67,70,3,-1,67,3,72,-1,72,3,63,-1,72,63,73,-1,73,63,74,-1,75,76,77,-1,78,79,3,-1,77,78,75,-1,75,78,3,-1,75,3,80,-1,80,3,71,-1,80,71,81,-1,81,71,82,-1,83,2,84,-1,84,2,3,-1,84,3,85,-1,85,3,79,-1,85,79,86,-1,86,79,87,-1,88,89,90,-1,90,89,91,-1,90,91,92,-1,91,93,5,-1,5,93,94,-1,5,94,95,-1,92,91,96,-1,96,91,5,-1,96,5,4,-1,97,9,98,-1,98,9,11,-1,98,11,99,-1,8,100,16,-1,16,100,101,-1,16,101,102,-1,102,99,16,-1,16,99,11,-1,103,100,7,-1,7,100,8,-1,104,101,103,-1,103,101,100,-1,97,105,9,-1,9,105,10,-1,106,105,98,-1,98,105,97,-1,107,18,108,-1,108,18,17,-1,108,17,109,-1,10,105,12,-1,12,105,106,-1,12,106,110,-1,110,109,12,-1,12,109,17,-1,107,111,18,-1,18,111,19,-1,112,111,108,-1,108,111,107,-1,113,25,114,-1,114,25,21,-1,114,21,115,-1,19,111,20,-1,20,111,112,-1,20,112,116,-1,116,115,20,-1,20,115,21,-1,113,117,25,-1,25,117,26,-1,118,117,114,-1,114,117,113,-1,119,29,120,-1,120,29,28,-1,120,28,121,-1,26,117,27,-1,27,117,118,-1,27,118,122,-1,122,121,27,-1,27,121,28,-1,119,123,29,-1,29,123,30,-1,124,123,120,-1,120,123,119,-1,125,126,127,-1,127,126,128,-1,127,128,129,-1,129,128,130,-1,126,125,131,-1,131,125,132,-1,131,132,133,-1,133,132,134,-1,0,2,135,-1,135,2,136,-1,135,136,137,-1,137,136,138,-1,134,132,139,-1,139,132,140,-1,141,142,143,-1,140,144,145,-1,146,139,143,-1,143,139,140,-1,143,140,141,-1,141,140,145,-1,141,145,147,-1,144,140,129,-1,129,140,127,-1,140,132,127,-1,127,132,125,-1,148,149,146,-1,146,149,139,-1,150,148,143,-1,143,148,146,-1,151,150,142,-1,142,150,143,-1,152,151,141,-1,141,151,142,-1,153,152,147,-1,147,152,141,-1,151,152,153,-1,153,154,151,-1,151,154,155,-1,151,155,156,-1,150,151,148,-1,148,151,156,-1,148,156,149,-1,149,156,157,-1,
        ]
    }
}
Shape{
    appearance Appearance {
        material  Material 	{
            diffuseColor 0.792156862745098 0.8196078431372549 0.9333333333333333
            specularColor 0.396078431372549 0.4117647058823529 0.4666666666666667
            ambientIntensity 0.8244
            transparency 0.0
            shininess 0.5
        }
    }
    geometry IndexedFaceSet {
        ccw TRUE
        solid FALSE
        coord DEF co Coordinate {
            point [
                -2.1457 0.6106 0.3937, -2.1457 0.4526 0.3937, -2.1457 0.6106 0.1575, -2.1457 0.4526 0.1575, -2.0866 0.3935 0.3937, -2.0866 0.3935 0.1575, -2.0866 0.1179 0.3937, -2.0866 0.1179 0.1575, -2.0472 0.0786 0.3937, -2.0472 0.0786 0.1575
            ]
        }
        coordIndex [
            0,1,2,-1,2,1,3,-1,1,4,3,-1,3,4,5,-1,4,6,5,-1,5,6,7,-1,6,8,7,-1,7,8,9,-1,
        ]
    }
}
Shape{
    appearance Appearance {
        material  Material 	{
            diffuseColor 0.6784313725490196 0.6784313725490196 0.6784313725490196
            specularColor 0.047058823529411764 0.047058823529411764 0.047058823529411764
            ambientIntensity 0.9686
            transparency 0.0
            shininess 0.5
        }
    }
    geometry IndexedFaceSet {
        ccw TRUE
        solid FALSE
        coord DEF co Coordinate {
            point [
                -1.9685 0.0786 0.1575, -1.9685 -0.728 0.1575, -1.9016 -0.728 0.1575, -2.0866 0.1179 0.1575, -2.0472 0.0786 0.1575, -2.0866 0.3935 0.1575, -1.9685 0.4532 0.1575, -2.1457 0.4526 0.1575, -1.9685 0.6106 0.1575, -2.1457 0.6106 0.1575, -1.9016 0.4532 0.1575, 1.248 -0.7673 0.0787, 1.311 -0.7673 0.0787, 1.248 0.3311 0.0787, 1.311 0.3311 0.0787, 1.1142 0.4532 0.0197, 1.1142 0.4532 0.1575, 1.248 0.4532 0.0197, 1.248 0.4532 0.1575, 1.1142 -0.728 0.1575, 1.248 -0.728 0.1575, 1.311 0.4532 0.1575, 1.4449 0.4532 0.1575, 1.311 0.4532 0.0197, 1.4449 0.4532 0.0197, 1.311 -0.728 0.1575, 1.4449 -0.728 0.1575, 1.248 0.3902 0.0197, 1.248 -0.7673 0.1181, 1.311 -0.7673 0.1181, 1.311 0.3902 0.0197, 1.4449 -0.7673 0.1181, 1.1142 -0.7673 0.1181, 1.4449 -0.7673 0.0787, 1.5079 -0.7673 0.0787, 1.4449 0.3311 0.0787, 1.5079 0.3311 0.0787, 1.5079 0.4532 0.1575, 1.6417 0.4532 0.1575, 1.5079 0.4532 0.0197, 1.6417 0.4532 0.0197, 1.5079 -0.728 0.1575, 1.6417 -0.728 0.1575, 1.4449 0.3902 0.0197, 1.5079 -0.7673 0.1181, 1.5079 0.3902 0.0197, 1.6417 -0.7673 0.1181, 1.6417 -0.7673 0.0787, 1.7047 -0.7673 0.0787, 1.6417 0.3311 0.0787, 1.7047 0.3311 0.0787, 1.7047 0.4532 0.1575, 1.8386 0.4532 0.1575, 1.7047 0.4532 0.0197, 1.8386 0.4532 0.0197, 1.7047 -0.728 0.1575, 1.8386 -0.728 0.1575, 1.6417 0.3902 0.0197, 1.7047 -0.7673 0.1181, 1.7047 0.3902 0.0197, 1.8386 -0.7673 0.1181, 1.8386 -0.7673 0.0787, 1.9016 -0.7673 0.0787, 1.8386 0.3311 0.0787, 1.9016 0.3311 0.0787, 1.9016 0.4532 0.1575, 1.9685 0.4532 0.1575, 1.9016 0.4532 0.0197, 1.9685 0.4532 0.0197, 1.8386 0.3902 0.0197, 1.9016 -0.7673 0.1181, 1.9016 0.3902 0.0197, 1.9016 -0.728 0.1575, 1.9685 -0.728 0.1575, 1.9685 -0.7673 0.1181
            ]
        }
        coordIndex [
            0,1,2,-1,3,4,0,-1,5,6,7,-1,7,6,8,-1,7,8,9,-1,5,3,6,-1,6,3,0,-1,6,0,10,-1,10,0,2,-1,11,12,13,-1,13,12,14,-1,15,16,17,-1,17,16,18,-1,19,20,16,-1,16,20,18,-1,21,22,23,-1,23,22,24,-1,25,26,21,-1,21,26,22,-1,13,27,17,-1,28,11,20,-1,20,11,13,-1,20,13,18,-1,18,13,17,-1,14,12,29,-1,23,30,21,-1,21,30,14,-1,21,14,25,-1,25,14,29,-1,26,25,31,-1,31,25,29,-1,19,32,20,-1,20,32,28,-1,13,14,27,-1,27,14,30,-1,33,34,35,-1,35,34,36,-1,37,38,39,-1,39,38,40,-1,41,42,37,-1,37,42,38,-1,35,43,24,-1,31,33,26,-1,26,33,35,-1,26,35,22,-1,22,35,24,-1,36,34,44,-1,39,45,37,-1,37,45,36,-1,37,36,41,-1,41,36,44,-1,42,41,46,-1,46,41,44,-1,35,36,43,-1,43,36,45,-1,47,48,49,-1,49,48,50,-1,51,52,53,-1,53,52,54,-1,55,56,51,-1,51,56,52,-1,49,57,40,-1,46,47,42,-1,42,47,49,-1,42,49,38,-1,38,49,40,-1,50,48,58,-1,53,59,51,-1,51,59,50,-1,51,50,55,-1,55,50,58,-1,56,55,60,-1,60,55,58,-1,49,50,57,-1,57,50,59,-1,61,62,63,-1,63,62,64,-1,65,66,67,-1,67,66,68,-1,63,69,54,-1,60,61,56,-1,56,61,63,-1,56,63,52,-1,52,63,54,-1,64,62,70,-1,67,71,65,-1,65,71,64,-1,65,64,72,-1,72,64,70,-1,73,72,74,-1,74,72,70,-1,
        ]
    }
}
Shape{
    appearance Appearance {
        material  Material 	{
            diffuseColor 0.792156862745098 0.8196078431372549 0.9333333333333333
            specularColor 0.396078431372549 0.4117647058823529 0.4666666666666667
            ambientIntensity 0.8244
            transparency 0.0
            shininess 0.5
        }
    }
    geometry IndexedFaceSet {
        ccw TRUE
        solid FALSE
        coord DEF co Coordinate {
            point [
                1.8386 0.3311 0.0787, 1.9016 0.3311 0.0787, 1.8386 0.3902 0.0197, 1.9016 0.3902 0.0197
            ]
        }
        coordIndex [
            0,1,2,-1,2,1,3,-1,
        ]
    }
}
Shape{
    appearance Appearance {
        material  Material 	{
            diffuseColor 0.6784313725490196 0.6784313725490196 0.6784313725490196
            specularColor 0.047058823529411764 0.047058823529411764 0.047058823529411764
            ambientIntensity 0.9686
            transparency 0.0
            shininess 0.5
        }
    }
    geometry IndexedFaceSet {
        ccw TRUE
        solid FALSE
        coord DEF co Coordinate {
            point [
                1.0512 -0.7673 0.0787, 1.1142 -0.7673 0.0787, 1.0512 0.3311 0.0787, 1.1142 0.3311 0.0787, 0.9173 0.4532 0.0197, 0.9173 0.4532 0.1575, 1.0512 0.4532 0.0197, 1.0512 0.4532 0.1575, 0.9173 -0.728 0.1575, 1.0512 -0.728 0.1575, 1.0512 0.3902 0.0197, 1.0512 -0.7673 0.1181, 1.1142 -0.7673 0.1181, 1.1142 0.4532 0.0197, 1.1142 0.3902 0.0197, 1.1142 0.4532 0.1575, 1.1142 -0.728 0.1575, 0.9173 -0.7673 0.1181, 0.8543 -0.7673 0.0787, 0.9173 -0.7673 0.0787, 0.8543 0.3311 0.0787, 0.9173 0.3311 0.0787, 0.7205 0.4532 0.0197, 0.7205 0.4532 0.1575, 0.8543 0.4532 0.0197, 0.8543 0.4532 0.1575, 0.7205 -0.728 0.1575, 0.8543 -0.728 0.1575, 0.8543 0.3902 0.0197, 0.8543 -0.7673 0.1181, 0.9173 0.3902 0.0197, 0.7205 -0.7673 0.1181, 0.6575 -0.7673 0.0787, 0.7205 -0.7673 0.0787, 0.6575 0.3311 0.0787, 0.7205 0.3311 0.0787, 0.5236 0.4532 0.0197, 0.5236 0.4532 0.1575, 0.6575 0.4532 0.0197, 0.6575 0.4532 0.1575, 0.5236 -0.728 0.1575, 0.6575 -0.728 0.1575, 0.6575 0.3902 0.0197, 0.6575 -0.7673 0.1181, 0.7205 0.3902 0.0197, 0.5236 -0.7673 0.1181, 0.4606 -0.7673 0.0787, 0.5236 -0.7673 0.0787, 0.4606 0.3311 0.0787, 0.5236 0.3311 0.0787, 0.3268 0.4532 0.0197, 0.3268 0.4532 0.1575, 0.4606 0.4532 0.0197, 0.4606 0.4532 0.1575, 0.3268 -0.728 0.1575, 0.4606 -0.728 0.1575, 0.4606 0.3902 0.0197, 0.4606 -0.7673 0.1181, 0.5236 0.3902 0.0197, 0.3268 -0.7673 0.1181, 0.2638 -0.7673 0.0787, 0.3268 -0.7673 0.0787, 0.2638 0.3311 0.0787, 0.3268 0.3311 0.0787, 0.1299 0.4532 0.0197, 0.1299 0.4532 0.1575, 0.2638 0.4532 0.0197, 0.2638 0.4532 0.1575, 0.1299 -0.728 0.1575, 0.2638 -0.728 0.1575, 0.2638 0.3902 0.0197, 0.2638 -0.7673 0.1181, 0.3268 0.3902 0.0197, 0.1299 -0.7673 0.1181, 0.0669 -0.7673 0.0787, 0.1299 -0.7673 0.0787, 0.0669 0.3311 0.0787, 0.1299 0.3311 0.0787, -0.0669 0.4532 0.0197, -0.0669 0.4532 0.1575, -0.0117 0.4532 0.0197, 0.0669 0.4532 0.1575, 0.0669 0.4532 0.0197, -0.0669 -0.728 0.1575, 0.0669 -0.728 0.1575, 0.0669 0.3902 0.0197, 0.0669 -0.7673 0.1181, 0.1299 0.3902 0.0197, -0.0669 -0.7673 0.1181, -0.1299 -0.7673 0.0787, -0.0669 -0.7673 0.0787, -0.1299 0.3311 0.0787, -0.0669 0.3311 0.0787, -0.2638 0.4532 0.0197, -0.2638 0.4532 0.1575, -0.1299 0.4532 0.0197, -0.1299 0.4532 0.1575, -0.2638 -0.728 0.1575, -0.1299 -0.728 0.1575, -0.1299 0.3902 0.0197, -0.1299 -0.7673 0.1181, -0.0669 0.3902 0.0197, -0.2638 -0.7673 0.1181, -0.3268 -0.7673 0.0787, -0.2638 -0.7673 0.0787, -0.3268 0.3311 0.0787, -0.2638 0.3311 0.0787, -0.4606 0.4532 0.0197, -0.4606 0.4532 0.1575, -0.3268 0.4532 0.0197, -0.3268 0.4532 0.1575, -0.4606 -0.728 0.1575, -0.3268 -0.728 0.1575, -0.3268 0.3902 0.0197, -0.3268 -0.7673 0.1181, -0.2638 0.3902 0.0197, -0.4606 -0.7673 0.1181, -0.5236 -0.7673 0.0787, -0.4606 -0.7673 0.0787, -0.5236 0.3311 0.0787, -0.4606 0.3311 0.0787, -0.6575 0.4532 0.0197, -0.6575 0.4532 0.1575, -0.5236 0.4532 0.0197, -0.5236 0.4532 0.1575, -0.6575 -0.728 0.1575, -0.5236 -0.728 0.1575, -0.5236 0.3902 0.0197, -0.5236 -0.7673 0.1181, -0.4606 0.3902 0.0197, -0.6575 -0.7673 0.1181, -0.9173 -0.7673 0.0787, -0.8543 -0.7673 0.0787, -0.9173 0.3311 0.0787, -0.8543 0.3311 0.0787, -1.0512 0.4532 0.0197, -1.0512 0.4532 0.1575, -0.9173 0.4532 0.0197, -0.9173 0.4532 0.1575, -1.0512 -0.728 0.1575, -0.9173 -0.728 0.1575, -0.8543 0.4532 0.1575, -0.7205 0.4532 0.1575, -0.8543 0.4532 0.0197, -0.7205 0.4532 0.0197, -0.8543 -0.728 0.1575, -0.7205 -0.728 0.1575, -0.9173 0.3902 0.0197, -0.9173 -0.7673 0.1181, -0.8543 -0.7673 0.1181, -0.8543 0.3902 0.0197, -0.7205 -0.7673 0.1181, -1.0512 -0.7673 0.1181, -0.7205 -0.7673 0.0787, -0.6575 -0.7673 0.0787, -0.7205 0.3311 0.0787, -0.6575 0.3311 0.0787, -0.7205 0.3902 0.0197, -0.6575 0.3902 0.0197, -1.1142 -0.7673 0.0787, -1.0512 -0.7673 0.0787, -1.1142 0.3311 0.0787, -1.0512 0.3311 0.0787, -1.248 0.4532 0.0197, -1.248 0.4532 0.1575, -1.1142 0.4532 0.0197, -1.1142 0.4532 0.1575, -1.248 -0.728 0.1575, -1.1142 -0.728 0.1575, -1.1142 0.3902 0.0197, -1.1142 -0.7673 0.1181, -1.0512 0.3902 0.0197, -1.248 -0.7673 0.1181, -1.311 -0.7673 0.0787, -1.248 -0.7673 0.0787, -1.311 0.3311 0.0787, -1.248 0.3311 0.0787, -1.4449 0.4532 0.0197, -1.4449 0.4532 0.1575, -1.311 0.4532 0.0197, -1.311 0.4532 0.1575, -1.4449 -0.728 0.1575, -1.311 -0.728 0.1575, -1.311 0.3902 0.0197, -1.311 -0.7673 0.1181, -1.248 0.3902 0.0197, -1.4449 -0.7673 0.1181, -1.7047 -0.7673 0.0787, -1.6417 -0.7673 0.0787, -1.7047 0.3311 0.0787, -1.6417 0.3311 0.0787, -1.8386 0.4532 0.0197, -1.8386 0.4532 0.1575, -1.7047 0.4532 0.0197, -1.7047 0.4532 0.1575, -1.8386 -0.728 0.1575, -1.7047 -0.728 0.1575, -1.6417 0.4532 0.1575, -1.5079 0.4532 0.1575, -1.6417 0.4532 0.0197, -1.5079 0.4532 0.0197, -1.6417 -0.728 0.1575, -1.5079 -0.728 0.1575, -1.7047 0.3902 0.0197, -1.7047 -0.7673 0.1181, -1.6417 -0.7673 0.1181, -1.6417 0.3902 0.0197, -1.5079 -0.7673 0.1181, -1.8386 -0.7673 0.1181, -1.9016 -0.7673 0.0787, -1.8386 -0.7673 0.0787, -1.9016 0.3311 0.0787, -1.8386 0.3311 0.0787, -1.9685 0.4532 0.0197, -1.9685 0.4532 0.1575, -1.9016 0.4532 0.0197, -1.9016 0.4532 0.1575, -1.9016 0.3902 0.0197, -1.9016 -0.7673 0.1181, -1.9016 -0.728 0.1575, -1.8386 0.3902 0.0197, -1.9685 -0.728 0.1575, -1.9685 -0.7673 0.1181, -1.5079 -0.7673 0.0787, -1.4449 -0.7673 0.0787, -1.5079 0.3311 0.0787, -1.4449 0.3311 0.0787, -1.5079 0.3902 0.0197, -1.4449 0.3902 0.0197, 0.4606 -0.728 0.2559, 0.4606 0.0786 0.2559, 0.4606 -0.7673 0.2953, 0.4606 0.0786 0.3353, 0.4606 -0.7673 0.315, 0.5236 0.0786 0.2559, 0.5236 -0.728 0.2559, 0.5236 0.0786 0.3353, 0.5236 -0.7673 0.2953, 0.5236 -0.7673 0.315, 0.6575 -0.728 0.2559, 0.6575 0.0786 0.2559, 0.6575 -0.7673 0.2953, 0.3268 -0.728 0.2559, 0.3268 0.0786 0.2559, 0.3268 -0.7673 0.2953, 0.6575 0.0786 0.3353, 0.6575 -0.7673 0.315, 0.7205 0.0786 0.2559, 0.7205 -0.728 0.2559, 0.7205 0.0786 0.3353, 0.7205 -0.7673 0.2953, 0.7205 -0.7673 0.315, 0.8543 -0.728 0.2559, 0.8543 0.0786 0.2559, 0.8543 -0.7673 0.2953, 0.8543 0.0786 0.3353, 0.8543 -0.7673 0.315, 0.9173 0.0786 0.2559, 0.9173 -0.728 0.2559, 0.9173 0.0786 0.3353, 0.9173 -0.7673 0.2953, 0.9173 -0.7673 0.315, 1.0512 -0.728 0.2559, 1.0512 0.0786 0.2559, 1.0512 -0.7673 0.2953, 1.0512 0.0786 0.3353, 1.0512 -0.7673 0.315, 1.1142 0.0786 0.2559, 1.1142 -0.728 0.2559, 1.1142 0.0786 0.3353, 1.1142 -0.7673 0.2953, 1.1142 -0.7673 0.315, 0.2638 -0.728 0.2559, 0.2638 0.0786 0.2559, 0.2638 -0.7673 0.2953, 0.2638 0.0786 0.3353, 0.2638 -0.7673 0.315, 0.3268 0.0786 0.3353, 0.3268 -0.7673 0.315, 0.1299 -0.728 0.2559, 0.1299 0.0786 0.2559, 0.1299 -0.7673 0.2953, 0.0669 -0.728 0.2559, 0.0669 0.0786 0.2559, 0.0669 -0.7673 0.2953, 0.0669 0.0786 0.3353, 0.0669 -0.7673 0.315, 0.1299 0.0786 0.3353, 0.1299 -0.7673 0.315, -0.0669 -0.728 0.2559, -0.0669 0.0786 0.2559, -0.0669 -0.7673 0.2953, -0.1299 -0.728 0.2559, -0.1299 0.0786 0.2559, -0.1299 -0.7673 0.2953, -0.1299 0.0786 0.3353, -0.1299 -0.7673 0.315, -0.0669 0.0786 0.3353, -0.0669 -0.7673 0.315, -0.2638 -0.728 0.2559, -0.2638 0.0786 0.2559, -0.2638 -0.7673 0.2953, -0.3268 -0.728 0.2559, -0.3268 0.0786 0.2559, -0.3268 -0.7673 0.2953, -0.3268 0.0786 0.3353, -0.3268 -0.7673 0.315, -0.2638 0.0786 0.3353, -0.2638 -0.7673 0.315, -0.4606 -0.728 0.2559, -0.4606 0.0786 0.2559, -0.4606 -0.7673 0.2953, -0.5236 -0.728 0.2559, -0.5236 0.0786 0.2559, -0.5236 -0.7673 0.2953, -0.5236 0.0786 0.3353, -0.5236 -0.7673 0.315, -0.4606 0.0786 0.3353, -0.4606 -0.7673 0.315, -0.6575 -0.728 0.2559, -0.6575 0.0786 0.2559, -0.6575 -0.7673 0.2953, -0.7205 -0.728 0.2559, -0.7205 0.0786 0.2559, -0.7205 -0.7673 0.2953, -0.7205 0.0786 0.3353, -0.7205 -0.7673 0.315, -0.6575 0.0786 0.3353, -0.6575 -0.7673 0.315, -0.8543 -0.728 0.2559, -0.8543 0.0786 0.2559, -0.8543 -0.7673 0.2953, -0.9173 -0.728 0.2559, -0.9173 0.0786 0.2559, -0.9173 -0.7673 0.2953, -0.9173 0.0786 0.3353, -0.9173 -0.7673 0.315, -0.8543 0.0786 0.3353, -0.8543 -0.7673 0.315, -1.0512 -0.728 0.2559, -1.0512 0.0786 0.2559, -1.0512 -0.7673 0.2953, -1.1142 -0.728 0.2559, -1.1142 0.0786 0.2559, -1.1142 -0.7673 0.2953, -1.1142 0.0786 0.3353, -1.1142 -0.7673 0.315, -1.0512 0.0786 0.3353, -1.0512 -0.7673 0.315, -1.248 -0.728 0.2559, -1.248 0.0786 0.2559, -1.248 -0.7673 0.2953, -1.311 -0.728 0.2559, -1.311 0.0786 0.2559, -1.311 -0.7673 0.2953, -1.311 0.0786 0.3353, -1.311 -0.7673 0.315, -1.248 0.0786 0.3353, -1.248 -0.7673 0.315, -1.4449 -0.728 0.2559, -1.4449 0.0786 0.2559, -1.4449 -0.7673 0.2953, -1.5079 -0.728 0.2559, -1.5079 0.0786 0.2559, -1.5079 -0.7673 0.2953, -1.5079 0.0786 0.3353, -1.5079 -0.7673 0.315, -1.4449 0.0786 0.3353, -1.4449 -0.7673 0.315, -1.6417 -0.728 0.2559, -1.6417 0.0786 0.2559, -1.6417 -0.7673 0.2953, -1.7047 -0.728 0.2559, -1.7047 0.0786 0.2559, -1.7047 -0.7673 0.2953, -1.7047 0.0786 0.3353, -1.7047 -0.7673 0.315, -1.6417 0.0786 0.3353, -1.6417 -0.7673 0.315, -1.8386 -0.728 0.2559, -1.8386 0.0786 0.2559, -1.8386 -0.7673 0.2953, -1.9016 -0.728 0.2559, -1.9016 0.0786 0.2559, -1.9016 -0.7673 0.2953, -1.9016 0.0786 0.3353, -1.9016 -0.7673 0.315, -1.8386 0.0786 0.3353, -1.8386 -0.7673 0.315, -1.9685 -0.728 0.2559, -1.9685 0.0786 0.2559, -1.9685 -0.7673 0.2953
            ]
        }
        coordIndex [
            0,1,2,-1,2,1,3,-1,4,5,6,-1,6,5,7,-1,8,9,5,-1,5,9,7,-1,2,10,6,-1,11,0,9,-1,9,0,2,-1,9,2,7,-1,7,2,6,-1,3,1,12,-1,13,14,15,-1,15,14,3,-1,15,3,16,-1,16,3,12,-1,8,17,9,-1,9,17,11,-1,2,3,10,-1,10,3,14,-1,18,19,20,-1,20,19,21,-1,22,23,24,-1,24,23,25,-1,26,27,23,-1,23,27,25,-1,20,28,24,-1,29,18,27,-1,27,18,20,-1,27,20,25,-1,25,20,24,-1,21,19,17,-1,4,30,5,-1,5,30,21,-1,5,21,8,-1,8,21,17,-1,26,31,27,-1,27,31,29,-1,20,21,28,-1,28,21,30,-1,32,33,34,-1,34,33,35,-1,36,37,38,-1,38,37,39,-1,40,41,37,-1,37,41,39,-1,34,42,38,-1,43,32,41,-1,41,32,34,-1,41,34,39,-1,39,34,38,-1,35,33,31,-1,22,44,23,-1,23,44,35,-1,23,35,26,-1,26,35,31,-1,40,45,41,-1,41,45,43,-1,34,35,42,-1,42,35,44,-1,46,47,48,-1,48,47,49,-1,50,51,52,-1,52,51,53,-1,54,55,51,-1,51,55,53,-1,48,56,52,-1,57,46,55,-1,55,46,48,-1,55,48,53,-1,53,48,52,-1,49,47,45,-1,36,58,37,-1,37,58,49,-1,37,49,40,-1,40,49,45,-1,54,59,55,-1,55,59,57,-1,48,49,56,-1,56,49,58,-1,60,61,62,-1,62,61,63,-1,64,65,66,-1,66,65,67,-1,68,69,65,-1,65,69,67,-1,62,70,66,-1,71,60,69,-1,69,60,62,-1,69,62,67,-1,67,62,66,-1,63,61,59,-1,50,72,51,-1,51,72,63,-1,51,63,54,-1,54,63,59,-1,68,73,69,-1,69,73,71,-1,62,63,70,-1,70,63,72,-1,74,75,76,-1,76,75,77,-1,78,79,80,-1,80,79,81,-1,80,81,82,-1,83,84,79,-1,79,84,81,-1,76,85,82,-1,86,74,84,-1,84,74,76,-1,84,76,81,-1,81,76,82,-1,77,75,73,-1,64,87,65,-1,65,87,77,-1,65,77,68,-1,68,77,73,-1,83,88,84,-1,84,88,86,-1,76,77,85,-1,85,77,87,-1,89,90,91,-1,91,90,92,-1,93,94,95,-1,95,94,96,-1,97,98,94,-1,94,98,96,-1,91,99,95,-1,100,89,98,-1,98,89,91,-1,98,91,96,-1,96,91,95,-1,92,90,88,-1,78,101,79,-1,79,101,92,-1,79,92,83,-1,83,92,88,-1,97,102,98,-1,98,102,100,-1,91,92,99,-1,99,92,101,-1,103,104,105,-1,105,104,106,-1,107,108,109,-1,109,108,110,-1,111,112,108,-1,108,112,110,-1,105,113,109,-1,114,103,112,-1,112,103,105,-1,112,105,110,-1,110,105,109,-1,106,104,102,-1,93,115,94,-1,94,115,106,-1,94,106,97,-1,97,106,102,-1,111,116,112,-1,112,116,114,-1,105,106,113,-1,113,106,115,-1,117,118,119,-1,119,118,120,-1,121,122,123,-1,123,122,124,-1,125,126,122,-1,122,126,124,-1,119,127,123,-1,128,117,126,-1,126,117,119,-1,126,119,124,-1,124,119,123,-1,120,118,116,-1,107,129,108,-1,108,129,120,-1,108,120,111,-1,111,120,116,-1,125,130,126,-1,126,130,128,-1,119,120,127,-1,127,120,129,-1,131,132,133,-1,133,132,134,-1,135,136,137,-1,137,136,138,-1,139,140,136,-1,136,140,138,-1,141,142,143,-1,143,142,144,-1,145,146,141,-1,141,146,142,-1,133,147,137,-1,148,131,140,-1,140,131,133,-1,140,133,138,-1,138,133,137,-1,134,132,149,-1,143,150,141,-1,141,150,134,-1,141,134,145,-1,145,134,149,-1,146,145,151,-1,151,145,149,-1,139,152,140,-1,140,152,148,-1,133,134,147,-1,147,134,150,-1,153,154,155,-1,155,154,156,-1,155,157,144,-1,151,153,146,-1,146,153,155,-1,146,155,142,-1,142,155,144,-1,156,154,130,-1,121,158,122,-1,122,158,156,-1,122,156,125,-1,125,156,130,-1,155,156,157,-1,157,156,158,-1,159,160,161,-1,161,160,162,-1,163,164,165,-1,165,164,166,-1,167,168,164,-1,164,168,166,-1,161,169,165,-1,170,159,168,-1,168,159,161,-1,168,161,166,-1,166,161,165,-1,162,160,152,-1,135,171,136,-1,136,171,162,-1,136,162,139,-1,139,162,152,-1,167,172,168,-1,168,172,170,-1,161,162,169,-1,169,162,171,-1,173,174,175,-1,175,174,176,-1,177,178,179,-1,179,178,180,-1,181,182,178,-1,178,182,180,-1,175,183,179,-1,184,173,182,-1,182,173,175,-1,182,175,180,-1,180,175,179,-1,176,174,172,-1,163,185,164,-1,164,185,176,-1,164,176,167,-1,167,176,172,-1,181,186,182,-1,182,186,184,-1,175,176,183,-1,183,176,185,-1,187,188,189,-1,189,188,190,-1,191,192,193,-1,193,192,194,-1,195,196,192,-1,192,196,194,-1,197,198,199,-1,199,198,200,-1,201,202,197,-1,197,202,198,-1,189,203,193,-1,204,187,196,-1,196,187,189,-1,196,189,194,-1,194,189,193,-1,190,188,205,-1,199,206,197,-1,197,206,190,-1,197,190,201,-1,201,190,205,-1,202,201,207,-1,207,201,205,-1,195,208,196,-1,196,208,204,-1,189,190,203,-1,203,190,206,-1,209,210,211,-1,211,210,212,-1,213,214,215,-1,215,214,216,-1,211,217,215,-1,218,209,219,-1,219,209,211,-1,219,211,216,-1,216,211,215,-1,212,210,208,-1,191,220,192,-1,192,220,212,-1,192,212,195,-1,195,212,208,-1,221,222,219,-1,219,222,218,-1,211,212,217,-1,217,212,220,-1,223,224,225,-1,225,224,226,-1,225,227,200,-1,207,223,202,-1,202,223,225,-1,202,225,198,-1,198,225,200,-1,226,224,186,-1,177,228,178,-1,178,228,226,-1,178,226,181,-1,181,226,186,-1,225,226,227,-1,227,226,228,-1,229,230,231,-1,231,230,232,-1,231,232,233,-1,234,235,236,-1,236,235,237,-1,236,237,238,-1,238,233,236,-1,236,233,232,-1,239,235,240,-1,240,235,234,-1,241,237,239,-1,239,237,235,-1,229,242,230,-1,230,242,243,-1,244,242,231,-1,231,242,229,-1,239,240,241,-1,241,240,245,-1,241,245,246,-1,247,248,249,-1,249,248,250,-1,249,250,251,-1,251,246,249,-1,249,246,245,-1,252,248,253,-1,253,248,247,-1,254,250,252,-1,252,250,248,-1,252,253,254,-1,254,253,255,-1,254,255,256,-1,257,258,259,-1,259,258,260,-1,259,260,261,-1,261,256,259,-1,259,256,255,-1,262,258,263,-1,263,258,257,-1,264,260,262,-1,262,260,258,-1,262,263,264,-1,264,263,265,-1,264,265,266,-1,267,268,269,-1,269,268,270,-1,269,270,271,-1,271,266,269,-1,269,266,265,-1,272,273,274,-1,274,273,275,-1,274,275,276,-1,243,242,277,-1,277,242,244,-1,277,244,278,-1,278,276,277,-1,277,276,275,-1,272,279,273,-1,273,279,280,-1,281,279,274,-1,274,279,272,-1,282,283,284,-1,284,283,285,-1,284,285,286,-1,280,279,287,-1,287,279,281,-1,287,281,288,-1,288,286,287,-1,287,286,285,-1,282,289,283,-1,283,289,290,-1,291,289,284,-1,284,289,282,-1,292,293,294,-1,294,293,295,-1,294,295,296,-1,290,289,297,-1,297,289,291,-1,297,291,298,-1,298,296,297,-1,297,296,295,-1,292,299,293,-1,293,299,300,-1,301,299,294,-1,294,299,292,-1,302,303,304,-1,304,303,305,-1,304,305,306,-1,300,299,307,-1,307,299,301,-1,307,301,308,-1,308,306,307,-1,307,306,305,-1,302,309,303,-1,303,309,310,-1,311,309,304,-1,304,309,302,-1,312,313,314,-1,314,313,315,-1,314,315,316,-1,310,309,317,-1,317,309,311,-1,317,311,318,-1,318,316,317,-1,317,316,315,-1,312,319,313,-1,313,319,320,-1,321,319,314,-1,314,319,312,-1,322,323,324,-1,324,323,325,-1,324,325,326,-1,320,319,327,-1,327,319,321,-1,327,321,328,-1,328,326,327,-1,327,326,325,-1,322,329,323,-1,323,329,330,-1,331,329,324,-1,324,329,322,-1,332,333,334,-1,334,333,335,-1,334,335,336,-1,330,329,337,-1,337,329,331,-1,337,331,338,-1,338,336,337,-1,337,336,335,-1,332,339,333,-1,333,339,340,-1,341,339,334,-1,334,339,332,-1,342,343,344,-1,344,343,345,-1,344,345,346,-1,340,339,347,-1,347,339,341,-1,347,341,348,-1,348,346,347,-1,347,346,345,-1,342,349,343,-1,343,349,350,-1,351,349,344,-1,344,349,342,-1,352,353,354,-1,354,353,355,-1,354,355,356,-1,350,349,357,-1,357,349,351,-1,357,351,358,-1,358,356,357,-1,357,356,355,-1,352,359,353,-1,353,359,360,-1,361,359,354,-1,354,359,352,-1,362,363,364,-1,364,363,365,-1,364,365,366,-1,360,359,367,-1,367,359,361,-1,367,361,368,-1,368,366,367,-1,367,366,365,-1,362,369,363,-1,363,369,370,-1,371,369,364,-1,364,369,362,-1,372,373,374,-1,374,373,375,-1,374,375,376,-1,370,369,377,-1,377,369,371,-1,377,371,378,-1,378,376,377,-1,377,376,375,-1,372,379,373,-1,373,379,380,-1,381,379,374,-1,374,379,372,-1,382,383,384,-1,384,383,385,-1,384,385,386,-1,380,379,387,-1,387,379,381,-1,387,381,388,-1,388,386,387,-1,387,386,385,-1,382,389,383,-1,383,389,390,-1,391,389,384,-1,384,389,382,-1,
        ]
    }
}
Shape{
    appearance Appearance {
        material  Material 	{
            diffuseColor 0.792156862745098 0.8196078431372549 0.9333333333333333
            specularColor 0.396078431372549 0.4117647058823529 0.4666666666666667
            ambientIntensity 0.8244
            transparency 0.0
            shininess 0.5
        }
    }
    geometry IndexedFaceSet {
        ccw TRUE
        solid FALSE
        coord DEF co Coordinate {
            point [
                0.115 -0.0199 0.0236, 0.115 -0.0199 0.0197, 0.124 -0.062 0.0236, 0.124 -0.062 0.0197, 0.1107 0.0017 0.0236, 0.1107 0.0017 0.0197, 0.109 0.0085 0.0236, 0.109 0.0085 0.0197, 0.11 0.0046 0.0197, 0.105 0.0028 0.0236, 0.105 0.0028 0.0197, 0.1052 0.0046 0.0197, 0.1054 0.0066 0.0236, 0.1054 0.0066 0.0197, 0.1058 0.0096 0.0197, 0.1058 0.0096 0.0236, 0.106 0.0103 0.0197, 0.106 0.0103 0.0236, 0.1063 0.0108 0.0197, 0.1063 0.0108 0.0236, 0.1065 0.0111 0.0197, 0.1065 0.0111 0.0236, 0.1066 0.0112 0.0197, 0.1066 0.0112 0.0236, 0.1067 0.0112 0.0197, 0.1067 0.0112 0.0236, 0.1069 0.0112 0.0197, 0.1069 0.0112 0.0236, 0.1071 0.0112 0.0197, 0.1071 0.0112 0.0236, 0.1074 0.0111 0.0197, 0.1074 0.0111 0.0236, 0.1077 0.0109 0.0197, 0.1077 0.0109 0.0236, 0.108 0.0106 0.0197, 0.108 0.0106 0.0236, 0.1083 0.0101 0.0197, 0.1083 0.0101 0.0236, 0.1086 0.0095 0.0197, 0.1086 0.0095 0.0236, 0.1036 -0.0091 0.0236, 0.1036 -0.0091 0.0197, 0.1045 -0.0199 0.0236, 0.1045 -0.0199 0.0197, 0.104 -0.0189 0.0197, 0.104 -0.0189 0.0236, 0.1034 -0.0172 0.0197, 0.1034 -0.0172 0.0236, 0.1032 -0.0146 0.0197, 0.1032 -0.0146 0.0236, 0.1059 -0.0224 0.0236, 0.1059 -0.0224 0.0197, 0.1127 -0.0473 0.0236, 0.1127 -0.0473 0.0197, 0.1096 -0.0348 0.0197, 0.1096 -0.0348 0.0236, 0.1418 -0.1823 0.0236, 0.1418 -0.1823 0.0197, 0.1458 -0.1823 0.0236, 0.1458 -0.1823 0.0197, 0.1733 -0.0609 0.0236, 0.1733 -0.0609 0.0197, 0.1767 -0.0467 0.0236, 0.1767 -0.0467 0.0197
            ]
        }
        coordIndex [
            0,1,2,-1,2,1,3,-1,4,5,0,-1,0,5,1,-1,6,7,4,-1,4,7,8,-1,4,8,5,-1,9,10,11,-1,9,11,12,-1,11,13,12,-1,12,13,14,-1,12,14,15,-1,15,14,16,-1,15,16,17,-1,17,16,18,-1,17,18,19,-1,19,18,20,-1,19,20,21,-1,21,20,22,-1,21,22,23,-1,23,22,24,-1,23,24,25,-1,25,24,26,-1,25,26,27,-1,27,26,28,-1,27,28,29,-1,29,28,30,-1,29,30,31,-1,31,30,32,-1,31,32,33,-1,33,32,34,-1,33,34,35,-1,35,34,36,-1,35,36,37,-1,37,36,38,-1,37,38,39,-1,39,38,7,-1,39,7,6,-1,40,41,9,-1,9,41,10,-1,42,43,44,-1,42,44,45,-1,45,44,46,-1,45,46,47,-1,47,46,48,-1,47,48,49,-1,49,48,41,-1,49,41,40,-1,50,51,42,-1,42,51,43,-1,52,53,54,-1,52,54,55,-1,55,54,51,-1,55,51,50,-1,56,57,52,-1,52,57,53,-1,58,59,56,-1,56,59,57,-1,60,61,58,-1,58,61,59,-1,62,63,60,-1,60,63,61,-1,
        ]
    }
}
Shape{
    appearance Appearance {
        material  Material 	{
            diffuseColor 0.10980392156862745 0.10980392156862745 0.10980392156862745
            specularColor 0.00784313725490196 0.00784313725490196 0.00784313725490196
            ambientIntensity 0.1569
            transparency 0.0
            shininess 0.5
        }
    }
    geometry IndexedFaceSet {
        ccw TRUE
        solid FALSE
        coord DEF co Coordinate {
            point [
                0.1801 -0.0334 0.0236, 0.1801 -0.0334 0.0197, 0.1782 -0.04 0.0197, 0.1782 -0.04 0.0236, 0.1767 -0.0467 0.0197, 0.1767 -0.0467 0.0236
            ]
        }
        coordIndex [
            0,1,2,-1,0,2,3,-1,3,2,4,-1,3,4,5,-1,
        ]
    }
}
Shape{
    appearance Appearance {
        material  Material 	{
            diffuseColor 0.792156862745098 0.8196078431372549 0.9333333333333333
            specularColor 0.396078431372549 0.4117647058823529 0.4666666666666667
            ambientIntensity 0.8244
            transparency 0.0
            shininess 0.5
        }
    }
    geometry IndexedFaceSet {
        ccw TRUE
        solid FALSE
        coord DEF co Coordinate {
            point [
                0.182 -0.0281 0.0236, 0.182 -0.0281 0.0197, 0.1801 -0.0334 0.0236, 0.1801 -0.0334 0.0197, 0.186 -0.0113 0.0236, 0.186 -0.0113 0.0197, 0.1862 -0.0144 0.0197, 0.1862 -0.0144 0.0236, 0.1863 -0.0156 0.0197, 0.1863 -0.0156 0.0236, 0.1865 -0.0184 0.0197, 0.1865 -0.0184 0.0236, 0.1865 -0.0191 0.0197, 0.1865 -0.0191 0.0236, 0.1863 -0.0195 0.0197, 0.1863 -0.0195 0.0236, 0.186 -0.02 0.0197, 0.186 -0.02 0.0236, 0.185 -0.0212 0.0197, 0.185 -0.0212 0.0236, 0.1838 -0.023 0.0197, 0.1838 -0.023 0.0236, 0.1849 0.0014 0.0236, 0.1849 0.0014 0.0197, 0.1845 0.0046 0.0197, 0.1843 0.0062 0.0236, 0.1843 0.0062 0.0197, 0.1812 0.0088 0.0236, 0.1812 0.0088 0.0197, 0.1814 0.0094 0.0197, 0.1814 0.0094 0.0236, 0.1817 0.01 0.0197, 0.1817 0.01 0.0236, 0.1819 0.0104 0.0197, 0.1819 0.0104 0.0236, 0.1822 0.0106 0.0197, 0.1822 0.0106 0.0236, 0.1824 0.0107 0.0197, 0.1824 0.0107 0.0236, 0.1826 0.0108 0.0197, 0.1826 0.0108 0.0236, 0.1829 0.0108 0.0197, 0.1829 0.0108 0.0236, 0.1831 0.0107 0.0197, 0.1831 0.0107 0.0236, 0.1833 0.0106 0.0197, 0.1833 0.0106 0.0236, 0.1835 0.0105 0.0197, 0.1835 0.0105 0.0236, 0.1836 0.0102 0.0197, 0.1836 0.0102 0.0236, 0.1838 0.0099 0.0197, 0.1838 0.0099 0.0236, 0.1839 0.0095 0.0197, 0.1839 0.0095 0.0236, 0.184 0.0088 0.0197, 0.184 0.0088 0.0236, 0.1842 0.0077 0.0197, 0.1842 0.0077 0.0236, 0.1792 -0.0026 0.0236, 0.1792 -0.0026 0.0197, 0.1805 0.0046 0.0197, 0.1625 -0.0714 0.0236, 0.1625 -0.0714 0.0197, 0.124 -0.062 0.0236, 0.124 -0.062 0.0197, 0.1438 -0.1552 0.0236, 0.1418 -0.1823 0.0236, 0.1254 -0.0719 0.0236, 0.1127 -0.0473 0.0236, 0.1619 -0.0756 0.0236, 0.1543 -0.083 0.0236, 0.1472 -0.0782 0.0236, 0.1446 -0.0768 0.0236, 0.1365 -0.0743 0.0236, 0.1096 -0.0348 0.0236, 0.115 -0.0199 0.0236, 0.1782 -0.04 0.0236, 0.1767 -0.0467 0.0236, 0.1733 -0.0609 0.0236, 0.1458 -0.1823 0.0236, 0.1036 -0.0091 0.0236, 0.1107 0.0017 0.0236, 0.105 0.0028 0.0236, 0.109 0.0085 0.0236, 0.1054 0.0066 0.0236, 0.1086 0.0095 0.0236, 0.1059 -0.0224 0.0236, 0.1045 -0.0199 0.0236, 0.104 -0.0189 0.0236, 0.1083 0.0101 0.0236, 0.1058 0.0096 0.0236, 0.108 0.0106 0.0236, 0.1034 -0.0172 0.0236, 0.1032 -0.0146 0.0236, 0.1074 0.0111 0.0236, 0.1077 0.0109 0.0236, 0.1063 0.0108 0.0236, 0.106 0.0103 0.0236, 0.1071 0.0112 0.0236, 0.1065 0.0111 0.0236, 0.1069 0.0112 0.0236, 0.1066 0.0112 0.0236, 0.1067 0.0112 0.0236, 0.1254 -0.0719 0.0197, 0.1438 -0.1552 0.0197, 0.1472 -0.0782 0.0197, 0.1446 -0.0768 0.0197, 0.1365 -0.0743 0.0197, 0.1543 -0.083 0.0197, 0.1619 -0.0756 0.0197, 0.0013 -0.1645 0.0236, 0.0013 -0.1645 0.0197, 0.0064 -0.1603 0.0236, 0.0064 -0.1603 0.0197, -0.0001 -0.1708 0.0236, -0.0001 -0.1708 0.0197, -0.0005 -0.1704 0.0197, -0.0005 -0.1704 0.0236, -0.0009 -0.17 0.0197, -0.0009 -0.17 0.0236, -0.0011 -0.1695 0.0197, -0.0011 -0.1695 0.0236, -0.0013 -0.1687 0.0197, -0.0013 -0.1687 0.0236, -0.0013 -0.1679 0.0197, -0.0013 -0.1679 0.0236, -0.0011 -0.1671 0.0197, -0.0011 -0.1671 0.0236, -0.0006 -0.1663 0.0197, -0.0006 -0.1663 0.0236, 0.0001 -0.1655 0.0197, 0.0001 -0.1655 0.0236, 0.005 -0.1699 0.0236, 0.005 -0.1699 0.0197, 0.0109 -0.1699 0.0236, 0.0109 -0.1699 0.0197, 0.0158 -0.1708 0.0236, 0.0158 -0.1708 0.0197, 0.0133 -0.1703 0.0197, 0.0133 -0.1703 0.0236, 0.0217 -0.1713 0.0236, 0.0217 -0.1713 0.0197, 0.0324 -0.1744 0.0236, 0.0324 -0.1744 0.0197, 0.0449 -0.1761 0.0236, 0.0449 -0.1761 0.0197, 0.0386 -0.1756 0.0197, 0.0386 -0.1756 0.0236, 0.0843 -0.0782 0.0236, 0.0843 -0.0782 0.0197, 0.0827 -0.1225 0.0197, 0.0827 -0.1225 0.0236, 0.0781 -0.1516 0.0197, 0.0781 -0.1516 0.0236, 0.074 -0.1616 0.0197, 0.074 -0.1616 0.0236, 0.0695 -0.1677 0.0197, 0.0695 -0.1677 0.0236, 0.0652 -0.1714 0.0197, 0.0652 -0.1714 0.0236, 0.0603 -0.1739 0.0197, 0.0603 -0.1739 0.0236, 0.0537 -0.1756 0.0197, 0.0537 -0.1756 0.0236, 0.0339 -0.0003 0.0236, 0.0339 -0.0003 0.0197, 0.0495 -0.0024 0.0197, 0.0495 -0.0024 0.0236, 0.0571 -0.0043 0.0197, 0.0571 -0.0043 0.0236, 0.0606 -0.0061 0.0197, 0.0606 -0.0061 0.0236, 0.0654 -0.0098 0.0197, 0.0654 -0.0098 0.0236, 0.0702 -0.0157 0.0197, 0.0702 -0.0157 0.0236, 0.076 -0.026 0.0197, 0.076 -0.026 0.0236, 0.0813 -0.0442 0.0197, 0.0813 -0.0442 0.0236, 0.0214 0.0011 0.0236, 0.0214 0.0011 0.0197, 0.0126 0.0048 0.0236, 0.0126 0.0048 0.0197, 0.0129 0.0047 0.0197, 0.0129 0.0047 0.0236, 0.0131 0.0046 0.0197, 0.0138 0.0042 0.0236, 0.0138 0.0042 0.0197, 0.0168 0.0024 0.0197, 0.0168 0.0024 0.0236, 0.0041 -0.002 0.0236, 0.0041 -0.002 0.0197, 0.0067 0.0007 0.0197, 0.0067 0.0007 0.0236, 0.0107 0.004 0.0197, 0.0107 0.004 0.0236, 0.0116 0.0046 0.0197, 0.0116 0.0046 0.0236, 0.0116 0.0046 0.0197, 0.012 0.0047 0.0197, 0.012 0.0047 0.0236, 0.0007 -0.0057 0.0236, 0.0007 -0.0057 0.0197, 0.0016 -0.01 0.0236, 0.0016 -0.01 0.0197, 0.0005 -0.0101 0.0197, 0.0005 -0.0101 0.0236, -0.0001 -0.01 0.0197, -0.0001 -0.01 0.0236, -0.0002 -0.01 0.0197, -0.0002 -0.01 0.0236, -0.0004 -0.0099 0.0197, -0.0004 -0.0099 0.0236, -0.0006 -0.0098 0.0197, -0.0006 -0.0098 0.0236, -0.0007 -0.0096 0.0197, -0.0007 -0.0096 0.0236, -0.0008 -0.0094 0.0197, -0.0008 -0.0094 0.0236, -0.0011 -0.0088 0.0197, -0.0011 -0.0088 0.0236, -0.0011 -0.0085 0.0197, -0.0011 -0.0085 0.0236, -0.0011 -0.0082 0.0197, -0.0011 -0.0082 0.0236, -0.001 -0.0079 0.0197, -0.001 -0.0079 0.0236, -0.0008 -0.0075 0.0197, -0.0008 -0.0075 0.0236, -0.0005 -0.0071 0.0197, -0.0005 -0.0071 0.0236, 0.0 -0.0064 0.0197, 0.0 -0.0064 0.0236, 0.0056 -0.01 0.0236, 0.0056 -0.01 0.0197, 0.0101 -0.01 0.0236, 0.0101 -0.01 0.0197, 0.0101 -0.1583 0.0236, 0.0101 -0.1583 0.0197, 0.0082 -0.1592 0.0197, 0.0082 -0.1592 0.0236, 0.0268 -0.0105 0.0236, 0.0224 -0.0104 0.0236, 0.018 -0.0105 0.0236, 0.018 -0.1603 0.0236, 0.0234 -0.1626 0.0236, 0.0354 -0.1653 0.0236, 0.0478 -0.1662 0.0236, 0.0543 -0.0147 0.0236, 0.0589 -0.0167 0.0236, 0.0623 -0.0194 0.0236, 0.0655 -0.0235 0.0236, 0.0714 -0.037 0.0236, 0.0547 -0.1649 0.0236, 0.0392 -0.0119 0.0236, 0.048 -0.0131 0.0236, 0.0604 -0.1628 0.0236, 0.0637 -0.1605 0.0236, 0.0674 -0.1562 0.0236, 0.0705 -0.1501 0.0236, 0.0731 -0.1416 0.0236, 0.0764 -0.1031 0.0236, 0.076 -0.0656 0.0236, 0.0392 -0.0119 0.0197, 0.0268 -0.0105 0.0197, 0.0764 -0.1031 0.0197, 0.076 -0.0656 0.0197, 0.0714 -0.037 0.0197, 0.0655 -0.0235 0.0197, 0.0623 -0.0194 0.0197, 0.0589 -0.0167 0.0197, 0.0543 -0.0147 0.0197, 0.048 -0.0131 0.0197, 0.0478 -0.1662 0.0197, 0.0547 -0.1649 0.0197, 0.0604 -0.1628 0.0197, 0.0637 -0.1605 0.0197, 0.0674 -0.1562 0.0197, 0.0705 -0.1501 0.0197, 0.0731 -0.1416 0.0197, 0.0234 -0.1626 0.0197, 0.0354 -0.1653 0.0197, 0.018 -0.1603 0.0197, 0.018 -0.0105 0.0197, 0.0224 -0.0104 0.0197, -0.0599 -0.0997 0.0236, -0.0599 -0.0997 0.0197, -0.0837 -0.0966 0.0236, -0.0837 -0.0966 0.0197, -0.041 -0.1056 0.0236, -0.041 -0.1056 0.0197, -0.0438 -0.1039 0.0197, -0.0438 -0.1039 0.0236, -0.0501 -0.1017 0.0197, -0.0501 -0.1017 0.0236, -0.0384 -0.1071 0.0236, -0.0384 -0.1071 0.0197, -0.0302 -0.0988 0.0236, -0.0302 -0.0988 0.0197, -0.0316 -0.094 0.0236, -0.0316 -0.094 0.0197, -0.0308 -0.0941 0.0197, -0.0308 -0.0941 0.0236, -0.0302 -0.0943 0.0197, -0.0302 -0.0943 0.0236, -0.0299 -0.0945 0.0197, -0.0299 -0.0945 0.0236, -0.0295 -0.0948 0.0197, -0.0295 -0.0948 0.0236, -0.0292 -0.0953 0.0197, -0.0292 -0.0953 0.0236, -0.029 -0.0958 0.0197, -0.029 -0.0958 0.0236, -0.0289 -0.0963 0.0197, -0.0289 -0.0963 0.0236, -0.029 -0.0968 0.0197, -0.029 -0.0968 0.0236, -0.0292 -0.0974 0.0197, -0.0292 -0.0974 0.0236, -0.0296 -0.098 0.0197, -0.0296 -0.098 0.0236, -0.0837 -0.0867 0.0236, -0.0837 -0.0867 0.0197, -0.0837 -0.01 0.0236, -0.0837 -0.01 0.0197, -0.0415 -0.0159 0.0236, -0.0415 -0.0159 0.0197, -0.0336 -0.0187 0.0236, -0.0336 -0.0187 0.0197, -0.0374 -0.0169 0.0197, -0.0374 -0.0169 0.0236, -0.0311 -0.0201 0.0236, -0.0311 -0.0201 0.0197, -0.0231 -0.0113 0.0236, -0.0231 -0.0113 0.0197, -0.0248 -0.0068 0.0236, -0.0248 -0.0068 0.0197, -0.0241 -0.0068 0.0197, -0.0241 -0.0068 0.0236, -0.0232 -0.007 0.0197, -0.0232 -0.007 0.0236, -0.0228 -0.0071 0.0197, -0.0228 -0.0071 0.0236, -0.0226 -0.0073 0.0197, -0.0226 -0.0073 0.0236, -0.0225 -0.0075 0.0197, -0.0225 -0.0075 0.0236, -0.0222 -0.0081 0.0197, -0.0222 -0.0081 0.0236, -0.022 -0.0086 0.0197, -0.022 -0.0086 0.0236, -0.022 -0.0091 0.0197, -0.022 -0.0091 0.0236, -0.0221 -0.0097 0.0197, -0.0221 -0.0097 0.0236, -0.0224 -0.0103 0.0197, -0.0224 -0.0103 0.0236, -0.029 -0.0066 0.0236, -0.029 -0.0066 0.0197, -0.0718 -0.0006 0.0236, -0.0718 -0.0006 0.0197, -0.0505 -0.0039 0.0197, -0.0505 -0.0039 0.0236, -0.0848 0.0017 0.0236, -0.0848 0.0017 0.0197, -0.0945 -0.0023 0.0236, -0.0945 -0.0023 0.0197, -0.0945 -0.0023 0.0197, -0.0945 -0.0023 0.0236, -0.0946 0.0 0.0197, -0.0946 0.0 0.0236, -0.0944 0.0011 0.0197, -0.0944 0.0011 0.0236, -0.094 0.0019 0.0197, -0.094 0.0019 0.0236, -0.0936 0.0024 0.0197, -0.0936 0.0024 0.0236, -0.0929 0.0029 0.0197, -0.0929 0.0029 0.0236, -0.0922 0.0032 0.0197, -0.0922 0.0032 0.0236, -0.0912 0.0034 0.0197, -0.0912 0.0034 0.0236, -0.0898 0.0033 0.0197, -0.0898 0.0033 0.0236, -0.0879 0.0028 0.0197, -0.0879 0.0028 0.0236, -0.0919 -0.0167 0.0236, -0.0919 -0.0167 0.0197, -0.0927 -0.0094 0.0197, -0.0927 -0.0094 0.0236, -0.0919 -0.0221 0.0236, -0.0919 -0.0221 0.0197, -0.0916 -0.0292 0.0236, -0.0916 -0.0292 0.0197, -0.0918 -0.0257 0.0197, -0.0918 -0.0257 0.0236, -0.0919 -0.1589 0.0236, -0.0919 -0.1589 0.0197, -0.0965 -0.1713 0.0236, -0.0965 -0.1713 0.0197, -0.0974 -0.1714 0.0197, -0.0974 -0.1714 0.0236, -0.0979 -0.1714 0.0197, -0.0979 -0.1714 0.0236, -0.0984 -0.1712 0.0197, -0.0984 -0.1712 0.0236, -0.0986 -0.171 0.0197, -0.0986 -0.171 0.0236, -0.0988 -0.1709 0.0197, -0.0988 -0.1709 0.0236, -0.0989 -0.1707 0.0197, -0.0989 -0.1707 0.0236, -0.0989 -0.1705 0.0197, -0.0989 -0.1705 0.0236, -0.0989 -0.1699 0.0197, -0.0989 -0.1699 0.0236, -0.0989 -0.1694 0.0197, -0.0989 -0.1694 0.0236, -0.0989 -0.1686 0.0197, -0.0989 -0.1686 0.0236, -0.0986 -0.1674 0.0197, -0.0986 -0.1674 0.0236, -0.0979 -0.1662 0.0197, -0.0979 -0.1662 0.0236, -0.0968 -0.1646 0.0197, -0.0968 -0.1646 0.0236, -0.095 -0.1624 0.0197, -0.095 -0.1624 0.0236, -0.0911 -0.1705 0.0236, -0.0911 -0.1705 0.0197, -0.0814 -0.1699 0.0236, -0.0814 -0.1699 0.0197, -0.0863 -0.1699 0.0197, -0.0863 -0.1699 0.0236, -0.0806 -0.1699 0.0236, -0.0806 -0.1699 0.0197, -0.0696 -0.1708 0.0236, -0.0696 -0.1708 0.0197, -0.0751 -0.17 0.0197, -0.0751 -0.17 0.0236, -0.0585 -0.1727 0.0236, -0.0585 -0.1727 0.0197, -0.0395 -0.1784 0.0236, -0.0395 -0.1784 0.0197, -0.0409 -0.1776 0.0197, -0.0409 -0.1776 0.0236, -0.0487 -0.1747 0.0197, -0.0487 -0.1747 0.0236, -0.037 -0.1801 0.0236, -0.037 -0.1801 0.0197, -0.0288 -0.1716 0.0236, -0.0288 -0.1716 0.0197, -0.0302 -0.1671 0.0236, -0.0302 -0.1671 0.0197, -0.0294 -0.1672 0.0197, -0.0294 -0.1672 0.0236, -0.0289 -0.1673 0.0197, -0.0289 -0.1673 0.0236, -0.0284 -0.1676 0.0197, -0.0284 -0.1676 0.0236, -0.0281 -0.1679 0.0197, -0.0281 -0.1679 0.0236, -0.0278 -0.1683 0.0197, -0.0278 -0.1683 0.0236, -0.0277 -0.1687 0.0197, -0.0277 -0.1687 0.0236, -0.0277 -0.1691 0.0197, -0.0277 -0.1691 0.0236, -0.0277 -0.1695 0.0197, -0.0277 -0.1695 0.0236, -0.0279 -0.17 0.0197, -0.0279 -0.17 0.0236, -0.0282 -0.1707 0.0197, -0.0282 -0.1707 0.0236, -0.0347 -0.1665 0.0236, -0.0347 -0.1665 0.0197, -0.048 -0.1648 0.0236, -0.048 -0.1648 0.0197, -0.0414 -0.1656 0.0197, -0.0414 -0.1656 0.0236, -0.0837 -0.1589 0.0236, -0.0837 -0.1589 0.0197, -0.1268 -0.1758 0.0236, -0.1268 -0.1758 0.0197, -0.1311 -0.1758 0.0236, -0.1311 -0.1758 0.0197, -0.1268 -0.1003 0.0236, -0.1268 -0.1003 0.0197, -0.1322 -0.1003 0.0236, -0.1322 -0.1003 0.0197, -0.1571 -0.1696 0.0236, -0.1571 -0.1696 0.0197, -0.1541 -0.169 0.0197, -0.1541 -0.169 0.0236, -0.1498 -0.1674 0.0197, -0.1498 -0.1674 0.0236, -0.1454 -0.1643 0.0197, -0.1454 -0.1643 0.0236, -0.1419 -0.1603 0.0197, -0.1419 -0.1603 0.0236, -0.1381 -0.153 0.0197, -0.1381 -0.153 0.0236, -0.1346 -0.1401 0.0197, -0.1346 -0.1401 0.0236, -0.1925 -0.0736 0.0236, -0.1925 -0.0736 0.0197, -0.1914 -0.1192 0.0197, -0.1914 -0.1192 0.0236, -0.189 -0.1332 0.0197, -0.189 -0.1332 0.0236, -0.1825 -0.1521 0.0197, -0.1825 -0.1521 0.0236, -0.1776 -0.1599 0.0197, -0.1776 -0.1599 0.0236, -0.1728 -0.1646 0.0197, -0.1728 -0.1646 0.0236, -0.168 -0.1675 0.0197, -0.168 -0.1675 0.0236, -0.163 -0.1693 0.0197, -0.163 -0.1693 0.0236, -0.1594 -0.0051 0.0236, -0.1594 -0.0051 0.0197, -0.1638 -0.0056 0.0197, -0.1638 -0.0056 0.0236, -0.1675 -0.0068 0.0197, -0.1675 -0.0068 0.0236, -0.1711 -0.0091 0.0197, -0.1711 -0.0091 0.0236, -0.1753 -0.013 0.0197, -0.1753 -0.013 0.0236, -0.1811 -0.0213 0.0197, -0.1811 -0.0213 0.0236, -0.1855 -0.0332 0.0197, -0.1855 -0.0332 0.0236, -0.1285 -0.0507 0.0236, -0.1285 -0.0507 0.0197, -0.1303 -0.0388 0.0197, -0.1303 -0.0388 0.0236, -0.1343 -0.0225 0.0197, -0.1343 -0.0225 0.0236, -0.1379 -0.0158 0.0197, -0.1379 -0.0158 0.0236, -0.1419 -0.0113 0.0197, -0.1419 -0.0113 0.0236, -0.1468 -0.0079 0.0197, -0.1468 -0.0079 0.0236, -0.153 -0.0056 0.0197, -0.153 -0.0056 0.0236, -0.1271 -0.0657 0.0236, -0.1271 -0.0657 0.0197, -0.1226 -0.0654 0.0236, -0.1226 -0.0654 0.0197, -0.1554 0.0042 0.0236, -0.1554 0.0042 0.0197, -0.1508 0.0036 0.0197, -0.1508 0.0036 0.0236, -0.1439 0.001 0.0197, -0.1439 0.001 0.0236, -0.1377 -0.0033 0.0197, -0.1377 -0.0033 0.0236, -0.1328 -0.0092 0.0197, -0.1328 -0.0092 0.0236, -0.1282 -0.0183 0.0197, -0.1282 -0.0183 0.0236, -0.1248 -0.0315 0.0197, -0.1248 -0.0315 0.0236, -0.199 -0.1175 0.0236, -0.199 -0.1175 0.0197, -0.1992 -0.0632 0.0197, -0.1992 -0.0632 0.0236, -0.1957 -0.0404 0.0197, -0.1957 -0.0404 0.0236, -0.1879 -0.0175 0.0197, -0.1879 -0.0175 0.0236, -0.1818 -0.0074 0.0197, -0.1818 -0.0074 0.0236, -0.177 -0.0024 0.0197, -0.177 -0.0024 0.0236, -0.1712 0.0012 0.0197, -0.1712 0.0012 0.0236, -0.1636 0.0038 0.0197, -0.1636 0.0038 0.0236, -0.1594 -0.179 0.0236, -0.1594 -0.179 0.0197, -0.1633 -0.1789 0.0197, -0.1633 -0.1789 0.0236, -0.1674 -0.1781 0.0197, -0.1674 -0.1781 0.0236, -0.1716 -0.176 0.0197, -0.1716 -0.176 0.0236, -0.1792 -0.1704 0.0197, -0.1792 -0.1704 0.0236, -0.1852 -0.1632 0.0197, -0.1852 -0.1632 0.0236, -0.1922 -0.1484 0.0197, -0.1922 -0.1484 0.0236, -0.1356 -0.1637 0.0236, -0.1356 -0.1637 0.0197, -0.1387 -0.1679 0.0197, -0.1387 -0.1679 0.0236, -0.1448 -0.1734 0.0197, -0.1448 -0.1734 0.0236, -0.1512 -0.1768 0.0197, -0.1512 -0.1768 0.0236, -0.1331 -0.1592 0.0236, -0.1331 -0.1592 0.0197, -0.2712 -0.1708 0.0236, -0.2712 -0.1708 0.0197, -0.2837 -0.1863 0.0236, -0.2837 -0.1863 0.0197, -0.2754 -0.1529 0.0236, -0.2754 -0.1529 0.0197, -0.2754 -0.1564 0.0197, -0.2754 -0.1564 0.0236, -0.2742 -0.1644 0.0197, -0.2742 -0.1644 0.0236, -0.2754 -0.0085 0.0236, -0.2754 -0.0085 0.0197, -0.2333 -0.017 0.0236, -0.2333 -0.017 0.0197, -0.2345 -0.0164 0.0197, -0.2345 -0.0164 0.0236, -0.2374 -0.014 0.0197, -0.2374 -0.014 0.0236, -0.2395 -0.0129 0.0197, -0.2395 -0.0129 0.0236, -0.2433 -0.0119 0.0197, -0.2433 -0.0119 0.0236, -0.2536 -0.0103 0.0197, -0.2536 -0.0103 0.0236, -0.2217 -0.0043 0.0236, -0.2217 -0.0043 0.0197, -0.2218 -0.0053 0.0197, -0.2218 -0.0053 0.0236, -0.2222 -0.0066 0.0197, -0.2222 -0.0066 0.0236, -0.2226 -0.0073 0.0197, -0.2226 -0.0073 0.0236, -0.2236 -0.0083 0.0197, -0.2236 -0.0083 0.0236, -0.2267 -0.0112 0.0197, -0.2267 -0.0112 0.0236, -0.2613 0.0008 0.0236, -0.2613 0.0008 0.0197, -0.2448 -0.0006 0.0197, -0.2448 -0.0006 0.0236, -0.2399 -0.0011 0.0197, -0.2399 -0.0011 0.0236, -0.2282 -0.0027 0.0197, -0.2282 -0.0027 0.0236, -0.224 -0.0027 0.0197, -0.224 -0.0027 0.0236, -0.2234 -0.0028 0.0197, -0.2234 -0.0028 0.0236, -0.2227 -0.0031 0.0197, -0.2227 -0.0031 0.0236, -0.2222 -0.0034 0.0197, -0.2222 -0.0034 0.0236, -0.222 -0.0036 0.0197, -0.222 -0.0036 0.0236, -0.2732 0.002 0.0236, -0.2732 0.002 0.0197, -0.2797 0.0025 0.0236, -0.2797 0.0025 0.0197, -0.2834 -0.0097 0.0236, -0.2834 -0.0097 0.0197, -0.2834 -0.0092 0.0197, -0.2834 -0.0092 0.0236, -0.2843 -0.0011 0.0197, -0.2843 -0.0011 0.0236, -0.2843 0.0005 0.0197, -0.2843 0.0005 0.0236, -0.2842 0.0012 0.0197, -0.2842 0.0012 0.0236, -0.2838 0.0019 0.0197, -0.2838 0.0019 0.0236, -0.2834 0.0024 0.0197, -0.2834 0.0024 0.0236, -0.2831 0.0026 0.0197, -0.2831 0.0026 0.0236, -0.2828 0.0028 0.0197, -0.2828 0.0028 0.0236, -0.2824 0.0029 0.0197, -0.2824 0.0029 0.0236, -0.2817 0.003 0.0197, -0.2817 0.003 0.0236, -0.2828 -0.0264 0.0236, -0.2828 -0.0264 0.0197, -0.2828 -0.1538 0.0236, -0.2828 -0.1538 0.0197, -0.2851 -0.1812 0.0236, -0.2851 -0.1812 0.0197, -0.283 -0.1676 0.0197, -0.283 -0.1676 0.0236, -0.2856 -0.1841 0.0236, -0.2856 -0.1841 0.0197
            ]
        }
        coordIndex [
            0,1,2,-1,2,1,3,-1,4,5,6,-1,4,6,7,-1,7,6,8,-1,7,8,9,-1,9,8,10,-1,9,10,11,-1,11,10,12,-1,11,12,13,-1,13,12,14,-1,13,14,15,-1,15,14,16,-1,15,16,17,-1,17,16,18,-1,17,18,19,-1,19,18,20,-1,19,20,21,-1,21,20,1,-1,21,1,0,-1,22,23,4,-1,4,23,5,-1,23,22,24,-1,24,22,25,-1,24,25,26,-1,27,28,29,-1,27,29,30,-1,30,29,31,-1,30,31,32,-1,32,31,33,-1,32,33,34,-1,34,33,35,-1,34,35,36,-1,36,35,37,-1,36,37,38,-1,38,37,39,-1,38,39,40,-1,40,39,41,-1,40,41,42,-1,42,41,43,-1,42,43,44,-1,44,43,45,-1,44,45,46,-1,46,45,47,-1,46,47,48,-1,48,47,49,-1,48,49,50,-1,50,49,51,-1,50,51,52,-1,52,51,53,-1,52,53,54,-1,54,53,55,-1,54,55,56,-1,56,55,57,-1,56,57,58,-1,58,57,26,-1,58,26,25,-1,59,60,27,-1,27,60,61,-1,27,61,28,-1,62,63,59,-1,59,63,60,-1,62,64,63,-1,63,64,65,-1,66,67,68,-1,68,67,69,-1,62,70,71,-1,19,21,59,-1,59,21,0,-1,71,72,62,-1,62,72,73,-1,62,73,64,-1,64,73,74,-1,75,76,69,-1,69,76,64,-1,69,64,68,-1,68,64,74,-1,0,2,59,-1,59,2,77,-1,59,77,62,-1,62,77,78,-1,62,78,70,-1,70,78,79,-1,70,79,66,-1,66,79,80,-1,66,80,67,-1,76,81,82,-1,82,81,83,-1,82,83,84,-1,84,83,85,-1,84,85,86,-1,56,27,54,-1,54,27,30,-1,54,30,52,-1,4,7,59,-1,59,7,9,-1,59,9,19,-1,19,9,11,-1,75,87,76,-1,76,87,88,-1,76,88,89,-1,86,85,90,-1,90,85,91,-1,90,91,92,-1,13,15,11,-1,11,15,17,-1,11,17,19,-1,89,93,76,-1,76,93,94,-1,76,94,81,-1,95,96,97,-1,56,58,27,-1,27,58,25,-1,27,25,59,-1,59,25,22,-1,59,22,4,-1,92,91,96,-1,96,91,98,-1,96,98,97,-1,34,36,50,-1,52,30,50,-1,50,30,32,-1,50,32,34,-1,46,40,44,-1,44,40,42,-1,36,38,50,-1,50,38,40,-1,50,40,48,-1,48,40,46,-1,95,97,99,-1,99,97,100,-1,99,100,101,-1,101,100,102,-1,101,102,103,-1,68,104,66,-1,66,104,105,-1,72,106,107,-1,72,107,73,-1,73,107,108,-1,73,108,74,-1,74,108,104,-1,74,104,68,-1,71,109,72,-1,72,109,106,-1,70,110,71,-1,71,110,109,-1,105,110,66,-1,66,110,70,-1,111,112,113,-1,113,112,114,-1,115,116,117,-1,115,117,118,-1,118,117,119,-1,118,119,120,-1,120,119,121,-1,120,121,122,-1,122,121,123,-1,122,123,124,-1,124,123,125,-1,124,125,126,-1,126,125,127,-1,126,127,128,-1,128,127,129,-1,128,129,130,-1,130,129,131,-1,130,131,132,-1,132,131,112,-1,132,112,111,-1,133,134,115,-1,115,134,116,-1,135,136,133,-1,133,136,134,-1,137,138,139,-1,137,139,140,-1,140,139,136,-1,140,136,135,-1,141,142,137,-1,137,142,138,-1,143,144,141,-1,141,144,142,-1,145,146,147,-1,145,147,148,-1,148,147,144,-1,148,144,143,-1,149,150,151,-1,149,151,152,-1,152,151,153,-1,152,153,154,-1,154,153,155,-1,154,155,156,-1,156,155,157,-1,156,157,158,-1,158,157,159,-1,158,159,160,-1,160,159,161,-1,160,161,162,-1,162,161,163,-1,162,163,164,-1,164,163,146,-1,164,146,145,-1,165,166,167,-1,165,167,168,-1,168,167,169,-1,168,169,170,-1,170,169,171,-1,170,171,172,-1,172,171,173,-1,172,173,174,-1,174,173,175,-1,174,175,176,-1,176,175,177,-1,176,177,178,-1,178,177,179,-1,178,179,180,-1,180,179,150,-1,180,150,149,-1,181,182,165,-1,165,182,166,-1,183,184,185,-1,183,185,186,-1,186,185,187,-1,186,187,188,-1,187,189,188,-1,188,189,190,-1,188,190,191,-1,191,190,182,-1,191,182,181,-1,192,193,194,-1,192,194,195,-1,195,194,196,-1,195,196,197,-1,197,196,198,-1,197,198,199,-1,198,200,199,-1,199,200,201,-1,199,201,202,-1,202,201,184,-1,202,184,183,-1,203,204,192,-1,192,204,193,-1,205,206,207,-1,205,207,208,-1,208,207,209,-1,208,209,210,-1,210,209,211,-1,210,211,212,-1,212,211,213,-1,212,213,214,-1,214,213,215,-1,214,215,216,-1,216,215,217,-1,216,217,218,-1,218,217,219,-1,218,219,220,-1,220,219,221,-1,220,221,222,-1,222,221,223,-1,222,223,224,-1,224,223,225,-1,224,225,226,-1,226,225,227,-1,226,227,228,-1,228,227,229,-1,228,229,230,-1,230,229,231,-1,230,231,232,-1,232,231,233,-1,232,233,234,-1,234,233,204,-1,234,204,203,-1,235,236,205,-1,205,236,206,-1,237,238,235,-1,235,238,236,-1,239,240,237,-1,237,240,238,-1,113,114,241,-1,113,241,242,-1,242,241,240,-1,242,240,239,-1,243,244,181,-1,181,244,245,-1,135,133,246,-1,132,111,133,-1,235,205,203,-1,230,232,205,-1,205,232,234,-1,205,234,203,-1,191,237,188,-1,188,237,235,-1,191,181,237,-1,237,181,245,-1,237,245,239,-1,239,245,246,-1,239,246,242,-1,242,246,133,-1,242,133,113,-1,113,133,111,-1,247,248,143,-1,143,248,148,-1,148,248,249,-1,148,249,145,-1,202,183,186,-1,143,141,247,-1,247,141,137,-1,247,137,246,-1,246,137,140,-1,246,140,135,-1,250,172,251,-1,251,172,174,-1,251,174,252,-1,252,174,176,-1,252,176,253,-1,253,176,254,-1,203,192,235,-1,235,192,195,-1,235,195,188,-1,188,195,197,-1,188,197,186,-1,186,197,199,-1,186,199,202,-1,224,226,205,-1,205,226,228,-1,205,228,230,-1,133,115,132,-1,132,115,118,-1,132,118,130,-1,130,118,120,-1,145,249,164,-1,164,249,255,-1,164,255,162,-1,243,181,256,-1,256,181,165,-1,256,165,257,-1,257,165,168,-1,257,168,250,-1,250,168,170,-1,250,170,172,-1,208,210,220,-1,220,210,212,-1,220,212,218,-1,218,212,214,-1,218,214,216,-1,120,122,130,-1,130,122,124,-1,130,124,128,-1,128,124,126,-1,162,255,160,-1,160,255,258,-1,160,258,158,-1,158,258,259,-1,158,259,156,-1,156,259,260,-1,156,260,154,-1,208,220,205,-1,205,220,222,-1,205,222,224,-1,260,261,154,-1,154,261,262,-1,154,262,152,-1,152,262,263,-1,152,263,149,-1,149,263,264,-1,149,264,180,-1,180,264,254,-1,180,254,178,-1,178,254,176,-1,256,265,243,-1,243,265,266,-1,263,267,268,-1,263,268,264,-1,264,268,269,-1,264,269,254,-1,254,269,270,-1,254,270,253,-1,253,270,271,-1,253,271,252,-1,252,271,272,-1,252,272,251,-1,251,272,273,-1,251,273,250,-1,250,273,274,-1,250,274,257,-1,257,274,265,-1,257,265,256,-1,249,275,276,-1,249,276,255,-1,255,276,277,-1,255,277,258,-1,258,277,278,-1,258,278,259,-1,259,278,279,-1,259,279,260,-1,260,279,280,-1,260,280,261,-1,261,280,281,-1,261,281,262,-1,262,281,267,-1,262,267,263,-1,247,282,283,-1,247,283,248,-1,248,283,275,-1,248,275,249,-1,246,284,247,-1,247,284,282,-1,245,285,246,-1,246,285,284,-1,243,266,286,-1,243,286,244,-1,244,286,285,-1,244,285,245,-1,287,288,289,-1,289,288,290,-1,291,292,293,-1,291,293,294,-1,294,293,295,-1,294,295,296,-1,296,295,288,-1,296,288,287,-1,297,298,291,-1,291,298,292,-1,299,300,297,-1,297,300,298,-1,301,302,303,-1,301,303,304,-1,304,303,305,-1,304,305,306,-1,306,305,307,-1,306,307,308,-1,308,307,309,-1,308,309,310,-1,310,309,311,-1,310,311,312,-1,312,311,313,-1,312,313,314,-1,314,313,315,-1,314,315,316,-1,316,315,317,-1,316,317,318,-1,318,317,319,-1,318,319,320,-1,320,319,321,-1,320,321,322,-1,322,321,300,-1,322,300,299,-1,323,324,301,-1,301,324,302,-1,325,326,323,-1,323,326,324,-1,327,328,325,-1,325,328,326,-1,329,330,331,-1,329,331,332,-1,332,331,328,-1,332,328,327,-1,333,334,329,-1,329,334,330,-1,335,336,333,-1,333,336,334,-1,337,338,339,-1,337,339,340,-1,340,339,341,-1,340,341,342,-1,342,341,343,-1,342,343,344,-1,344,343,345,-1,344,345,346,-1,346,345,347,-1,346,347,348,-1,348,347,349,-1,348,349,350,-1,350,349,351,-1,350,351,352,-1,352,351,353,-1,352,353,354,-1,354,353,355,-1,354,355,356,-1,356,355,357,-1,356,357,358,-1,358,357,336,-1,358,336,335,-1,359,360,337,-1,337,360,338,-1,361,362,363,-1,361,363,364,-1,364,363,360,-1,364,360,359,-1,365,366,361,-1,361,366,362,-1,367,368,369,-1,367,369,370,-1,370,369,371,-1,370,371,372,-1,372,371,373,-1,372,373,374,-1,374,373,375,-1,374,375,376,-1,376,375,377,-1,376,377,378,-1,378,377,379,-1,378,379,380,-1,380,379,381,-1,380,381,382,-1,382,381,383,-1,382,383,384,-1,384,383,385,-1,384,385,386,-1,386,385,387,-1,386,387,388,-1,388,387,366,-1,388,366,365,-1,389,390,391,-1,389,391,392,-1,392,391,368,-1,392,368,367,-1,393,394,389,-1,389,394,390,-1,395,396,397,-1,395,397,398,-1,398,397,394,-1,398,394,393,-1,399,400,395,-1,395,400,396,-1,401,402,403,-1,401,403,404,-1,404,403,405,-1,404,405,406,-1,406,405,407,-1,406,407,408,-1,408,407,409,-1,408,409,410,-1,410,409,411,-1,410,411,412,-1,412,411,413,-1,412,413,414,-1,414,413,415,-1,414,415,416,-1,416,415,417,-1,416,417,418,-1,418,417,419,-1,418,419,420,-1,420,419,421,-1,420,421,422,-1,422,421,423,-1,422,423,424,-1,424,423,425,-1,424,425,426,-1,426,425,427,-1,426,427,428,-1,428,427,429,-1,428,429,430,-1,430,429,400,-1,430,400,399,-1,431,432,401,-1,401,432,402,-1,433,434,435,-1,433,435,436,-1,436,435,432,-1,436,432,431,-1,437,438,433,-1,433,438,434,-1,439,440,441,-1,439,441,442,-1,442,441,438,-1,442,438,437,-1,443,444,439,-1,439,444,440,-1,445,446,447,-1,445,447,448,-1,448,447,449,-1,448,449,450,-1,450,449,444,-1,450,444,443,-1,451,452,445,-1,445,452,446,-1,453,454,451,-1,451,454,452,-1,455,456,457,-1,455,457,458,-1,458,457,459,-1,458,459,460,-1,460,459,461,-1,460,461,462,-1,462,461,463,-1,462,463,464,-1,464,463,465,-1,464,465,466,-1,466,465,467,-1,466,467,468,-1,468,467,469,-1,468,469,470,-1,470,469,471,-1,470,471,472,-1,472,471,473,-1,472,473,474,-1,474,473,475,-1,474,475,476,-1,476,475,454,-1,476,454,453,-1,477,478,455,-1,455,478,456,-1,479,480,481,-1,479,481,482,-1,482,481,478,-1,482,478,477,-1,483,484,479,-1,479,484,480,-1,483,289,484,-1,484,289,290,-1,329,332,359,-1,359,332,327,-1,382,384,325,-1,325,384,386,-1,325,386,388,-1,370,325,367,-1,367,325,392,-1,426,428,483,-1,348,350,335,-1,388,365,325,-1,325,365,361,-1,325,361,327,-1,327,361,364,-1,327,364,359,-1,395,398,325,-1,398,393,325,-1,325,393,389,-1,325,389,392,-1,370,372,325,-1,325,372,374,-1,325,374,376,-1,289,323,287,-1,287,323,301,-1,287,301,296,-1,296,301,294,-1,474,476,455,-1,455,476,453,-1,428,430,483,-1,483,430,399,-1,483,399,289,-1,289,399,395,-1,289,395,323,-1,323,395,325,-1,294,301,291,-1,291,301,299,-1,291,299,297,-1,329,359,333,-1,333,359,337,-1,333,337,335,-1,335,337,340,-1,335,340,342,-1,350,352,354,-1,376,378,325,-1,325,378,380,-1,325,380,382,-1,410,412,483,-1,483,412,414,-1,420,422,483,-1,483,422,424,-1,483,424,426,-1,453,451,455,-1,455,451,445,-1,455,445,477,-1,477,445,448,-1,477,448,482,-1,482,448,450,-1,482,450,479,-1,479,450,443,-1,479,443,483,-1,483,443,439,-1,483,439,442,-1,442,437,483,-1,483,437,433,-1,483,433,436,-1,354,356,350,-1,350,356,358,-1,350,358,335,-1,304,320,301,-1,301,320,322,-1,301,322,299,-1,414,416,483,-1,483,416,418,-1,483,418,420,-1,462,464,472,-1,436,431,483,-1,483,431,401,-1,483,401,404,-1,342,344,335,-1,335,344,346,-1,335,346,348,-1,304,306,320,-1,320,306,308,-1,320,308,318,-1,318,308,310,-1,310,312,318,-1,318,312,314,-1,318,314,316,-1,462,472,460,-1,404,406,483,-1,483,406,408,-1,483,408,410,-1,474,455,472,-1,472,455,458,-1,472,458,460,-1,464,466,472,-1,472,466,468,-1,472,468,470,-1,485,486,487,-1,487,486,488,-1,489,490,485,-1,485,490,486,-1,491,492,489,-1,489,492,490,-1,493,494,495,-1,493,495,496,-1,496,495,497,-1,496,497,498,-1,498,497,499,-1,498,499,500,-1,500,499,501,-1,500,501,502,-1,502,501,503,-1,502,503,504,-1,504,503,505,-1,504,505,506,-1,506,505,492,-1,506,492,491,-1,507,508,509,-1,507,509,510,-1,510,509,511,-1,510,511,512,-1,512,511,513,-1,512,513,514,-1,514,513,515,-1,514,515,516,-1,516,515,517,-1,516,517,518,-1,518,517,519,-1,518,519,520,-1,520,519,521,-1,520,521,522,-1,522,521,494,-1,522,494,493,-1,523,524,525,-1,523,525,526,-1,526,525,527,-1,526,527,528,-1,528,527,529,-1,528,529,530,-1,530,529,531,-1,530,531,532,-1,532,531,533,-1,532,533,534,-1,534,533,535,-1,534,535,536,-1,536,535,508,-1,536,508,507,-1,537,538,539,-1,537,539,540,-1,540,539,541,-1,540,541,542,-1,542,541,543,-1,542,543,544,-1,544,543,545,-1,544,545,546,-1,546,545,547,-1,546,547,548,-1,548,547,549,-1,548,549,550,-1,550,549,524,-1,550,524,523,-1,551,552,537,-1,537,552,538,-1,553,554,551,-1,551,554,552,-1,555,556,557,-1,555,557,558,-1,558,557,559,-1,558,559,560,-1,560,559,561,-1,560,561,562,-1,562,561,563,-1,562,563,564,-1,564,563,565,-1,564,565,566,-1,566,565,567,-1,566,567,568,-1,568,567,554,-1,568,554,553,-1,569,570,571,-1,569,571,572,-1,572,571,573,-1,572,573,574,-1,574,573,575,-1,574,575,576,-1,576,575,577,-1,576,577,578,-1,578,577,579,-1,578,579,580,-1,580,579,581,-1,580,581,582,-1,582,581,583,-1,582,583,584,-1,584,583,556,-1,584,556,555,-1,585,586,587,-1,585,587,588,-1,588,587,589,-1,588,589,590,-1,590,589,591,-1,590,591,592,-1,592,591,593,-1,592,593,594,-1,594,593,595,-1,594,595,596,-1,596,595,597,-1,596,597,598,-1,598,597,570,-1,598,570,569,-1,599,600,601,-1,599,601,602,-1,602,601,603,-1,602,603,604,-1,604,603,605,-1,604,605,606,-1,606,605,586,-1,606,586,585,-1,607,608,599,-1,599,608,600,-1,607,487,608,-1,608,487,488,-1,489,485,607,-1,607,485,487,-1,553,551,537,-1,491,489,506,-1,506,489,607,-1,506,607,504,-1,504,607,502,-1,599,498,607,-1,607,498,500,-1,607,500,502,-1,599,602,498,-1,498,602,604,-1,498,604,496,-1,496,604,606,-1,496,606,493,-1,493,606,585,-1,493,585,522,-1,553,537,568,-1,568,537,540,-1,568,540,566,-1,566,540,542,-1,566,542,564,-1,564,542,544,-1,564,544,562,-1,562,544,546,-1,562,546,560,-1,560,546,548,-1,560,548,558,-1,558,548,550,-1,558,550,555,-1,555,550,523,-1,555,523,584,-1,584,523,526,-1,584,526,582,-1,582,526,528,-1,582,528,580,-1,580,528,530,-1,580,530,578,-1,578,530,532,-1,578,532,576,-1,576,532,534,-1,576,534,574,-1,574,534,536,-1,574,536,572,-1,572,536,507,-1,572,507,569,-1,569,507,510,-1,569,510,598,-1,510,512,598,-1,598,512,514,-1,598,514,596,-1,596,514,516,-1,596,516,594,-1,594,516,518,-1,594,518,592,-1,592,518,520,-1,592,520,590,-1,590,520,522,-1,590,522,588,-1,588,522,585,-1,609,610,611,-1,611,610,612,-1,613,614,615,-1,613,615,616,-1,616,615,617,-1,616,617,618,-1,618,617,610,-1,618,610,609,-1,619,620,613,-1,613,620,614,-1,621,622,623,-1,621,623,624,-1,624,623,625,-1,624,625,626,-1,626,625,627,-1,626,627,628,-1,628,627,629,-1,628,629,630,-1,630,629,631,-1,630,631,632,-1,632,631,620,-1,632,620,619,-1,633,634,635,-1,633,635,636,-1,636,635,637,-1,636,637,638,-1,638,637,639,-1,638,639,640,-1,640,639,641,-1,640,641,642,-1,642,641,643,-1,642,643,644,-1,644,643,622,-1,644,622,621,-1,645,646,647,-1,645,647,648,-1,648,647,649,-1,648,649,650,-1,650,649,651,-1,650,651,652,-1,652,651,653,-1,652,653,654,-1,654,653,655,-1,654,655,656,-1,656,655,657,-1,656,657,658,-1,658,657,659,-1,658,659,660,-1,660,659,661,-1,660,661,662,-1,662,661,634,-1,662,634,633,-1,663,664,645,-1,645,664,646,-1,665,666,663,-1,663,666,664,-1,667,668,669,-1,667,669,670,-1,670,669,671,-1,670,671,672,-1,672,671,673,-1,672,673,674,-1,674,673,675,-1,674,675,676,-1,676,675,677,-1,676,677,678,-1,678,677,679,-1,678,679,680,-1,680,679,681,-1,680,681,682,-1,682,681,683,-1,682,683,684,-1,684,683,685,-1,684,685,686,-1,686,685,687,-1,686,687,688,-1,688,687,666,-1,688,666,665,-1,689,690,667,-1,667,690,668,-1,691,692,689,-1,689,692,690,-1,693,694,695,-1,693,695,696,-1,696,695,692,-1,696,692,691,-1,697,698,693,-1,693,698,694,-1,697,611,698,-1,698,611,612,-1,642,644,652,-1,650,652,626,-1,619,678,680,-1,644,621,652,-1,652,621,624,-1,652,624,626,-1,626,628,650,-1,650,628,630,-1,650,630,648,-1,648,630,632,-1,691,689,619,-1,689,667,619,-1,619,667,670,-1,619,670,672,-1,619,686,688,-1,611,697,609,-1,609,697,693,-1,609,693,618,-1,618,693,696,-1,618,696,616,-1,616,696,691,-1,616,691,613,-1,613,691,619,-1,672,674,619,-1,619,674,676,-1,619,676,678,-1,636,638,652,-1,652,638,640,-1,652,640,642,-1,680,682,619,-1,619,682,684,-1,619,684,686,-1,688,665,619,-1,619,665,663,-1,619,663,632,-1,632,663,645,-1,632,645,648,-1,652,654,636,-1,636,654,656,-1,636,656,658,-1,658,660,636,-1,636,660,662,-1,636,662,633,-1,
        ]
    }
}
Shape{
    appearance Appearance {
        material  Material 	{
            diffuseColor 0.6784313725490196 0.6784313725490196 0.6784313725490196
            specularColor 0.047058823529411764 0.047058823529411764 0.047058823529411764
            ambientIntensity 0.9686
            transparency 0.0
            shininess 0.5
        }
    }
    geometry IndexedFaceSet {
        ccw TRUE
        solid FALSE
        coord DEF co Coordinate {
            point [
                0.1543 -0.083 0.0197, 0.1619 -0.0756 0.0197, 0.1438 -0.1552 0.0197, 0.1254 -0.0719 0.0197, 0.1365 -0.0743 0.0197, 0.1446 -0.0768 0.0197, 0.1472 -0.0782 0.0197, 0.0354 -0.1653 0.0197, 0.0234 -0.1626 0.0197, 0.0764 -0.1031 0.0197, 0.018 -0.1603 0.0197, 0.018 -0.0105 0.0197, 0.0224 -0.0104 0.0197, 0.0268 -0.0105 0.0197, 0.0478 -0.1662 0.0197, 0.0392 -0.0119 0.0197, 0.048 -0.0131 0.0197, 0.0543 -0.0147 0.0197, 0.0547 -0.1649 0.0197, 0.0731 -0.1416 0.0197, 0.0705 -0.1501 0.0197, 0.0589 -0.0167 0.0197, 0.0623 -0.0194 0.0197, 0.0655 -0.0235 0.0197, 0.0674 -0.1562 0.0197, 0.0637 -0.1605 0.0197, 0.0604 -0.1628 0.0197, 0.0714 -0.037 0.0197, 0.076 -0.0656 0.0197
            ]
        }
        coordIndex [
            0,1,2,-1,2,3,4,-1,4,5,2,-1,2,5,6,-1,2,6,0,-1,7,8,9,-1,10,11,8,-1,8,11,12,-1,8,12,13,-1,7,9,14,-1,13,15,8,-1,8,15,16,-1,8,16,17,-1,14,9,18,-1,18,9,19,-1,18,19,20,-1,17,21,8,-1,8,21,22,-1,8,22,23,-1,20,24,18,-1,18,24,25,-1,18,25,26,-1,23,27,8,-1,8,27,28,-1,8,28,9,-1,
        ]
    }
}
Shape{
    appearance Appearance {
        material  Material 	{
            diffuseColor 0.6470588235294118 0.5176470588235295 0.0
            specularColor 0.45098039215686275 0.3607843137254902 0.0
            ambientIntensity 0.4973
            transparency 0.0
            shininess 0.5
        }
    }
    geometry IndexedFaceSet {
        ccw TRUE
        solid FALSE
        coord DEF co Coordinate {
            point [
                1.7028 -0.6689 0.0984, 1.7028 -0.5975 0.1869, 1.6437 -0.6689 0.0984, 1.6437 -0.5975 0.1869, 1.7028 0.3114 0.0984, 1.6437 0.3114 0.0984, 1.7028 0.4098 0.0, 1.6437 0.4098 0.0, 1.7028 0.5673 0.0, 1.6437 0.5673 0.0, 1.7028 0.5909 0.0236, 1.6437 0.5909 0.0236, 1.7028 0.5909 0.1024, 1.6437 0.5909 0.1024, 1.7028 0.5348 0.1348, 1.6437 0.5348 0.1348, 1.7028 0.002 0.1348, 1.6437 0.002 0.1348, 1.7028 0.002 0.3156, 1.6437 0.002 0.3156, 1.7028 -0.0792 0.3156, 1.6437 -0.0792 0.3156, 1.7028 -0.0792 0.1378, 1.6437 -0.0792 0.1378, 1.7028 -0.5366 0.1378, 1.6437 -0.5366 0.1378, 1.3091 -0.6689 0.0984, 1.3091 -0.5975 0.1869, 1.25 -0.6689 0.0984, 1.25 -0.5975 0.1869, 1.3091 0.3114 0.0984, 1.25 0.3114 0.0984, 1.3091 0.4098 0.0, 1.25 0.4098 0.0, 1.3091 0.5673 0.0, 1.25 0.5673 0.0, 1.3091 0.5909 0.0236, 1.25 0.5909 0.0236, 1.3091 0.5909 0.1024, 1.25 0.5909 0.1024, 1.3091 0.5348 0.1348, 1.25 0.5348 0.1348, 1.3091 0.002 0.1348, 1.25 0.002 0.1348, 1.3091 0.002 0.3156, 1.25 0.002 0.3156, 1.3091 -0.0792 0.3156, 1.25 -0.0792 0.3156, 1.3091 -0.0792 0.1378, 1.25 -0.0792 0.1378, 1.3091 -0.5366 0.1378, 1.25 -0.5366 0.1378, 1.1122 -0.6689 0.0984, 1.1122 -0.5975 0.1869, 1.0531 -0.6689 0.0984, 1.0531 -0.5975 0.1869, 1.1122 0.3114 0.0984, 1.0531 0.3114 0.0984, 1.1122 0.4098 0.0, 1.0531 0.4098 0.0, 1.1122 0.5673 0.0, 1.0531 0.5673 0.0, 1.1122 0.5909 0.0236, 1.0531 0.5909 0.0236, 1.1122 0.5909 0.1024, 1.0531 0.5909 0.1024, 1.1122 0.5348 0.1348, 1.0531 0.5348 0.1348, 1.1122 0.002 0.1348, 1.0531 0.002 0.1348, 1.1122 0.002 0.3156, 1.0531 0.002 0.3156, 1.1122 -0.0792 0.3156, 1.0531 -0.0792 0.3156, 1.1122 -0.0792 0.1378, 1.0531 -0.0792 0.1378, 1.1122 -0.5366 0.1378, 1.0531 -0.5366 0.1378, 0.9154 -0.6689 0.0984, 0.9154 -0.5975 0.1869, 0.8563 -0.6689 0.0984, 0.8563 -0.5975 0.1869, 0.9154 0.3114 0.0984, 0.8563 0.3114 0.0984, 0.9154 0.4098 0.0, 0.8563 0.4098 0.0, 0.9154 0.5673 0.0, 0.8563 0.5673 0.0, 0.9154 0.5909 0.0236, 0.8563 0.5909 0.0236, 0.9154 0.5909 0.1024, 0.8563 0.5909 0.1024, 0.9154 0.5348 0.1348, 0.8563 0.5348 0.1348, 0.9154 0.002 0.1348, 0.8563 0.002 0.1348, 0.9154 0.002 0.3156, 0.8563 0.002 0.3156, 0.9154 -0.0792 0.3156, 0.8563 -0.0792 0.3156, 0.9154 -0.0792 0.1378, 0.8563 -0.0792 0.1378, 0.9154 -0.5366 0.1378, 0.8563 -0.5366 0.1378, 0.7185 -0.6689 0.0984, 0.7185 -0.5975 0.1869, 0.6594 -0.6689 0.0984, 0.6594 -0.5975 0.1869, 0.7185 0.3114 0.0984, 0.6594 0.3114 0.0984, 0.7185 0.4098 0.0, 0.6594 0.4098 0.0, 0.7185 0.5673 0.0, 0.6594 0.5673 0.0, 0.7185 0.5909 0.0236, 0.6594 0.5909 0.0236, 0.7185 0.5909 0.1024, 0.6594 0.5909 0.1024, 0.7185 0.5348 0.1348, 0.6594 0.5348 0.1348, 0.7185 0.002 0.1348, 0.6594 0.002 0.1348, 0.7185 0.002 0.3156, 0.6594 0.002 0.3156, 0.7185 -0.0792 0.3156, 0.6594 -0.0792 0.3156, 0.7185 -0.0792 0.1378, 0.6594 -0.0792 0.1378, 0.7185 -0.5366 0.1378, 0.6594 -0.5366 0.1378, 0.5217 -0.6689 0.0984, 0.5217 -0.5975 0.1869, 0.4626 -0.6689 0.0984, 0.4626 -0.5975 0.1869, 0.5217 0.3114 0.0984, 0.4626 0.3114 0.0984, 0.5217 0.4098 0.0, 0.4626 0.4098 0.0, 0.5217 0.5673 0.0, 0.4626 0.5673 0.0, 0.5217 0.5909 0.0236, 0.4626 0.5909 0.0236, 0.5217 0.5909 0.1024, 0.4626 0.5909 0.1024, 0.5217 0.5348 0.1348, 0.4626 0.5348 0.1348, 0.5217 0.002 0.1348, 0.4626 0.002 0.1348, 0.5217 0.002 0.3156, 0.4626 0.002 0.3156, 0.5217 -0.0792 0.3156, 0.4626 -0.0792 0.3156, 0.5217 -0.0792 0.1378, 0.4626 -0.0792 0.1378, 0.5217 -0.5366 0.1378, 0.4626 -0.5366 0.1378, 0.3248 -0.6689 0.0984, 0.3248 -0.5975 0.1869, 0.2657 -0.6689 0.0984, 0.2657 -0.5975 0.1869, 0.3248 0.3114 0.0984, 0.2657 0.3114 0.0984, 0.3248 0.4098 0.0, 0.2657 0.4098 0.0, 0.3248 0.5673 0.0, 0.2657 0.5673 0.0, 0.3248 0.5909 0.0236, 0.2657 0.5909 0.0236, 0.3248 0.5909 0.1024, 0.2657 0.5909 0.1024, 0.3248 0.5348 0.1348, 0.2657 0.5348 0.1348, 0.3248 0.002 0.1348, 0.2657 0.002 0.1348, 0.3248 0.002 0.3156, 0.2657 0.002 0.3156, 0.3248 -0.0792 0.3156, 0.2657 -0.0792 0.3156, 0.3248 -0.0792 0.1378, 0.2657 -0.0792 0.1378, 0.3248 -0.5366 0.1378, 0.2657 -0.5366 0.1378, 0.128 -0.6689 0.0984, 0.128 -0.5975 0.1869, 0.0689 -0.6689 0.0984, 0.0689 -0.5975 0.1869, 0.128 0.3114 0.0984, 0.0689 0.3114 0.0984, 0.128 0.4098 0.0, 0.0689 0.4098 0.0, 0.128 0.5673 0.0, 0.0689 0.5673 0.0, 0.128 0.5909 0.0236, 0.0689 0.5909 0.0236, 0.128 0.5909 0.1024, 0.0689 0.5909 0.1024, 0.128 0.5348 0.1348, 0.0689 0.5348 0.1348, 0.128 0.002 0.1348, 0.0689 0.002 0.1348, 0.128 0.002 0.3156, 0.0689 0.002 0.3156, 0.128 -0.0792 0.3156, 0.0689 -0.0792 0.3156, 0.128 -0.0792 0.1378, 0.0689 -0.0792 0.1378, 0.128 -0.5366 0.1378, 0.0689 -0.5366 0.1378, -0.0689 -0.6689 0.0984, -0.0689 -0.5975 0.1869, -0.128 -0.6689 0.0984, -0.128 -0.5975 0.1869, -0.0689 0.3114 0.0984, -0.128 0.3114 0.0984, -0.0689 0.4098 0.0, -0.128 0.4098 0.0, -0.0689 0.5673 0.0, -0.128 0.5673 0.0, -0.0689 0.5909 0.0236, -0.128 0.5909 0.0236, -0.0689 0.5909 0.1024, -0.128 0.5909 0.1024, -0.0689 0.5348 0.1348, -0.128 0.5348 0.1348, -0.0689 0.002 0.1348, -0.128 0.002 0.1348, -0.0689 0.002 0.3156, -0.128 0.002 0.3156, -0.0689 -0.0792 0.3156, -0.128 -0.0792 0.3156, -0.0689 -0.0792 0.1378, -0.128 -0.0792 0.1378, -0.0689 -0.5366 0.1378, -0.128 -0.5366 0.1378, -0.2657 -0.6689 0.0984, -0.2657 -0.5975 0.1869, -0.3248 -0.6689 0.0984, -0.3248 -0.5975 0.1869, -0.2657 0.3114 0.0984, -0.3248 0.3114 0.0984, -0.2657 0.4098 0.0, -0.3248 0.4098 0.0, -0.2657 0.5673 0.0, -0.3248 0.5673 0.0, -0.2657 0.5909 0.0236, -0.3248 0.5909 0.0236, -0.2657 0.5909 0.1024, -0.3248 0.5909 0.1024, -0.2657 0.5348 0.1348, -0.3248 0.5348 0.1348, -0.2657 0.002 0.1348, -0.3248 0.002 0.1348, -0.2657 0.002 0.3156, -0.3248 0.002 0.3156, -0.2657 -0.0792 0.3156, -0.3248 -0.0792 0.3156, -0.2657 -0.0792 0.1378, -0.3248 -0.0792 0.1378, -0.2657 -0.5366 0.1378, -0.3248 -0.5366 0.1378, -0.4626 -0.6689 0.0984, -0.4626 -0.5975 0.1869, -0.5217 -0.6689 0.0984, -0.5217 -0.5975 0.1869, -0.4626 0.3114 0.0984, -0.5217 0.3114 0.0984, -0.4626 0.4098 0.0, -0.5217 0.4098 0.0, -0.4626 0.5673 0.0, -0.5217 0.5673 0.0, -0.4626 0.5909 0.0236, -0.5217 0.5909 0.0236, -0.4626 0.5909 0.1024, -0.5217 0.5909 0.1024, -0.4626 0.5348 0.1348, -0.5217 0.5348 0.1348, -0.4626 0.002 0.1348, -0.5217 0.002 0.1348, -0.4626 0.002 0.3156, -0.5217 0.002 0.3156, -0.4626 -0.0792 0.3156, -0.5217 -0.0792 0.3156, -0.4626 -0.0792 0.1378, -0.5217 -0.0792 0.1378, -0.4626 -0.5366 0.1378, -0.5217 -0.5366 0.1378, -0.6594 -0.6689 0.0984, -0.6594 -0.5975 0.1869, -0.7185 -0.6689 0.0984, -0.7185 -0.5975 0.1869, -0.6594 0.3114 0.0984, -0.7185 0.3114 0.0984, -0.6594 0.4098 0.0, -0.7185 0.4098 0.0, -0.6594 0.5673 0.0, -0.7185 0.5673 0.0, -0.6594 0.5909 0.0236, -0.7185 0.5909 0.0236, -0.6594 0.5909 0.1024, -0.7185 0.5909 0.1024, -0.6594 0.5348 0.1348, -0.7185 0.5348 0.1348, -0.6594 0.002 0.1348, -0.7185 0.002 0.1348, -0.6594 0.002 0.3156, -0.7185 0.002 0.3156, -0.6594 -0.0792 0.3156, -0.7185 -0.0792 0.3156, -0.6594 -0.0792 0.1378, -0.7185 -0.0792 0.1378, -0.6594 -0.5366 0.1378, -0.7185 -0.5366 0.1378, -0.8563 -0.6689 0.0984, -0.8563 -0.5975 0.1869, -0.9154 -0.6689 0.0984, -0.9154 -0.5975 0.1869, -0.8563 0.3114 0.0984, -0.9154 0.3114 0.0984, -0.8563 0.4098 0.0, -0.9154 0.4098 0.0, -0.8563 0.5673 0.0, -0.9154 0.5673 0.0, -0.8563 0.5909 0.0236, -0.9154 0.5909 0.0236, -0.8563 0.5909 0.1024, -0.9154 0.5909 0.1024, -0.8563 0.5348 0.1348, -0.9154 0.5348 0.1348, -0.8563 0.002 0.1348, -0.9154 0.002 0.1348, -0.8563 0.002 0.3156, -0.9154 0.002 0.3156, -0.8563 -0.0792 0.3156, -0.9154 -0.0792 0.3156, -0.8563 -0.0792 0.1378, -0.9154 -0.0792 0.1378, -0.8563 -0.5366 0.1378, -0.9154 -0.5366 0.1378, -1.0531 -0.6689 0.0984, -1.0531 -0.5975 0.1869, -1.1122 -0.6689 0.0984, -1.1122 -0.5975 0.1869, -1.0531 0.3114 0.0984, -1.1122 0.3114 0.0984, -1.0531 0.4098 0.0, -1.1122 0.4098 0.0, -1.0531 0.5673 0.0, -1.1122 0.5673 0.0, -1.0531 0.5909 0.0236, -1.1122 0.5909 0.0236, -1.0531 0.5909 0.1024, -1.1122 0.5909 0.1024, -1.0531 0.5348 0.1348, -1.1122 0.5348 0.1348, -1.0531 0.002 0.1348, -1.1122 0.002 0.1348, -1.0531 0.002 0.3156, -1.1122 0.002 0.3156, -1.0531 -0.0792 0.3156, -1.1122 -0.0792 0.3156, -1.0531 -0.0792 0.1378, -1.1122 -0.0792 0.1378, -1.0531 -0.5366 0.1378, -1.1122 -0.5366 0.1378, -1.25 -0.6689 0.0984, -1.25 -0.5975 0.1869, -1.3091 -0.6689 0.0984, -1.3091 -0.5975 0.1869, -1.25 0.3114 0.0984, -1.3091 0.3114 0.0984, -1.25 0.4098 0.0, -1.3091 0.4098 0.0, -1.25 0.5673 0.0, -1.3091 0.5673 0.0, -1.25 0.5909 0.0236, -1.3091 0.5909 0.0236, -1.25 0.5909 0.1024, -1.3091 0.5909 0.1024, -1.25 0.5348 0.1348, -1.3091 0.5348 0.1348, -1.25 0.002 0.1348, -1.3091 0.002 0.1348, -1.25 0.002 0.3156, -1.3091 0.002 0.3156, -1.25 -0.0792 0.3156, -1.3091 -0.0792 0.3156, -1.25 -0.0792 0.1378, -1.3091 -0.0792 0.1378, -1.25 -0.5366 0.1378, -1.3091 -0.5366 0.1378, -1.4469 -0.6689 0.0984, -1.4469 -0.5975 0.1869, -1.5059 -0.6689 0.0984, -1.5059 -0.5975 0.1869, -1.4469 0.3114 0.0984, -1.5059 0.3114 0.0984, -1.4469 0.4098 0.0, -1.5059 0.4098 0.0, -1.4469 0.5673 0.0, -1.5059 0.5673 0.0, -1.4469 0.5909 0.0236, -1.5059 0.5909 0.0236, -1.4469 0.5909 0.1024, -1.5059 0.5909 0.1024, -1.4469 0.5348 0.1348, -1.5059 0.5348 0.1348, -1.4469 0.002 0.1348, -1.5059 0.002 0.1348, -1.4469 0.002 0.3156, -1.5059 0.002 0.3156, -1.4469 -0.0792 0.3156, -1.5059 -0.0792 0.3156, -1.4469 -0.0792 0.1378, -1.5059 -0.0792 0.1378, -1.4469 -0.5366 0.1378, -1.5059 -0.5366 0.1378, -1.6437 -0.6689 0.0984, -1.6437 -0.5975 0.1869, -1.7028 -0.6689 0.0984, -1.7028 -0.5975 0.1869, -1.6437 0.3114 0.0984, -1.7028 0.3114 0.0984, -1.6437 0.4098 0.0, -1.7028 0.4098 0.0, -1.6437 0.5673 0.0, -1.7028 0.5673 0.0, -1.6437 0.5909 0.0236, -1.7028 0.5909 0.0236, -1.6437 0.5909 0.1024, -1.7028 0.5909 0.1024, -1.6437 0.5348 0.1348, -1.7028 0.5348 0.1348, -1.6437 0.002 0.1348, -1.7028 0.002 0.1348, -1.6437 0.002 0.3156, -1.7028 0.002 0.3156, -1.6437 -0.0792 0.3156, -1.7028 -0.0792 0.3156, -1.6437 -0.0792 0.1378, -1.7028 -0.0792 0.1378, -1.6437 -0.5366 0.1378, -1.7028 -0.5366 0.1378, -1.8406 -0.6689 0.0984, -1.8406 -0.5975 0.1869, -1.8996 -0.6689 0.0984, -1.8996 -0.5975 0.1869, -1.8406 0.3114 0.0984, -1.8996 0.3114 0.0984, -1.8406 0.4098 0.0, -1.8996 0.4098 0.0, -1.8406 0.5673 0.0, -1.8996 0.5673 0.0, -1.8406 0.5909 0.0236, -1.8996 0.5909 0.0236, -1.8406 0.5909 0.1024, -1.8996 0.5909 0.1024, -1.8406 0.5348 0.1348, -1.8996 0.5348 0.1348, -1.8406 0.002 0.1348, -1.8996 0.002 0.1348, -1.8406 0.002 0.3156, -1.8996 0.002 0.3156, -1.8406 -0.0792 0.3156, -1.8996 -0.0792 0.3156, -1.8406 -0.0792 0.1378, -1.8996 -0.0792 0.1378, -1.8406 -0.5366 0.1378, -1.8996 -0.5366 0.1378
            ]
        }
        coordIndex [
            0,1,2,-1,2,1,3,-1,4,0,5,-1,5,0,2,-1,6,4,7,-1,7,4,5,-1,8,6,9,-1,9,6,7,-1,10,8,11,-1,11,8,9,-1,12,10,13,-1,13,10,11,-1,14,12,15,-1,15,12,13,-1,16,14,17,-1,17,14,15,-1,18,16,19,-1,19,16,17,-1,20,18,21,-1,21,18,19,-1,22,20,23,-1,23,20,21,-1,24,22,25,-1,25,22,23,-1,1,24,3,-1,3,24,25,-1,24,1,0,-1,18,20,16,-1,16,20,22,-1,10,12,8,-1,8,12,14,-1,8,14,6,-1,6,14,4,-1,4,14,16,-1,4,16,0,-1,0,16,22,-1,0,22,24,-1,3,25,2,-1,2,25,23,-1,2,23,5,-1,15,13,11,-1,9,7,5,-1,21,19,23,-1,23,19,17,-1,23,17,5,-1,5,17,15,-1,5,15,9,-1,9,15,11,-1,26,27,28,-1,28,27,29,-1,30,26,31,-1,31,26,28,-1,32,30,33,-1,33,30,31,-1,34,32,35,-1,35,32,33,-1,36,34,37,-1,37,34,35,-1,38,36,39,-1,39,36,37,-1,40,38,41,-1,41,38,39,-1,42,40,43,-1,43,40,41,-1,44,42,45,-1,45,42,43,-1,46,44,47,-1,47,44,45,-1,48,46,49,-1,49,46,47,-1,50,48,51,-1,51,48,49,-1,27,50,29,-1,29,50,51,-1,50,27,26,-1,44,46,42,-1,42,46,48,-1,36,38,34,-1,34,38,40,-1,34,40,32,-1,32,40,30,-1,30,40,42,-1,30,42,26,-1,26,42,48,-1,26,48,50,-1,29,51,28,-1,28,51,49,-1,28,49,31,-1,41,39,37,-1,35,33,31,-1,47,45,49,-1,49,45,43,-1,49,43,31,-1,31,43,41,-1,31,41,35,-1,35,41,37,-1,52,53,54,-1,54,53,55,-1,56,52,57,-1,57,52,54,-1,58,56,59,-1,59,56,57,-1,60,58,61,-1,61,58,59,-1,62,60,63,-1,63,60,61,-1,64,62,65,-1,65,62,63,-1,66,64,67,-1,67,64,65,-1,68,66,69,-1,69,66,67,-1,70,68,71,-1,71,68,69,-1,72,70,73,-1,73,70,71,-1,74,72,75,-1,75,72,73,-1,76,74,77,-1,77,74,75,-1,53,76,55,-1,55,76,77,-1,76,53,52,-1,70,72,68,-1,68,72,74,-1,62,64,60,-1,60,64,66,-1,60,66,58,-1,58,66,56,-1,56,66,68,-1,56,68,52,-1,52,68,74,-1,52,74,76,-1,55,77,54,-1,54,77,75,-1,54,75,57,-1,67,65,63,-1,61,59,57,-1,73,71,75,-1,75,71,69,-1,75,69,57,-1,57,69,67,-1,57,67,61,-1,61,67,63,-1,78,79,80,-1,80,79,81,-1,82,78,83,-1,83,78,80,-1,84,82,85,-1,85,82,83,-1,86,84,87,-1,87,84,85,-1,88,86,89,-1,89,86,87,-1,90,88,91,-1,91,88,89,-1,92,90,93,-1,93,90,91,-1,94,92,95,-1,95,92,93,-1,96,94,97,-1,97,94,95,-1,98,96,99,-1,99,96,97,-1,100,98,101,-1,101,98,99,-1,102,100,103,-1,103,100,101,-1,79,102,81,-1,81,102,103,-1,102,79,78,-1,96,98,94,-1,94,98,100,-1,88,90,86,-1,86,90,92,-1,86,92,84,-1,84,92,82,-1,82,92,94,-1,82,94,78,-1,78,94,100,-1,78,100,102,-1,81,103,80,-1,80,103,101,-1,80,101,83,-1,93,91,89,-1,87,85,83,-1,99,97,101,-1,101,97,95,-1,101,95,83,-1,83,95,93,-1,83,93,87,-1,87,93,89,-1,104,105,106,-1,106,105,107,-1,108,104,109,-1,109,104,106,-1,110,108,111,-1,111,108,109,-1,112,110,113,-1,113,110,111,-1,114,112,115,-1,115,112,113,-1,116,114,117,-1,117,114,115,-1,118,116,119,-1,119,116,117,-1,120,118,121,-1,121,118,119,-1,122,120,123,-1,123,120,121,-1,124,122,125,-1,125,122,123,-1,126,124,127,-1,127,124,125,-1,128,126,129,-1,129,126,127,-1,105,128,107,-1,107,128,129,-1,128,105,104,-1,122,124,120,-1,120,124,126,-1,114,116,112,-1,112,116,118,-1,112,118,110,-1,110,118,108,-1,108,118,120,-1,108,120,104,-1,104,120,126,-1,104,126,128,-1,107,129,106,-1,106,129,127,-1,106,127,109,-1,119,117,115,-1,113,111,109,-1,125,123,127,-1,127,123,121,-1,127,121,109,-1,109,121,119,-1,109,119,113,-1,113,119,115,-1,130,131,132,-1,132,131,133,-1,134,130,135,-1,135,130,132,-1,136,134,137,-1,137,134,135,-1,138,136,139,-1,139,136,137,-1,140,138,141,-1,141,138,139,-1,142,140,143,-1,143,140,141,-1,144,142,145,-1,145,142,143,-1,146,144,147,-1,147,144,145,-1,148,146,149,-1,149,146,147,-1,150,148,151,-1,151,148,149,-1,152,150,153,-1,153,150,151,-1,154,152,155,-1,155,152,153,-1,131,154,133,-1,133,154,155,-1,154,131,130,-1,148,150,146,-1,146,150,152,-1,140,142,138,-1,138,142,144,-1,138,144,136,-1,136,144,134,-1,134,144,146,-1,134,146,130,-1,130,146,152,-1,130,152,154,-1,133,155,132,-1,132,155,153,-1,132,153,135,-1,145,143,141,-1,139,137,135,-1,151,149,153,-1,153,149,147,-1,153,147,135,-1,135,147,145,-1,135,145,139,-1,139,145,141,-1,156,157,158,-1,158,157,159,-1,160,156,161,-1,161,156,158,-1,162,160,163,-1,163,160,161,-1,164,162,165,-1,165,162,163,-1,166,164,167,-1,167,164,165,-1,168,166,169,-1,169,166,167,-1,170,168,171,-1,171,168,169,-1,172,170,173,-1,173,170,171,-1,174,172,175,-1,175,172,173,-1,176,174,177,-1,177,174,175,-1,178,176,179,-1,179,176,177,-1,180,178,181,-1,181,178,179,-1,157,180,159,-1,159,180,181,-1,180,157,156,-1,174,176,172,-1,172,176,178,-1,166,168,164,-1,164,168,170,-1,164,170,162,-1,162,170,160,-1,160,170,172,-1,160,172,156,-1,156,172,178,-1,156,178,180,-1,159,181,158,-1,158,181,179,-1,158,179,161,-1,171,169,167,-1,165,163,161,-1,177,175,179,-1,179,175,173,-1,179,173,161,-1,161,173,171,-1,161,171,165,-1,165,171,167,-1,182,183,184,-1,184,183,185,-1,186,182,187,-1,187,182,184,-1,188,186,189,-1,189,186,187,-1,190,188,191,-1,191,188,189,-1,192,190,193,-1,193,190,191,-1,194,192,195,-1,195,192,193,-1,196,194,197,-1,197,194,195,-1,198,196,199,-1,199,196,197,-1,200,198,201,-1,201,198,199,-1,202,200,203,-1,203,200,201,-1,204,202,205,-1,205,202,203,-1,206,204,207,-1,207,204,205,-1,183,206,185,-1,185,206,207,-1,206,183,182,-1,200,202,198,-1,198,202,204,-1,192,194,190,-1,190,194,196,-1,190,196,188,-1,188,196,186,-1,186,196,198,-1,186,198,182,-1,182,198,204,-1,182,204,206,-1,185,207,184,-1,184,207,205,-1,184,205,187,-1,197,195,193,-1,191,189,187,-1,203,201,205,-1,205,201,199,-1,205,199,187,-1,187,199,197,-1,187,197,191,-1,191,197,193,-1,208,209,210,-1,210,209,211,-1,212,208,213,-1,213,208,210,-1,214,212,215,-1,215,212,213,-1,216,214,217,-1,217,214,215,-1,218,216,219,-1,219,216,217,-1,220,218,221,-1,221,218,219,-1,222,220,223,-1,223,220,221,-1,224,222,225,-1,225,222,223,-1,226,224,227,-1,227,224,225,-1,228,226,229,-1,229,226,227,-1,230,228,231,-1,231,228,229,-1,232,230,233,-1,233,230,231,-1,209,232,211,-1,211,232,233,-1,232,209,208,-1,226,228,224,-1,224,228,230,-1,218,220,216,-1,216,220,222,-1,216,222,214,-1,214,222,212,-1,212,222,224,-1,212,224,208,-1,208,224,230,-1,208,230,232,-1,211,233,210,-1,210,233,231,-1,210,231,213,-1,223,221,219,-1,217,215,213,-1,229,227,231,-1,231,227,225,-1,231,225,213,-1,213,225,223,-1,213,223,217,-1,217,223,219,-1,234,235,236,-1,236,235,237,-1,238,234,239,-1,239,234,236,-1,240,238,241,-1,241,238,239,-1,242,240,243,-1,243,240,241,-1,244,242,245,-1,245,242,243,-1,246,244,247,-1,247,244,245,-1,248,246,249,-1,249,246,247,-1,250,248,251,-1,251,248,249,-1,252,250,253,-1,253,250,251,-1,254,252,255,-1,255,252,253,-1,256,254,257,-1,257,254,255,-1,258,256,259,-1,259,256,257,-1,235,258,237,-1,237,258,259,-1,258,235,234,-1,252,254,250,-1,250,254,256,-1,244,246,242,-1,242,246,248,-1,242,248,240,-1,240,248,238,-1,238,248,250,-1,238,250,234,-1,234,250,256,-1,234,256,258,-1,237,259,236,-1,236,259,257,-1,236,257,239,-1,249,247,245,-1,243,241,239,-1,255,253,257,-1,257,253,251,-1,257,251,239,-1,239,251,249,-1,239,249,243,-1,243,249,245,-1,260,261,262,-1,262,261,263,-1,264,260,265,-1,265,260,262,-1,266,264,267,-1,267,264,265,-1,268,266,269,-1,269,266,267,-1,270,268,271,-1,271,268,269,-1,272,270,273,-1,273,270,271,-1,274,272,275,-1,275,272,273,-1,276,274,277,-1,277,274,275,-1,278,276,279,-1,279,276,277,-1,280,278,281,-1,281,278,279,-1,282,280,283,-1,283,280,281,-1,284,282,285,-1,285,282,283,-1,261,284,263,-1,263,284,285,-1,284,261,260,-1,278,280,276,-1,276,280,282,-1,270,272,268,-1,268,272,274,-1,268,274,266,-1,266,274,264,-1,264,274,276,-1,264,276,260,-1,260,276,282,-1,260,282,284,-1,263,285,262,-1,262,285,283,-1,262,283,265,-1,275,273,271,-1,269,267,265,-1,281,279,283,-1,283,279,277,-1,283,277,265,-1,265,277,275,-1,265,275,269,-1,269,275,271,-1,286,287,288,-1,288,287,289,-1,290,286,291,-1,291,286,288,-1,292,290,293,-1,293,290,291,-1,294,292,295,-1,295,292,293,-1,296,294,297,-1,297,294,295,-1,298,296,299,-1,299,296,297,-1,300,298,301,-1,301,298,299,-1,302,300,303,-1,303,300,301,-1,304,302,305,-1,305,302,303,-1,306,304,307,-1,307,304,305,-1,308,306,309,-1,309,306,307,-1,310,308,311,-1,311,308,309,-1,287,310,289,-1,289,310,311,-1,310,287,286,-1,304,306,302,-1,302,306,308,-1,296,298,294,-1,294,298,300,-1,294,300,292,-1,292,300,290,-1,290,300,302,-1,290,302,286,-1,286,302,308,-1,286,308,310,-1,289,311,288,-1,288,311,309,-1,288,309,291,-1,301,299,297,-1,295,293,291,-1,307,305,309,-1,309,305,303,-1,309,303,291,-1,291,303,301,-1,291,301,295,-1,295,301,297,-1,312,313,314,-1,314,313,315,-1,316,312,317,-1,317,312,314,-1,318,316,319,-1,319,316,317,-1,320,318,321,-1,321,318,319,-1,322,320,323,-1,323,320,321,-1,324,322,325,-1,325,322,323,-1,326,324,327,-1,327,324,325,-1,328,326,329,-1,329,326,327,-1,330,328,331,-1,331,328,329,-1,332,330,333,-1,333,330,331,-1,334,332,335,-1,335,332,333,-1,336,334,337,-1,337,334,335,-1,313,336,315,-1,315,336,337,-1,336,313,312,-1,330,332,328,-1,328,332,334,-1,322,324,320,-1,320,324,326,-1,320,326,318,-1,318,326,316,-1,316,326,328,-1,316,328,312,-1,312,328,334,-1,312,334,336,-1,315,337,314,-1,314,337,335,-1,314,335,317,-1,327,325,323,-1,321,319,317,-1,333,331,335,-1,335,331,329,-1,335,329,317,-1,317,329,327,-1,317,327,321,-1,321,327,323,-1,338,339,340,-1,340,339,341,-1,342,338,343,-1,343,338,340,-1,344,342,345,-1,345,342,343,-1,346,344,347,-1,347,344,345,-1,348,346,349,-1,349,346,347,-1,350,348,351,-1,351,348,349,-1,352,350,353,-1,353,350,351,-1,354,352,355,-1,355,352,353,-1,356,354,357,-1,357,354,355,-1,358,356,359,-1,359,356,357,-1,360,358,361,-1,361,358,359,-1,362,360,363,-1,363,360,361,-1,339,362,341,-1,341,362,363,-1,362,339,338,-1,356,358,354,-1,354,358,360,-1,348,350,346,-1,346,350,352,-1,346,352,344,-1,344,352,342,-1,342,352,354,-1,342,354,338,-1,338,354,360,-1,338,360,362,-1,341,363,340,-1,340,363,361,-1,340,361,343,-1,353,351,349,-1,347,345,343,-1,359,357,361,-1,361,357,355,-1,361,355,343,-1,343,355,353,-1,343,353,347,-1,347,353,349,-1,364,365,366,-1,366,365,367,-1,368,364,369,-1,369,364,366,-1,370,368,371,-1,371,368,369,-1,372,370,373,-1,373,370,371,-1,374,372,375,-1,375,372,373,-1,376,374,377,-1,377,374,375,-1,378,376,379,-1,379,376,377,-1,380,378,381,-1,381,378,379,-1,382,380,383,-1,383,380,381,-1,384,382,385,-1,385,382,383,-1,386,384,387,-1,387,384,385,-1,388,386,389,-1,389,386,387,-1,365,388,367,-1,367,388,389,-1,388,365,364,-1,382,384,380,-1,380,384,386,-1,374,376,372,-1,372,376,378,-1,372,378,370,-1,370,378,368,-1,368,378,380,-1,368,380,364,-1,364,380,386,-1,364,386,388,-1,367,389,366,-1,366,389,387,-1,366,387,369,-1,379,377,375,-1,373,371,369,-1,385,383,387,-1,387,383,381,-1,387,381,369,-1,369,381,379,-1,369,379,373,-1,373,379,375,-1,390,391,392,-1,392,391,393,-1,394,390,395,-1,395,390,392,-1,396,394,397,-1,397,394,395,-1,398,396,399,-1,399,396,397,-1,400,398,401,-1,401,398,399,-1,402,400,403,-1,403,400,401,-1,404,402,405,-1,405,402,403,-1,406,404,407,-1,407,404,405,-1,408,406,409,-1,409,406,407,-1,410,408,411,-1,411,408,409,-1,412,410,413,-1,413,410,411,-1,414,412,415,-1,415,412,413,-1,391,414,393,-1,393,414,415,-1,414,391,390,-1,408,410,406,-1,406,410,412,-1,400,402,398,-1,398,402,404,-1,398,404,396,-1,396,404,394,-1,394,404,406,-1,394,406,390,-1,390,406,412,-1,390,412,414,-1,393,415,392,-1,392,415,413,-1,392,413,395,-1,405,403,401,-1,399,397,395,-1,411,409,413,-1,413,409,407,-1,413,407,395,-1,395,407,405,-1,395,405,399,-1,399,405,401,-1,416,417,418,-1,418,417,419,-1,420,416,421,-1,421,416,418,-1,422,420,423,-1,423,420,421,-1,424,422,425,-1,425,422,423,-1,426,424,427,-1,427,424,425,-1,428,426,429,-1,429,426,427,-1,430,428,431,-1,431,428,429,-1,432,430,433,-1,433,430,431,-1,434,432,435,-1,435,432,433,-1,436,434,437,-1,437,434,435,-1,438,436,439,-1,439,436,437,-1,440,438,441,-1,441,438,439,-1,417,440,419,-1,419,440,441,-1,440,417,416,-1,434,436,432,-1,432,436,438,-1,426,428,424,-1,424,428,430,-1,424,430,422,-1,422,430,420,-1,420,430,432,-1,420,432,416,-1,416,432,438,-1,416,438,440,-1,419,441,418,-1,418,441,439,-1,418,439,421,-1,431,429,427,-1,425,423,421,-1,437,435,439,-1,439,435,433,-1,439,433,421,-1,421,433,431,-1,421,431,425,-1,425,431,427,-1,442,443,444,-1,444,443,445,-1,446,442,447,-1,447,442,444,-1,448,446,449,-1,449,446,447,-1,450,448,451,-1,451,448,449,-1,452,450,453,-1,453,450,451,-1,454,452,455,-1,455,452,453,-1,456,454,457,-1,457,454,455,-1,458,456,459,-1,459,456,457,-1,460,458,461,-1,461,458,459,-1,462,460,463,-1,463,460,461,-1,464,462,465,-1,465,462,463,-1,466,464,467,-1,467,464,465,-1,443,466,445,-1,445,466,467,-1,466,443,442,-1,460,462,458,-1,458,462,464,-1,452,454,450,-1,450,454,456,-1,450,456,448,-1,448,456,446,-1,446,456,458,-1,446,458,442,-1,442,458,464,-1,442,464,466,-1,445,467,444,-1,444,467,465,-1,444,465,447,-1,457,455,453,-1,451,449,447,-1,463,461,465,-1,465,461,459,-1,465,459,447,-1,447,459,457,-1,447,457,451,-1,451,457,453,-1,
        ]
    }
}