#VRML V2.0 utf8
# 3D model generated by easyeda2kicad.py (https://github.com/uPesy/easyeda2kicad.py)

Shape{
    appearance Appearance {
        material  Material 	{
            diffuseColor 0.25098039215686274 0.25098039215686274 0.25098039215686274
            specularColor 0.12549019607843137 0.12549019607843137 0.12549019607843137
            ambientIntensity 0.251
            transparency 0.0
            shininess 0.5
        }
    }
    geometry IndexedFaceSet {
        ccw TRUE
        solid FALSE
        coord DEF co Coordinate {
            point [
                -3.6004 0.8376 0.7953, -3.6004 0.8376 0.5591, -3.6004 -0.2864 0.7953, -3.6004 0.6408 0.3622, -3.6004 -0.2864 0.3622, 3.565 0.877 0.5984, -3.561 0.877 0.5984, 3.565 0.877 0.7953, -3.561 0.877 0.7953, -3.2461 -0.0305 0.3622, 3.25 -0.0305 0.3622, -3.2461 -0.0305 0.7953, 3.25 -0.0305 0.7953, -3.2461 -0.1486 0.3622, -3.2461 -0.1486 0.7953, -3.4429 -0.1486 0.3622, -3.4429 -0.1486 0.7953, -3.4429 -0.3455 0.3622, -3.4429 -0.3455 0.7953, -3.4961 -0.3455 0.3622, -3.4961 -0.3455 0.7953, -3.4961 -0.2864 0.3622, -3.4961 -0.2864 0.7953, 3.4469 -0.1486 0.3622, 3.25 -0.1486 0.3622, 3.6043 0.6408 0.3622, 3.6043 -0.2864 0.3622, 3.5 -0.2864 0.3622, 3.5 -0.3455 0.3622, 3.4469 -0.3455 0.3622, 3.6043 0.8376 0.7953, 3.25 -0.1486 0.7953, 3.4469 -0.1486 0.7953, 3.6043 -0.2864 0.7953, 3.5 -0.2864 0.7953, 3.5 -0.3455 0.7953, 3.4469 -0.3455 0.7953, 3.6043 0.8376 0.5591
            ]
        }
        coordIndex [
            0,1,2,-1,2,1,3,-1,2,3,4,-1,5,6,7,-1,7,6,8,-1,9,10,11,-1,11,10,12,-1,13,9,14,-1,14,9,11,-1,15,13,16,-1,16,13,14,-1,17,15,18,-1,18,15,16,-1,19,17,20,-1,20,17,18,-1,21,19,22,-1,22,19,20,-1,4,21,2,-1,2,21,22,-1,23,24,10,-1,25,26,27,-1,28,29,27,-1,27,29,23,-1,27,23,25,-1,25,23,10,-1,25,10,3,-1,10,9,3,-1,3,9,13,-1,3,13,15,-1,4,3,21,-1,21,3,15,-1,21,15,19,-1,19,15,17,-1,16,14,11,-1,0,2,22,-1,20,18,22,-1,22,18,16,-1,22,16,0,-1,0,16,11,-1,0,11,8,-1,8,11,12,-1,8,12,7,-1,7,12,30,-1,30,12,31,-1,30,31,32,-1,33,30,34,-1,34,30,32,-1,34,32,35,-1,35,32,36,-1,37,30,25,-1,25,30,33,-1,25,33,26,-1,10,24,12,-1,12,24,31,-1,24,23,31,-1,31,23,32,-1,23,29,32,-1,32,29,36,-1,29,28,36,-1,36,28,35,-1,28,27,35,-1,35,27,34,-1,27,26,34,-1,34,26,33,-1,25,3,1,-1,6,5,1,-1,1,5,37,-1,1,37,25,-1,7,30,5,-1,5,30,37,-1,0,8,1,-1,1,8,6,-1,
        ]
    }
}
Shape{
    appearance Appearance {
        material  Material 	{
            diffuseColor 0.7529411764705882 0.7529411764705882 0.7529411764705882
            specularColor 0.3764705882352941 0.3764705882352941 0.3764705882352941
            ambientIntensity 0.7529
            transparency 0.0
            shininess 0.5
        }
    }
    geometry IndexedFaceSet {
        ccw TRUE
        solid FALSE
        coord DEF co Coordinate {
            point [
                -3.8563 -0.7459 0.0, -3.8563 -0.8573 0.0, -3.8563 -0.7459 0.0787, -3.8563 -0.8573 0.0787, -3.5945 -0.936 0.6378, -3.5157 -0.936 0.6378, -3.5945 -0.3061 0.6378, -3.5157 -0.3061 0.6378, -3.5945 -0.936 0.1181, -3.5945 -0.3061 0.1181, -3.5958 -0.936 0.1079, -3.5958 -0.3061 0.1079, -3.5998 -0.936 0.0984, -3.5998 -0.3061 0.0984, -3.606 -0.936 0.0903, -3.606 -0.3061 0.0903, -3.6142 -0.936 0.084, -3.6142 -0.3061 0.084, -3.6237 -0.936 0.0801, -3.6237 -0.3061 0.0801, -3.6339 -0.936 0.0787, -3.6339 -0.3061 0.0787, -3.8062 -0.5738 0.0787, -3.796 -0.5878 0.0787, -3.796 -0.6543 0.0787, -3.8062 -0.6683 0.0787, -3.8196 -0.5628 0.0787, -3.7896 -0.6039 0.0787, -3.7874 -0.6211 0.0787, -3.7896 -0.6382 0.0787, -3.7776 -0.936 0.0787, -3.8196 -0.6793 0.0787, -3.832 -0.6891 0.0787, -3.8423 -0.7012 0.0787, -3.85 -0.5271 0.0787, -3.8423 -0.541 0.0787, -3.832 -0.553 0.0787, -3.85 -0.715 0.0787, -3.8547 -0.7302 0.0787, -3.8543 -0.8748 0.0787, -3.8485 -0.8914 0.0787, -3.8391 -0.9064 0.0787, -3.8117 -0.3139 0.0787, -3.8267 -0.3233 0.0787, -3.8391 -0.3357 0.0787, -3.7776 -0.3061 0.0787, -3.8485 -0.3507 0.0787, -3.8543 -0.3673 0.0787, -3.8563 -0.3848 0.0787, -3.8563 -0.4962 0.0787, -3.8547 -0.5119 0.0787, -3.8267 -0.9188 0.0787, -3.8117 -0.9282 0.0787, -3.7951 -0.934 0.0787, -3.7951 -0.3081 0.0787, -3.8563 -0.4962 0.0, -3.8563 -0.3848 0.0, -3.8062 -0.6683 0.0, -3.796 -0.6543 0.0, -3.6339 -0.936 0.0, -3.8196 -0.6793 0.0, -3.7896 -0.6382 0.0, -3.7874 -0.6211 0.0, -3.6339 -0.3061 0.0, -3.7896 -0.6039 0.0, -3.796 -0.5878 0.0, -3.8062 -0.5738 0.0, -3.85 -0.715 0.0, -3.8423 -0.7012 0.0, -3.832 -0.6891 0.0, -3.7776 -0.3061 0.0, -3.8117 -0.9282 0.0, -3.8267 -0.9188 0.0, -3.8391 -0.9064 0.0, -3.7776 -0.936 0.0, -3.8485 -0.8914 0.0, -3.8543 -0.8748 0.0, -3.8547 -0.7302 0.0, -3.8196 -0.5628 0.0, -3.832 -0.553 0.0, -3.8423 -0.541 0.0, -3.85 -0.5271 0.0, -3.8547 -0.5119 0.0, -3.8543 -0.3673 0.0, -3.8485 -0.3507 0.0, -3.8391 -0.3357 0.0, -3.7951 -0.934 0.0, -3.8267 -0.3233 0.0, -3.8117 -0.3139 0.0, -3.7951 -0.3081 0.0, -3.6108 -0.3061 0.0023, -3.6108 -0.936 0.0023, -3.5887 -0.3061 0.009, -3.5887 -0.936 0.009, -3.5682 -0.3061 0.0199, -3.5682 -0.936 0.0199, -3.5503 -0.3061 0.0346, -3.5503 -0.936 0.0346, -3.5357 -0.3061 0.0525, -3.5357 -0.936 0.0525, -3.5247 -0.3061 0.0729, -3.5247 -0.936 0.0729, -3.518 -0.3061 0.0951, -3.518 -0.936 0.0951, -3.5157 -0.3061 0.1181, -3.5157 -0.936 0.1181, 3.8602 -0.8573 0.0, 3.8602 -0.7459 0.0, 3.8602 -0.8573 0.0787, 3.8602 -0.7459 0.0787, 3.5197 -0.936 0.6378, 3.5984 -0.936 0.6378, 3.5197 -0.3061 0.6378, 3.5984 -0.3061 0.6378, 3.5984 -0.936 0.1181, 3.5984 -0.3061 0.1181, 3.6378 -0.936 0.0787, 3.6378 -0.3061 0.0787, 3.6276 -0.936 0.0801, 3.6276 -0.3061 0.0801, 3.6181 -0.936 0.084, 3.6181 -0.3061 0.084, 3.61 -0.936 0.0903, 3.61 -0.3061 0.0903, 3.6037 -0.936 0.0984, 3.6037 -0.3061 0.0984, 3.5998 -0.936 0.1079, 3.5998 -0.3061 0.1079, 3.7935 -0.6039 0.0787, 3.7999 -0.5878 0.0787, 3.8101 -0.5738 0.0787, 3.8235 -0.6793 0.0787, 3.8101 -0.6683 0.0787, 3.7999 -0.6543 0.0787, 3.7935 -0.6382 0.0787, 3.7913 -0.6211 0.0787, 3.8602 -0.4962 0.0787, 3.7815 -0.3061 0.0787, 3.8602 -0.3848 0.0787, 3.8235 -0.5628 0.0787, 3.836 -0.553 0.0787, 3.8463 -0.541 0.0787, 3.8539 -0.715 0.0787, 3.8463 -0.7012 0.0787, 3.836 -0.6891 0.0787, 3.8539 -0.5271 0.0787, 3.8586 -0.5119 0.0787, 3.8583 -0.3673 0.0787, 3.8524 -0.3507 0.0787, 3.8431 -0.3357 0.0787, 3.8583 -0.8748 0.0787, 3.7815 -0.936 0.0787, 3.8586 -0.7302 0.0787, 3.8306 -0.3233 0.0787, 3.8157 -0.3139 0.0787, 3.799 -0.3081 0.0787, 3.8524 -0.8914 0.0787, 3.799 -0.934 0.0787, 3.8431 -0.9064 0.0787, 3.8157 -0.9282 0.0787, 3.8306 -0.9188 0.0787, 3.8602 -0.3848 0.0, 3.8602 -0.4962 0.0, 3.8101 -0.5738 0.0, 3.7999 -0.5878 0.0, 3.6378 -0.3061 0.0, 3.8235 -0.5628 0.0, 3.6378 -0.936 0.0, 3.7999 -0.6543 0.0, 3.8101 -0.6683 0.0, 3.7935 -0.6039 0.0, 3.7913 -0.6211 0.0, 3.7935 -0.6382 0.0, 3.8539 -0.5271 0.0, 3.8463 -0.541 0.0, 3.836 -0.553 0.0, 3.7815 -0.936 0.0, 3.8157 -0.3139 0.0, 3.8306 -0.3233 0.0, 3.8431 -0.3357 0.0, 3.7815 -0.3061 0.0, 3.8524 -0.3507 0.0, 3.8583 -0.3673 0.0, 3.8586 -0.5119 0.0, 3.8235 -0.6793 0.0, 3.836 -0.6891 0.0, 3.8463 -0.7012 0.0, 3.8539 -0.715 0.0, 3.8586 -0.7302 0.0, 3.799 -0.3081 0.0, 3.8583 -0.8748 0.0, 3.8524 -0.8914 0.0, 3.799 -0.934 0.0, 3.8431 -0.9064 0.0, 3.8157 -0.9282 0.0, 3.8306 -0.9188 0.0, 3.5197 -0.936 0.1181, 3.5197 -0.3061 0.1181, 3.522 -0.3061 0.0951, 3.522 -0.936 0.0951, 3.5287 -0.3061 0.0729, 3.5287 -0.936 0.0729, 3.5396 -0.3061 0.0525, 3.5396 -0.936 0.0525, 3.5543 -0.3061 0.0346, 3.5543 -0.936 0.0346, 3.5722 -0.3061 0.0199, 3.5722 -0.936 0.0199, 3.5926 -0.3061 0.009, 3.5926 -0.936 0.009, 3.6148 -0.3061 0.0023, 3.6148 -0.936 0.0023
            ]
        }
        coordIndex [
            0,1,2,-1,2,1,3,-1,4,5,6,-1,6,5,7,-1,8,4,9,-1,9,4,6,-1,8,9,10,-1,10,9,11,-1,10,11,12,-1,12,11,13,-1,12,13,14,-1,14,13,15,-1,14,15,16,-1,16,15,17,-1,16,17,18,-1,18,17,19,-1,18,19,20,-1,20,19,21,-1,22,23,21,-1,20,24,25,-1,22,21,26,-1,23,27,21,-1,21,27,28,-1,21,28,20,-1,20,28,29,-1,20,29,24,-1,20,2,30,-1,30,2,3,-1,25,31,20,-1,20,31,32,-1,20,32,33,-1,34,35,21,-1,21,35,36,-1,21,36,26,-1,33,37,20,-1,20,37,38,-1,20,38,2,-1,3,39,30,-1,30,39,40,-1,30,40,41,-1,42,43,44,-1,45,46,47,-1,47,48,45,-1,45,48,49,-1,45,49,21,-1,21,49,50,-1,21,50,34,-1,51,52,41,-1,41,52,53,-1,41,53,30,-1,46,45,44,-1,44,45,54,-1,44,54,42,-1,49,48,55,-1,55,48,56,-1,57,58,59,-1,57,59,60,-1,58,61,59,-1,59,61,62,-1,59,62,63,-1,62,64,63,-1,63,64,65,-1,63,65,66,-1,67,68,59,-1,59,68,69,-1,59,69,60,-1,63,55,70,-1,70,55,56,-1,71,72,73,-1,74,75,76,-1,76,1,74,-1,74,1,0,-1,74,0,59,-1,59,0,77,-1,59,77,67,-1,66,78,63,-1,63,78,79,-1,63,79,80,-1,80,81,63,-1,63,81,82,-1,63,82,55,-1,56,83,70,-1,70,83,84,-1,70,84,85,-1,75,74,73,-1,73,74,86,-1,73,86,71,-1,87,88,85,-1,85,88,89,-1,85,89,70,-1,59,63,90,-1,59,90,91,-1,91,90,92,-1,91,92,93,-1,93,92,94,-1,93,94,95,-1,95,94,96,-1,95,96,97,-1,97,96,98,-1,97,98,99,-1,99,98,100,-1,99,100,101,-1,101,100,102,-1,101,102,103,-1,103,102,104,-1,103,104,105,-1,5,105,7,-1,7,105,104,-1,5,4,105,-1,105,4,8,-1,105,8,103,-1,103,8,10,-1,103,10,101,-1,101,10,12,-1,18,93,16,-1,16,93,95,-1,16,95,14,-1,14,95,97,-1,14,97,12,-1,12,97,99,-1,12,99,101,-1,30,74,20,-1,20,74,59,-1,20,59,18,-1,18,59,91,-1,18,91,93,-1,6,7,9,-1,9,7,104,-1,9,104,11,-1,70,45,63,-1,63,45,21,-1,63,21,90,-1,90,21,19,-1,90,19,92,-1,92,19,17,-1,104,102,11,-1,11,102,100,-1,11,100,13,-1,13,100,98,-1,13,98,15,-1,15,98,96,-1,15,96,17,-1,17,96,94,-1,17,94,92,-1,26,78,22,-1,22,78,66,-1,22,66,23,-1,23,66,65,-1,23,65,27,-1,27,65,64,-1,27,64,28,-1,28,64,62,-1,28,62,29,-1,29,62,61,-1,29,61,24,-1,24,61,58,-1,24,58,25,-1,25,58,57,-1,25,57,31,-1,31,57,60,-1,31,60,69,-1,31,69,32,-1,32,69,68,-1,32,68,33,-1,33,68,67,-1,33,67,37,-1,37,67,77,-1,37,77,38,-1,38,77,0,-1,38,0,2,-1,49,55,82,-1,49,82,50,-1,50,82,81,-1,50,81,34,-1,34,81,80,-1,34,80,35,-1,35,80,79,-1,35,79,36,-1,36,79,78,-1,36,78,26,-1,56,48,47,-1,56,47,83,-1,83,47,46,-1,83,46,84,-1,84,46,44,-1,84,44,85,-1,85,44,43,-1,85,43,87,-1,87,43,42,-1,87,42,88,-1,88,42,54,-1,88,54,89,-1,89,54,45,-1,89,45,70,-1,3,1,76,-1,3,76,39,-1,39,76,75,-1,39,75,40,-1,40,75,73,-1,40,73,41,-1,41,73,72,-1,41,72,51,-1,51,72,71,-1,51,71,52,-1,52,71,86,-1,52,86,53,-1,53,86,74,-1,53,74,30,-1,106,107,108,-1,108,107,109,-1,110,111,112,-1,112,111,113,-1,111,114,113,-1,113,114,115,-1,116,117,118,-1,118,117,119,-1,118,119,120,-1,120,119,121,-1,120,121,122,-1,122,121,123,-1,122,123,124,-1,124,123,125,-1,124,125,126,-1,126,125,127,-1,126,127,114,-1,114,127,115,-1,128,129,117,-1,117,129,130,-1,131,132,116,-1,132,133,116,-1,116,133,134,-1,116,134,117,-1,117,134,135,-1,117,135,128,-1,117,136,137,-1,137,136,138,-1,130,139,117,-1,117,139,140,-1,117,140,141,-1,142,143,116,-1,116,143,144,-1,116,144,131,-1,141,145,117,-1,117,145,146,-1,117,146,136,-1,138,147,137,-1,137,147,148,-1,137,148,149,-1,150,108,151,-1,151,108,109,-1,151,109,116,-1,116,109,152,-1,116,152,142,-1,153,154,149,-1,149,154,155,-1,149,155,137,-1,150,151,156,-1,156,151,157,-1,156,157,158,-1,158,157,159,-1,158,159,160,-1,138,136,161,-1,161,136,162,-1,163,164,165,-1,163,165,166,-1,167,168,169,-1,164,170,165,-1,165,170,171,-1,165,171,167,-1,167,171,172,-1,167,172,168,-1,173,174,165,-1,165,174,175,-1,165,175,166,-1,167,107,176,-1,176,107,106,-1,177,178,179,-1,180,181,182,-1,182,161,180,-1,180,161,162,-1,180,162,165,-1,165,162,183,-1,165,183,173,-1,169,184,167,-1,167,184,185,-1,167,185,186,-1,186,187,167,-1,167,187,188,-1,167,188,107,-1,181,180,179,-1,179,180,189,-1,179,189,177,-1,106,190,176,-1,176,190,191,-1,176,191,192,-1,192,191,193,-1,192,193,194,-1,194,193,195,-1,196,197,198,-1,196,198,199,-1,199,198,200,-1,199,200,201,-1,201,200,202,-1,201,202,203,-1,203,202,204,-1,203,204,205,-1,205,204,206,-1,205,206,207,-1,207,206,208,-1,207,208,209,-1,209,208,210,-1,209,210,211,-1,211,210,165,-1,211,165,167,-1,196,110,197,-1,197,110,112,-1,111,110,114,-1,114,110,196,-1,114,196,126,-1,176,151,167,-1,167,151,116,-1,167,116,211,-1,211,116,118,-1,211,118,209,-1,209,118,120,-1,196,199,126,-1,126,199,201,-1,126,201,124,-1,124,201,203,-1,124,203,122,-1,122,203,205,-1,122,205,120,-1,120,205,207,-1,120,207,209,-1,112,113,197,-1,197,113,115,-1,197,115,198,-1,198,115,127,-1,198,127,200,-1,200,127,125,-1,119,208,121,-1,121,208,206,-1,121,206,123,-1,123,206,204,-1,123,204,125,-1,125,204,202,-1,125,202,200,-1,137,180,117,-1,117,180,165,-1,117,165,119,-1,119,165,210,-1,119,210,208,-1,131,184,132,-1,132,184,169,-1,132,169,133,-1,133,169,168,-1,133,168,134,-1,134,168,172,-1,134,172,135,-1,135,172,171,-1,135,171,128,-1,128,171,170,-1,128,170,129,-1,129,170,164,-1,129,164,130,-1,130,164,163,-1,130,163,139,-1,139,163,166,-1,109,107,188,-1,109,188,152,-1,152,188,187,-1,152,187,142,-1,142,187,186,-1,142,186,143,-1,143,186,185,-1,143,185,144,-1,144,185,184,-1,144,184,131,-1,139,166,175,-1,139,175,140,-1,140,175,174,-1,140,174,141,-1,141,174,173,-1,141,173,145,-1,145,173,183,-1,145,183,146,-1,146,183,162,-1,146,162,136,-1,180,137,155,-1,180,155,189,-1,189,155,154,-1,189,154,177,-1,177,154,153,-1,177,153,178,-1,178,153,149,-1,178,149,179,-1,179,149,148,-1,179,148,181,-1,181,148,147,-1,181,147,182,-1,182,147,138,-1,182,138,161,-1,151,176,192,-1,151,192,157,-1,157,192,194,-1,157,194,159,-1,159,194,195,-1,159,195,160,-1,160,195,193,-1,160,193,158,-1,158,193,191,-1,158,191,156,-1,156,191,190,-1,156,190,150,-1,150,190,106,-1,150,106,108,-1,
        ]
    }
}
Shape{
    appearance Appearance {
        material  Material 	{
            diffuseColor 1.0 0.9686274509803922 0.9058823529411765
            specularColor 0.5019607843137255 0.48627450980392156 0.45098039215686275
            ambientIntensity 0.9709
            transparency 0.0
            shininess 0.5
        }
    }
    geometry IndexedFaceSet {
        ccw TRUE
        solid FALSE
        coord DEF co Coordinate {
            point [
                3.2894 0.5404 0.0079, 3.0925 0.5404 0.0079, 3.2894 0.5404 0.3228, 3.0925 0.5404 0.3228, -3.2854 0.5404 0.3228, -3.0886 0.5404 0.3228, -3.2854 0.5404 0.0079, -3.0886 0.5404 0.0079, -3.8563 -0.179 0.6817, -3.8563 -0.179 0.5871, -3.8563 -0.2215 0.5871, -3.8563 -0.2323 0.5979, -3.8563 -0.2307 0.6021, -3.8563 -0.2307 0.5741, -3.8563 -0.5284 0.0866, -3.8563 -0.6283 0.0866, -3.8563 -0.6283 0.3624, -3.8563 -1.0581 0.0866, -3.8563 -1.0581 0.3624, -3.8563 -1.3888 0.0866, -3.8563 -1.3888 0.3624, -3.8563 -0.3466 0.405, -3.8563 -0.3439 0.4047, -3.8563 -0.3698 0.4047, -3.8563 -0.4609 0.5124, -3.8563 -0.4946 0.5124, -3.8563 -0.4946 0.5428, -3.8563 -0.0289 0.5985, -3.8563 -0.0495 0.5811, -3.8563 -0.1215 0.6826, -3.8563 -0.1215 0.5741, -3.8563 0.0716 0.6933, -3.8563 0.0557 0.6826, -3.8563 0.0384 0.6709, -3.8563 0.0131 0.6417, -3.8563 -0.0026 0.6109, -3.8563 -0.0063 0.6097, -3.8563 0.2141 0.6923, -3.8563 0.1791 0.7058, -3.8563 0.5404 0.7953, -3.8563 0.1416 0.7104, -3.8563 -0.1215 0.7953, -3.8563 0.1096 0.7069, -3.8563 0.2297 0.6826, -3.8563 0.5404 0.6826, -3.8563 0.2327 0.6808, -3.8563 0.5404 0.5741, -3.8563 0.3957 0.5741, -3.8563 0.3891 0.589, -3.8563 0.3708 0.6125, -3.8563 0.3134 0.6452, -3.8563 0.2835 0.6489, -3.8563 0.2505 0.6655, -3.8563 0.2748 0.6484, -3.8563 0.2661 0.6474, -3.8563 0.3657 0.6173, -3.8563 0.3416 0.6343, -3.8563 0.3509 0.423, -3.8563 0.3746 0.4432, -3.8563 0.5404 0.4047, -3.8563 0.3235 0.4096, -3.8563 0.3919 0.4679, -3.8563 0.4028 0.4962, -3.8563 0.5404 0.5428, -3.8563 0.4065 0.5259, -3.8563 0.4063 0.5332, -3.8563 0.4046 0.5428, -3.8563 0.4012 0.5617, -3.8563 0.3139 0.4068, -3.8563 0.3129 0.4047, -3.8563 0.3063 0.3904, -3.8563 0.5404 0.3624, -3.8563 0.295 0.3765, -3.8563 0.2801 0.3653, -3.8563 -0.1215 0.0079, -3.8563 -0.1215 0.3624, -3.8563 0.2104 0.3624, -3.8563 0.5404 0.0079, -3.8563 0.2626 0.358, -3.8563 0.2732 0.3624, -3.8563 0.2234 0.3574, -3.8563 0.2418 0.3551, -3.8563 0.2447 0.3552, -3.8563 -0.1215 0.4047, -3.8563 0.1707 0.4047, -3.8563 0.1708 0.4043, -3.8563 0.1798 0.3874, -3.8563 0.1913 0.3744, -3.8563 0.2065 0.3639, -3.8563 -0.0743 0.5363, -3.8563 -0.0778 0.5115, -3.8563 -0.1215 0.5428, -3.8563 0.0737 0.4495, -3.8563 0.0685 0.4515, -3.8563 0.0596 0.4948, -3.8563 -0.0497 0.4394, -3.8563 -0.0291 0.4219, -3.8563 0.1849 0.4819, -3.8563 0.0831 0.535, -3.8563 0.1981 0.494, -3.8563 0.2143 0.5026, -3.8563 0.0784 0.4462, -3.8563 -0.0648 0.4604, -3.8563 -0.0303 0.5175, -3.8563 -0.0267 0.5321, -3.8563 -0.021 0.5428, -3.8563 0.3568 0.5428, -3.8563 -0.0743 0.4844, -3.8563 0.0626 0.4523, -3.8563 0.0619 0.4522, -3.8563 0.0596 0.4517, -3.8563 0.3523 0.4971, -3.8563 0.3433 0.4818, -3.8563 0.3048 0.4739, -3.8563 0.3297 0.4678, -3.8563 0.3131 0.4576, -3.8563 0.2767 0.499, -3.8563 0.2922 0.4883, -3.8563 0.3587 0.5274, -3.8563 0.3578 0.5157, -3.8563 0.2599 0.5055, -3.8563 0.2418 0.5077, -3.8563 0.2326 0.5072, -3.8563 0.0862 0.4288, -3.8563 0.086 0.4318, -3.8563 0.1659 0.4386, -3.8563 0.0845 0.4375, -3.8563 0.0815 0.4427, -3.8563 -0.0153 0.4706, -3.8563 -0.0236 0.4824, -3.8563 -0.0289 0.4959, -3.8563 -0.0307 0.5107, -3.8563 0.0684 0.4059, -3.8563 0.0735 0.4079, -3.8563 0.0784 0.4114, -3.8563 0.0801 0.4132, -3.8563 0.0835 0.418, -3.8563 0.0855 0.4231, -3.8563 0.1663 0.4231, -3.8563 0.1659 0.431, -3.8563 -0.0059 0.4106, -3.8563 0.0194 0.4052, -3.8563 0.0642 0.4052, -3.8563 0.0581 0.4515, -3.8563 0.0239 0.4515, -3.8563 0.0102 0.4542, -3.8563 -0.0031 0.4604, -3.8563 -0.0144 0.4696, -3.8563 0.0346 0.5699, -3.8563 0.3499 0.5628, -3.8563 0.3564 0.5458, -3.8563 0.0285 0.5699, -3.8563 -0.0197 0.5451, -3.8563 -0.011 0.5548, -3.8563 0.0008 0.5631, -3.8563 0.014 0.5682, -3.8563 0.051 0.6156, -3.8563 0.0681 0.6361, -3.8563 0.2425 0.592, -3.8563 0.0699 0.6377, -3.8563 0.0913 0.6525, -3.8563 0.2309 0.616, -3.8563 0.342 0.5741, -3.8563 0.2478 0.5949, -3.8563 0.0355 0.5741, -3.8563 0.0392 0.5912, -3.8563 0.2649 0.6011, -3.8563 0.2828 0.6033, -3.8563 0.2908 0.6029, -3.8563 0.2139 0.6363, -3.8563 0.1151 0.6617, -3.8563 0.1936 0.6512, -3.8563 0.1408 0.6648, -3.8563 0.1688 0.6612, -3.8563 0.3095 0.5985, -3.8563 0.3264 0.5895, -3.8563 0.3394 0.5779, -3.8563 -0.0545 0.5741, -3.8563 -0.065 0.5595, -3.8563 -0.0717 0.5428, -3.8563 -0.5183 0.4178, -3.8563 -0.5183 0.4056, -3.8563 -0.5284 0.4047, -3.8563 -0.5284 0.5428, -3.8563 -0.5159 0.5124, -3.8563 -0.5159 0.5001, -3.8563 -0.4747 0.4537, -3.8563 -0.4747 0.4178, -3.8563 -0.4946 0.4537, -3.8563 -0.4946 0.4178, -3.8563 -0.5128 0.4537, -3.8563 -0.5128 0.4659, -3.8563 -0.4747 0.5001, -3.8563 -0.4747 0.4659, -3.8563 -0.4946 0.5001, -3.8563 -0.4946 0.4659, -3.8563 -0.4946 0.4047, -3.8563 -0.4946 0.4056, -3.8563 -0.4609 0.4056, -3.8563 -0.4081 0.4245, -3.8563 -0.4098 0.4183, -3.8563 -0.4101 0.4183, -3.8563 -0.4465 0.4819, -3.8563 -0.3947 0.5428, -3.8563 -0.4326 0.4819, -3.8563 -0.3947 0.4633, -3.8563 -0.4118 0.4244, -3.8563 -0.4108 0.4209, -3.8563 -0.3148 0.4221, -3.8563 -0.3013 0.5428, -3.8563 -0.3013 0.4047, -3.8563 -0.3194 0.4192, -3.8563 -0.321 0.4186, -3.8563 -0.321 0.4468, -3.8563 -0.3187 0.4492, -3.8563 -0.3169 0.452, -3.8563 -0.3155 0.4561, -3.8563 -0.3149 0.4613, -3.8563 -0.3154 0.4661, -3.8563 -0.3209 0.4469, -3.8563 -0.3271 0.4047, -3.8563 -0.3239 0.405, -3.8563 -0.321 0.4047, -3.8563 -0.321 0.4061, -3.8563 -0.3148 0.4083, -3.8563 -0.3355 0.4038, -3.8563 -0.321 0.3624, -3.8563 -0.3698 0.3624, -3.8563 -0.3627 0.4802, -3.8563 -0.3627 0.4672, -3.8563 -0.3235 0.4775, -3.8563 -0.3271 0.4797, -3.8563 -0.321 0.5428, -3.8563 -0.3657 0.421, -3.8563 -0.364 0.4167, -3.8563 -0.3615 0.4132, -3.8563 -0.317 0.4704, -3.8563 -0.3195 0.474, -3.8563 -0.321 0.4753, -3.8563 -0.3343 0.4824, -3.8563 -0.3446 0.4836, -3.8563 -0.3698 0.5428, -3.8563 -0.353 0.4829, -3.8563 -0.3618 0.439, -3.8563 -0.3643 0.4353, -3.8563 -0.3658 0.4313, -3.8563 -0.3663 0.4263, -3.8563 -0.3577 0.4099, -3.8563 -0.3539 0.4076, -3.8563 -0.3433 0.4727, -3.8563 -0.3393 0.4724, -3.8563 -0.3287 0.4625, -3.8563 -0.3357 0.4715, -3.8563 -0.3327 0.4699, -3.8563 -0.3288 0.4607, -3.8563 -0.3293 0.4586, -3.8563 -0.3303 0.4568, -3.8563 -0.3316 0.4554, -3.8563 -0.3363 0.4524, -3.8563 -0.3527 0.4716, -3.8563 -0.3446 0.4488, -3.8563 -0.3603 0.4686, -3.8563 -0.3498 0.4467, -3.8563 -0.3586 0.4418, -3.8563 -0.3307 0.4681, -3.8563 -0.3296 0.4664, -3.8563 -0.3289 0.4646, -3.8563 -0.3277 0.4159, -3.8563 -0.3351 0.4391, -3.8563 -0.3272 0.4428, -3.8563 -0.3368 0.4147, -3.8563 -0.3374 0.4147, -3.8563 -0.3439 0.4354, -3.8563 -0.3443 0.4155, -3.8563 -0.3526 0.425, -3.8563 -0.3525 0.4267, -3.8563 -0.3477 0.4168, -3.8563 -0.3489 0.4175, -3.8563 -0.3505 0.4189, -3.8563 -0.3516 0.4206, -3.8563 -0.3523 0.4225, -3.8563 -0.3518 0.4288, -3.8563 -0.3508 0.4306, -3.8563 -0.3491 0.4323, -3.8563 -0.6283 0.5741, -3.8563 -0.5937 0.575, -3.8563 -0.5784 0.575, -3.8563 -0.5676 0.6042, -3.8563 -0.5284 0.6042, -3.8563 -0.5284 0.5741, -3.8563 -0.553 0.6817, -3.8563 -0.6283 0.6826, -3.8563 -0.5284 0.6826, -3.8563 -0.5231 0.6042, -3.8563 -0.5128 0.575, -3.8563 -0.4946 0.5741, -3.8563 -0.4976 0.575, -3.8563 -0.4946 0.6826, -3.8563 -0.5284 0.6558, -3.8563 -0.5383 0.6817, -3.8563 -0.3698 0.6826, -3.8563 -0.3822 0.6817, -3.8563 -0.3947 0.6826, -3.8563 -0.3822 0.6694, -3.8563 -0.3947 0.5741, -3.8563 -0.3791 0.6231, -3.8563 -0.3791 0.6353, -3.8563 -0.3698 0.6353, -3.8563 -0.3698 0.6694, -3.8563 -0.341 0.6353, -3.8563 -0.341 0.6694, -3.8563 -0.3272 0.575, -3.8563 -0.321 0.5741, -3.8563 -0.3698 0.5741, -3.8563 -0.341 0.6231, -3.8563 -0.341 0.5871, -3.8563 -0.3698 0.6231, -3.8563 -0.3698 0.5871, -3.8563 -0.3846 0.5871, -3.8563 -0.3846 0.575, -3.8563 -0.3698 0.575, -3.8563 -0.321 0.6826, -3.8563 -0.3272 0.6817, -3.8563 -0.3698 0.6817, -3.8563 -0.5284 0.3624, -3.8563 -0.4946 0.0866, -3.8563 -0.4946 0.3624, -3.8563 -0.3947 0.0866, -3.8563 -0.3947 0.3624, -3.8563 -0.3698 0.0866, -3.8563 -0.321 0.0866, -3.8563 -0.3061 0.0866, -3.8563 -0.3013 0.3624, -3.8563 -0.2782 0.5854, -3.8563 -0.2845 0.5857, -3.8563 -0.3013 0.6668, -3.8563 -0.2963 0.5882, -3.8563 -0.3013 0.5905, -3.8563 -0.3032 0.6661, -3.8563 -0.3058 0.5926, -3.8563 -0.3058 0.6648, -3.8563 -0.2673 0.6692, -3.8563 -0.2589 0.6653, -3.8563 -0.2516 0.6592, -3.8563 -0.2507 0.6583, -3.8563 -0.2456 0.6509, -3.8563 -0.2421 0.6417, -3.8563 -0.2403 0.6271, -3.8563 -0.2404 0.6257, -3.8563 -0.2421 0.6128, -3.8563 -0.2532 0.5943, -3.8563 -0.2603 0.5895, -3.8563 -0.268 0.5866, -3.8563 -0.2922 0.6699, -3.8563 -0.2806 0.6711, -3.8563 -0.2766 0.6709, -3.8563 -0.2455 0.6041, -3.8563 -0.2508 0.5967, -3.8563 -0.2912 0.6826, -3.8563 -0.296 0.6821, -3.8563 -0.3013 0.6826, -3.8563 -0.3013 0.6806, -3.8563 -0.3058 0.6792, -3.8563 -0.2307 0.7953, -3.8563 -0.273 0.6826, -3.8563 -0.3013 0.7953, -3.8563 -0.2805 0.6835, -3.8563 -0.2824 0.6835, -3.8563 -0.254 0.6774, -3.8563 -0.2652 0.6817, -3.8563 -0.2307 0.6826, -3.8563 -0.2344 0.6591, -3.8563 -0.2413 0.6678, -3.8563 -0.2437 0.6701, -3.8563 -0.2243 0.6826, -3.8563 -0.229 0.6475, -3.8563 -0.2307 0.651, -3.8563 -0.2279 0.6091, -3.8563 -0.2243 0.5741, -3.8563 -0.2259 0.6263, -3.8563 -0.2262 0.6339, -3.8563 -0.2575 0.5761, -3.8563 -0.2475 0.581, -3.8563 -0.2396 0.5877, -3.8563 -0.2386 0.5888, -3.8563 -0.2666 0.5741, -3.8563 -0.2307 0.5428, -3.8563 -0.2689 0.5736, -3.8563 -0.2763 0.5732, -3.8563 -0.2857 0.5741, -3.8563 -0.3058 0.5794, -3.8563 -0.304 0.5785, -3.8563 -0.3013 0.5741, -3.8563 -0.3013 0.5776, -3.8563 -0.2925 0.5747, -3.8563 -0.2406 0.4417, -3.8563 -0.2429 0.4635, -3.8563 -0.2378 0.4374, -3.8563 -0.2361 0.4325, -3.8563 -0.2906 0.4755, -3.8563 -0.2933 0.4713, -3.8563 -0.2955 0.4655, -3.8563 -0.2967 0.4547, -3.8563 -0.2967 0.4056, -3.8563 -0.2833 0.4056, -3.8563 -0.2446 0.4453, -3.8563 -0.2501 0.4482, -3.8563 -0.2516 0.4691, -3.8563 -0.2607 0.4509, -3.8563 -0.2724 0.4723, -3.8563 -0.2679 0.4727, -3.8563 -0.26 0.4719, -3.8563 -0.2465 0.4067, -3.8563 -0.242 0.4098, -3.8563 -0.2307 0.4047, -3.8563 -0.2405 0.4113, -3.8563 -0.2377 0.4154, -3.8563 -0.2833 0.4174, -3.8563 -0.283 0.4174, -3.8563 -0.2809 0.4142, -3.8563 -0.2767 0.4097, -3.8563 -0.2361 0.42, -3.8563 -0.2354 0.426, -3.8563 -0.2429 0.4765, -3.8563 -0.2772 0.4829, -3.8563 -0.2828 0.4812, -3.8563 -0.2873 0.4786, -3.8563 -0.2833 0.4541, -3.8563 -0.2829 0.46, -3.8563 -0.2815 0.4647, -3.8563 -0.2799 0.4675, -3.8563 -0.2779 0.4697, -3.8563 -0.2755 0.4712, -3.8563 -0.2472 0.4789, -3.8563 -0.2575 0.4824, -3.8563 -0.2691 0.4836, -3.8563 -0.2669 0.4047, -3.8563 -0.2665 0.4046, -3.8563 -0.2307 0.3624, -3.8563 -0.2596 0.4038, -3.8563 -0.2519 0.4047, -3.8563 -0.2516 0.4047, -3.8563 -0.3947 0.4274, -3.8563 -0.3733 0.4819, -3.8563 -0.3882 0.4819, -3.8563 -0.4027 0.4047, -3.8563 -0.4032 0.4058, -3.8563 -0.3947 0.3871, -3.8563 -0.3947 0.3871, -3.8563 -0.3947 0.4047, -3.8563 -0.3973 0.3919, -3.8563 -0.376 0.3827, -3.8563 -0.376 0.3708, -3.8563 -0.3788 0.3818, -3.8563 -0.3836 0.3812, -3.8563 -0.3868 0.3815, -3.8563 -0.3947 0.3721, -3.8563 -0.3901 0.3703, -3.8563 -0.3847 0.3697, -3.8563 -0.3817 0.3698, -3.8563 -0.3898 0.3826, -3.8563 -0.3922 0.3843, -3.8563 -0.4119 0.3941, -3.8563 -0.4058 0.3823, -3.8563 -0.416 0.4047, -3.8563 -0.4009 0.3764, -3.8563 -0.4 0.3756, -3.8563 -0.3953 0.3723, -3.8563 -0.3061 0.0079, -3.8563 -0.3013 0.0079, -3.8563 -0.2307 0.0079, -3.8563 -0.2719 0.4065, -3.8563 -1.0581 0.4047, -3.8563 -0.6283 0.4047, -3.8563 -0.1652 0.5124, -3.8563 -0.1652 0.4056, -3.8563 -0.2243 0.4047, -3.8563 -0.2243 0.3624, -3.8563 -0.2243 0.0079, -3.8563 -0.2202 0.5124, -3.8563 -0.2243 0.5428, -3.8563 -0.2202 0.5001, -3.8563 -0.2226 0.4178, -3.8563 -0.2226 0.4056, -3.8563 -0.179 0.4537, -3.8563 -0.179 0.4178, -3.8563 -0.2172 0.4537, -3.8563 -0.2172 0.4659, -3.8563 -0.179 0.4659, -3.8563 -0.179 0.5001, -3.8563 -0.5385 0.4056, -3.8563 -0.622 0.4397, -3.8563 -0.6164 0.4289, -3.8563 -0.5858 0.4078, -3.8563 -0.5678 0.4056, -3.8563 -0.6197 0.4851, -3.8563 -0.6236 0.4749, -3.8563 -0.6283 0.5428, -3.8563 -0.6254 0.4603, -3.8563 -0.6249 0.452, -3.8563 -0.6093 0.4206, -3.8563 -0.598 0.4125, -3.8563 -0.5873 0.51, -3.8563 -0.5999 0.5049, -3.8563 -0.5385 0.5124, -3.8563 -0.5689 0.5124, -3.8563 -0.5713 0.5123, -3.8563 -0.6093 0.4982, -3.8563 -0.6131 0.4945, -3.8563 -0.6465 0.4056, -3.8563 -0.6313 0.4056, -3.8563 -0.7121 0.4056, -3.8563 -0.7012 0.4348, -3.8563 -0.6568 0.4348, -3.8563 -0.672 0.5124, -3.8563 -0.6867 0.5124, -3.8563 -0.1652 0.575, -3.8563 -0.1652 0.6817, -3.8563 -0.2215 0.575, -3.8563 -0.486 0.6545, -3.8563 -0.4899 0.6443, -3.8563 -0.4917 0.6297, -3.8563 -0.4912 0.6213, -3.8563 -0.4883 0.6091, -3.8563 -0.4828 0.5982, -3.8563 -0.4756 0.5899, -3.8563 -0.4643 0.5819, -3.8563 -0.4536 0.6794, -3.8563 -0.4662 0.6742, -3.8563 -0.4352 0.6817, -3.8563 -0.4376 0.6817, -3.8563 -0.4521 0.5771, -3.8563 -0.4341 0.575, -3.8563 -0.4048 0.575, -3.8563 -0.4048 0.6817, -3.8563 -0.4756 0.6676, -3.8563 -0.4794 0.6638, -3.8563 -0.7274 0.4056, -3.8563 -1.0581 0.5428, -3.8563 -1.0581 0.5741, -3.8563 -1.0581 0.6826, -3.8563 -1.3888 0.4047, -3.8563 -1.3888 0.5428, -3.8563 -1.3888 0.5741, -3.8563 -1.3888 0.6826, -3.8563 -0.2243 0.7953, -3.8563 -1.3888 0.7953, -3.8563 -1.0581 0.7953, -3.8563 -0.6283 0.7953, -3.8563 -0.5284 0.7953, -3.8563 -0.4946 0.7953, -3.8563 -0.3947 0.7953, -3.8563 -0.3698 0.7953, -3.8563 -0.321 0.7953, 3.624 -0.3652 0.3228, 3.624 0.5404 0.3228, 3.6043 -0.0188 0.3228, 3.6043 0.5404 0.3228, 3.4272 -0.1683 0.3228, 3.2303 -0.1683 0.3228, 3.4529 -0.0188 0.3228, 3.2303 -0.0502 0.3228, 3.4529 0.3761 0.3228, 3.0925 -0.0502 0.3228, 3.2894 0.3761 0.3228, 3.5984 -0.3652 0.3228, 3.5984 -0.3061 0.3228, 3.5197 -0.3061 0.3228, 3.5197 -0.3652 0.3228, 3.4272 -0.3652 0.3228, 3.8602 -0.3061 0.0079, 3.8602 0.5404 0.0079, 3.8602 -0.3061 0.0866, 3.8602 0.5404 0.7953, 3.8602 -1.3888 0.0866, 3.8602 -1.3888 0.7953, -3.2776 -1.3888 0.5984, -3.1683 -1.3888 0.5984, -3.1683 -1.3888 0.7953, 3.1722 -1.3888 0.7953, 3.1722 -1.3888 0.5984, 3.2815 -1.3888 0.5984, -3.5157 -1.3888 0.6378, -3.5945 -1.3888 0.6378, -3.2776 -1.3888 0.2047, -3.5157 -1.3888 0.0079, 3.2815 -1.3888 0.2047, 3.5197 -1.3888 0.0079, 3.5197 -1.3888 0.6378, 3.5984 -1.3888 0.6378, 3.5984 -1.3888 0.126, 3.6378 -1.3888 0.0866, 3.6276 -1.3888 0.088, 3.6037 -1.3888 0.1063, 3.61 -1.3888 0.0981, 3.6181 -1.3888 0.0919, -3.6339 -1.3888 0.0866, -3.6237 -1.3888 0.088, -3.5945 -1.3888 0.126, -3.5958 -1.3888 0.1158, -3.5998 -1.3888 0.1063, 3.5998 -1.3888 0.1158, -3.6142 -1.3888 0.0919, -3.606 -1.3888 0.0981, -2.813 0.5404 0.0079, -2.6949 0.5404 0.0079, -2.813 0.3435 0.0079, -2.6949 0.3435 0.0079, -3.6004 0.5404 0.0079, -3.6004 -0.0188 0.0079, -3.5157 -0.3061 0.0079, -3.4489 -0.0188 0.0079, 3.5197 -0.3061 0.0079, 3.4529 -0.0188 0.0079, 3.6043 -0.0188 0.0079, 3.6043 0.5404 0.0079, -3.4489 0.3761 0.0079, -3.2854 0.3761 0.0079, -3.0886 0.3435 0.0079, -3.0098 0.3435 0.0079, 2.8957 0.3435 0.0079, 2.8957 0.5404 0.0079, 3.0138 0.5404 0.0079, 3.0925 0.3435 0.0079, 3.2894 0.3761 0.0079, -3.0098 0.5404 0.0079, -2.8917 0.5404 0.0079, -2.8917 0.3435 0.0079, -2.6161 0.3435 0.0079, -2.6161 0.5404 0.0079, -2.498 0.5404 0.0079, -2.498 0.3435 0.0079, -2.4193 0.3435 0.0079, -2.4193 0.5404 0.0079, -2.3012 0.5404 0.0079, -2.3012 0.3435 0.0079, -2.2224 0.3435 0.0079, -2.2224 0.5404 0.0079, -2.1043 0.5404 0.0079, -2.1043 0.3435 0.0079, -2.0256 0.3435 0.0079, -2.0256 0.5404 0.0079, -1.9075 0.5404 0.0079, -1.9075 0.3435 0.0079, -1.8287 0.3435 0.0079, -1.8287 0.5404 0.0079, -1.7106 0.5404 0.0079, -1.7106 0.3435 0.0079, -1.6319 0.3435 0.0079, -1.6319 0.5404 0.0079, -1.5138 0.5404 0.0079, -1.5138 0.3435 0.0079, -1.435 0.3435 0.0079, -1.435 0.5404 0.0079, -1.3169 0.5404 0.0079, -1.3169 0.3435 0.0079, -1.2382 0.3435 0.0079, -1.2382 0.5404 0.0079, -1.1201 0.5404 0.0079, -1.1201 0.3435 0.0079, -1.0413 0.3435 0.0079, -1.0413 0.5404 0.0079, -0.9232 0.5404 0.0079, -0.9232 0.3435 0.0079, -0.8445 0.3435 0.0079, -0.8445 0.5404 0.0079, -0.7264 0.5404 0.0079, -0.7264 0.3435 0.0079, -0.6476 0.3435 0.0079, -0.6476 0.5404 0.0079, -0.5295 0.5404 0.0079, -0.5295 0.3435 0.0079, -0.4508 0.3435 0.0079, -0.4508 0.5404 0.0079, -0.3327 0.5404 0.0079, -0.3327 0.3435 0.0079, -0.2539 0.3435 0.0079, -0.2539 0.5404 0.0079, -0.1358 0.5404 0.0079, -0.1358 0.3435 0.0079, -0.0571 0.3435 0.0079, -0.0571 0.5404 0.0079, 0.061 0.5404 0.0079, 0.061 0.3435 0.0079, 0.1398 0.3435 0.0079, 0.1398 0.5404 0.0079, 0.2579 0.5404 0.0079, 0.2579 0.3435 0.0079, 0.3366 0.3435 0.0079, 0.3366 0.5404 0.0079, 0.4547 0.5404 0.0079, 0.4547 0.3435 0.0079, 0.5335 0.3435 0.0079, 0.5335 0.5404 0.0079, 0.6516 0.5404 0.0079, 0.6516 0.3435 0.0079, 0.7303 0.3435 0.0079, 0.7303 0.5404 0.0079, 0.8484 0.5404 0.0079, 0.8484 0.3435 0.0079, 0.9272 0.3435 0.0079, 0.9272 0.5404 0.0079, 1.0453 0.5404 0.0079, 1.0453 0.3435 0.0079, 1.124 0.3435 0.0079, 1.124 0.5404 0.0079, 1.2421 0.5404 0.0079, 1.2421 0.3435 0.0079, 1.3209 0.3435 0.0079, 1.3209 0.5404 0.0079, 1.439 0.5404 0.0079, 1.439 0.3435 0.0079, 1.5177 0.3435 0.0079, 1.5177 0.5404 0.0079, 1.6358 0.5404 0.0079, 1.6358 0.3435 0.0079, 1.7146 0.3435 0.0079, 1.7146 0.5404 0.0079, 1.8327 0.5404 0.0079, 1.8327 0.3435 0.0079, 1.9114 0.3435 0.0079, 1.9114 0.5404 0.0079, 2.0295 0.5404 0.0079, 2.0295 0.3435 0.0079, 2.1083 0.3435 0.0079, 2.1083 0.5404 0.0079, 2.2264 0.5404 0.0079, 2.2264 0.3435 0.0079, 2.3051 0.3435 0.0079, 2.3051 0.5404 0.0079, 2.4232 0.5404 0.0079, 2.4232 0.3435 0.0079, 2.502 0.3435 0.0079, 2.502 0.5404 0.0079, 2.6201 0.5404 0.0079, 2.6201 0.3435 0.0079, 2.6988 0.3435 0.0079, 3.4529 0.3761 0.0079, 3.0138 0.3435 0.0079, 2.6988 0.5404 0.0079, 2.8169 0.5404 0.0079, 2.8169 0.3435 0.0079, 3.5984 -0.3652 0.6378, 3.5197 -0.3652 0.6378, 3.4272 -0.3652 0.7953, 3.624 -0.3652 0.7953, 0.4646 -0.8939 0.2047, 0.4646 0.3435 0.2047, 0.4547 -0.2077 0.2047, 0.4547 0.3435 0.2047, 0.2677 -0.8939 0.2047, 0.2677 0.3435 0.2047, 0.2579 -0.2077 0.2047, 0.2579 0.3435 0.2047, -0.3228 -0.8939 0.2047, -0.3228 0.3435 0.2047, -0.3327 -0.2077 0.2047, -0.3327 0.3435 0.2047, -0.6476 0.3435 0.2047, -0.6575 0.3435 0.2047, -0.6476 -0.2077 0.2047, -0.6575 -0.8939 0.2047, -0.8445 0.3435 0.2047, -0.8543 0.3435 0.2047, -0.8445 -0.2077 0.2047, -0.8543 -0.8939 0.2047, -0.4508 0.3435 0.2047, -0.4606 0.3435 0.2047, -0.4508 -0.2077 0.2047, -0.4606 -0.8939 0.2047, -0.5197 -0.8939 0.2047, -0.5197 0.3435 0.2047, -0.5295 -0.2077 0.2047, -0.5295 0.3435 0.2047, -0.7165 -0.8939 0.2047, -0.7165 0.3435 0.2047, -0.7264 -0.2077 0.2047, -0.7264 0.3435 0.2047, -0.9134 -0.8939 0.2047, -0.9134 0.3435 0.2047, -0.9232 -0.2077 0.2047, -0.9232 0.3435 0.2047, 1.7146 -0.2077 0.2047, 1.8425 -0.8939 0.2047, 1.8327 -0.2077 0.2047, 1.8425 0.3435 0.2047, 1.8327 0.3435 0.2047, -0.0571 0.3435 0.2047, -0.0669 0.3435 0.2047, -0.0571 -0.2077 0.2047, -0.0669 -0.8939 0.2047, 0.061 -0.2077 0.2047, -0.2638 -0.8939 0.2047, -1.0413 0.3435 0.2047, -1.0512 0.3435 0.2047, -1.0413 -0.2077 0.2047, -1.0512 -0.8939 0.2047, -1.1102 -0.8939 0.2047, -1.1102 0.3435 0.2047, -1.1201 -0.2077 0.2047, -1.1201 0.3435 0.2047, 1.5177 -0.2077 0.2047, 1.6457 -0.8939 0.2047, 1.6358 -0.2077 0.2047, 1.6457 0.3435 0.2047, 1.6358 0.3435 0.2047, -1.2382 0.3435 0.2047, -1.248 0.3435 0.2047, -1.2382 -0.2077 0.2047, -1.248 -0.8939 0.2047, -1.435 0.3435 0.2047, -1.4449 0.3435 0.2047, -1.435 -0.2077 0.2047, -1.4449 -0.8939 0.2047, 1.3209 -0.2077 0.2047, 1.4488 -0.8939 0.2047, 1.439 -0.2077 0.2047, 1.4488 0.3435 0.2047, 1.439 0.3435 0.2047, -1.3071 -0.8939 0.2047, -1.3071 0.3435 0.2047, -1.3169 -0.2077 0.2047, -1.3169 0.3435 0.2047, -1.6319 0.3435 0.2047, -1.6417 0.3435 0.2047, -1.6319 -0.2077 0.2047, -1.6417 -0.8939 0.2047, 1.252 -0.8939 0.2047, 1.252 0.3435 0.2047, 1.2421 -0.2077 0.2047, 1.2421 0.3435 0.2047, -1.5039 -0.8939 0.2047, -1.5039 0.3435 0.2047, -1.5138 -0.2077 0.2047, -1.5138 0.3435 0.2047, -1.7008 -0.8939 0.2047, -1.7008 0.3435 0.2047, -1.7106 -0.2077 0.2047, -1.7106 0.3435 0.2047, 1.0551 -0.8939 0.2047, 1.0551 0.3435 0.2047, 1.0453 -0.2077 0.2047, 1.0453 0.3435 0.2047, -1.8287 0.3435 0.2047, -1.8386 0.3435 0.2047, -1.8287 -0.2077 0.2047, -1.8386 -0.8939 0.2047, 0.8583 -0.8939 0.2047, 0.8583 0.3435 0.2047, 0.8484 -0.2077 0.2047, 0.8484 0.3435 0.2047, -2.0256 0.3435 0.2047, -2.0354 0.3435 0.2047, -2.0256 -0.2077 0.2047, -2.0354 -0.8939 0.2047, -1.9075 -0.2077 0.2047, -2.0945 -0.8939 0.2047, -2.0945 0.3435 0.2047, -2.1043 -0.2077 0.2047, -2.1043 0.3435 0.2047, 3.2815 -0.2077 0.2047, 3.0925 -0.2077 0.2047, 0.6614 -0.8939 0.2047, 0.6614 0.3435 0.2047, 0.6516 -0.2077 0.2047, 0.6516 0.3435 0.2047, -2.2224 0.3435 0.2047, -2.2323 0.3435 0.2047, -2.2224 -0.2077 0.2047, -2.2323 -0.8939 0.2047, 0.5335 0.3435 0.2047, 0.5236 0.3435 0.2047, 0.5335 -0.2077 0.2047, 0.5236 -0.8939 0.2047, -2.4193 0.3435 0.2047, -2.4291 0.3435 0.2047, -2.4193 -0.2077 0.2047, -2.4291 -0.8939 0.2047, -2.3012 -0.2077 0.2047, -2.4882 -0.8939 0.2047, -2.4882 0.3435 0.2047, -2.498 -0.2077 0.2047, -2.498 0.3435 0.2047, 2.6988 -0.2077 0.2047, 2.8268 -0.8939 0.2047, 2.8169 -0.2077 0.2047, 2.8268 0.3435 0.2047, 2.8169 0.3435 0.2047, -1.8976 -0.8939 0.2047, -1.8976 0.3435 0.2047, -1.9075 0.3435 0.2047, -2.6161 0.3435 0.2047, -2.626 0.3435 0.2047, -2.6161 -0.2077 0.2047, -2.626 -0.8939 0.2047, 3.0925 0.3435 0.2047, 3.0827 0.3435 0.2047, 3.0827 -0.8939 0.2047, 3.0236 -0.8939 0.2047, 2.6299 -0.8939 0.2047, 2.6299 0.3435 0.2047, 2.6201 -0.2077 0.2047, 2.6201 0.3435 0.2047, -2.813 0.3435 0.2047, -2.8228 0.3435 0.2047, -2.813 -0.2077 0.2047, -2.8228 -0.8939 0.2047, -2.6949 -0.2077 0.2047, -3.0098 -0.2077 0.2047, -2.8819 -0.8939 0.2047, -2.8917 -0.2077 0.2047, -2.8819 0.3435 0.2047, -2.8917 0.3435 0.2047, -3.0787 -0.8939 0.2047, -3.0787 0.3435 0.2047, -3.0886 -0.2077 0.2047, -3.0886 0.3435 0.2047, 2.4331 -0.8939 0.2047, 2.4331 0.3435 0.2047, 2.4232 -0.2077 0.2047, 2.4232 0.3435 0.2047, -2.2913 -0.8939 0.2047, -2.2913 0.3435 0.2047, -2.3012 0.3435 0.2047, -3.2776 -0.2077 0.2047, -3.0197 -0.8939 0.2047, 2.2362 -0.8939 0.2047, 2.2362 0.3435 0.2047, 2.2264 -0.2077 0.2047, 2.2264 0.3435 0.2047, -2.685 -0.8939 0.2047, -3.0098 0.3435 0.2047, -3.0197 0.3435 0.2047, -2.685 0.3435 0.2047, -2.6949 0.3435 0.2047, 1.9114 0.3435 0.2047, 1.9016 0.3435 0.2047, 1.9114 -0.2077 0.2047, 1.9016 -0.8939 0.2047, 2.0295 -0.2077 0.2047, 3.0236 0.3435 0.2047, 3.0138 -0.2077 0.2047, 3.0138 0.3435 0.2047, -0.2539 -0.2077 0.2047, -0.126 -0.8939 0.2047, -0.1358 -0.2077 0.2047, -0.126 0.3435 0.2047, -0.1358 0.3435 0.2047, 2.8957 0.3435 0.2047, 2.8858 0.3435 0.2047, 2.8957 -0.2077 0.2047, 2.8858 -0.8939 0.2047, 2.689 -0.8939 0.2047, 2.6988 0.3435 0.2047, 2.689 0.3435 0.2047, 2.502 0.3435 0.2047, 2.4921 0.3435 0.2047, 2.502 -0.2077 0.2047, 2.4921 -0.8939 0.2047, 2.3051 0.3435 0.2047, 2.2953 0.3435 0.2047, 2.3051 -0.2077 0.2047, 2.2953 -0.8939 0.2047, 2.1083 0.3435 0.2047, 2.0984 0.3435 0.2047, 2.1083 -0.2077 0.2047, 2.0984 -0.8939 0.2047, 1.311 -0.8939 0.2047, 1.3209 0.3435 0.2047, 1.311 0.3435 0.2047, 1.5079 -0.8939 0.2047, 1.124 0.3435 0.2047, 1.1142 0.3435 0.2047, 1.124 -0.2077 0.2047, 1.1142 -0.8939 0.2047, 2.0394 -0.8939 0.2047, 1.5177 0.3435 0.2047, 1.5079 0.3435 0.2047, 1.7047 -0.8939 0.2047, 0.9272 0.3435 0.2047, 0.9173 0.3435 0.2047, 0.9272 -0.2077 0.2047, 0.9173 -0.8939 0.2047, 1.7146 0.3435 0.2047, 1.7047 0.3435 0.2047, 2.0394 0.3435 0.2047, 2.0295 0.3435 0.2047, 0.7303 0.3435 0.2047, 0.7205 0.3435 0.2047, 0.7303 -0.2077 0.2047, 0.7205 -0.8939 0.2047, 0.3366 0.3435 0.2047, 0.3268 0.3435 0.2047, 0.3366 -0.2077 0.2047, 0.3268 -0.8939 0.2047, 0.1398 0.3435 0.2047, 0.1299 0.3435 0.2047, 0.1398 -0.2077 0.2047, 0.1299 -0.8939 0.2047, 0.0709 -0.8939 0.2047, -0.2539 0.3435 0.2047, -0.2638 0.3435 0.2047, 0.0709 0.3435 0.2047, 0.061 0.3435 0.2047, -3.0787 0.3435 0.0811, -3.0197 0.3435 0.0811, -2.8819 0.3435 0.0811, -2.8228 0.3435 0.0811, -2.685 0.3435 0.0811, -2.626 0.3435 0.0811, -2.4882 0.3435 0.0811, -2.4291 0.3435 0.0811, -2.2913 0.3435 0.0811, -2.2323 0.3435 0.0811, -2.0945 0.3435 0.0811, -2.0354 0.3435 0.0811, -1.8976 0.3435 0.0811, -1.8386 0.3435 0.0811, -1.7008 0.3435 0.0811, -1.6417 0.3435 0.0811, -1.5039 0.3435 0.0811, -1.4449 0.3435 0.0811, -1.3071 0.3435 0.0811, -1.248 0.3435 0.0811, -1.1102 0.3435 0.0811, -1.0512 0.3435 0.0811, -0.9134 0.3435 0.0811, -0.8543 0.3435 0.0811, -0.7165 0.3435 0.0811, -0.6575 0.3435 0.0811, -0.5197 0.3435 0.0811, -0.4606 0.3435 0.0811, -0.3228 0.3435 0.0811, -0.2638 0.3435 0.0811, -0.126 0.3435 0.0811, -0.0669 0.3435 0.0811, 3.0236 0.3435 0.0811, 3.0827 0.3435 0.0811, 2.8268 0.3435 0.0811, 2.8858 0.3435 0.0811, 2.6299 0.3435 0.0811, 2.689 0.3435 0.0811, 2.4331 0.3435 0.0811, 2.4921 0.3435 0.0811, 2.2362 0.3435 0.0811, 2.2953 0.3435 0.0811, 2.0394 0.3435 0.0811, 2.0984 0.3435 0.0811, 1.8425 0.3435 0.0811, 1.9016 0.3435 0.0811, 1.6457 0.3435 0.0811, 1.7047 0.3435 0.0811, 1.4488 0.3435 0.0811, 1.5079 0.3435 0.0811, 1.252 0.3435 0.0811, 1.311 0.3435 0.0811, 1.0551 0.3435 0.0811, 1.1142 0.3435 0.0811, 0.8583 0.3435 0.0811, 0.9173 0.3435 0.0811, 0.6614 0.3435 0.0811, 0.7205 0.3435 0.0811, 0.4646 0.3435 0.0811, 0.5236 0.3435 0.0811, 0.2677 0.3435 0.0811, 0.3268 0.3435 0.0811, 0.0709 0.3435 0.0811, 0.1299 0.3435 0.0811, 0.5335 0.5404 0.3228, 0.6516 0.5404 0.3228, 0.7303 0.5404 0.3228, 0.8484 0.5404 0.3228, 0.9272 0.5404 0.3228, 1.0453 0.5404 0.3228, 1.124 0.5404 0.3228, 1.2421 0.5404 0.3228, 1.3209 0.5404 0.3228, 1.439 0.5404 0.3228, 1.5177 0.5404 0.3228, 1.6358 0.5404 0.3228, 1.7146 0.5404 0.3228, 1.8327 0.5404 0.3228, 1.9114 0.5404 0.3228, 2.0295 0.5404 0.3228, 3.624 0.5404 0.7953, 2.8957 0.5404 0.3228, 3.0138 0.5404 0.3228, 2.6988 0.5404 0.3228, 2.8169 0.5404 0.3228, 2.502 0.5404 0.3228, 2.6201 0.5404 0.3228, 2.3051 0.5404 0.3228, 2.4232 0.5404 0.3228, 2.1083 0.5404 0.3228, 2.2264 0.5404 0.3228, 0.3366 0.5404 0.3228, 0.4547 0.5404 0.3228, -3.0098 0.5404 0.3228, -2.8917 0.5404 0.3228, -2.813 0.5404 0.3228, -2.6949 0.5404 0.3228, -2.6161 0.5404 0.3228, -2.498 0.5404 0.3228, -2.4193 0.5404 0.3228, -2.3012 0.5404 0.3228, -2.2224 0.5404 0.3228, -2.1043 0.5404 0.3228, -2.0256 0.5404 0.3228, -1.9075 0.5404 0.3228, -1.8287 0.5404 0.3228, -1.7106 0.5404 0.3228, -1.6319 0.5404 0.3228, -1.5138 0.5404 0.3228, -1.435 0.5404 0.3228, -1.3169 0.5404 0.3228, -1.2382 0.5404 0.3228, -1.1201 0.5404 0.3228, -1.0413 0.5404 0.3228, -0.9232 0.5404 0.3228, -0.8445 0.5404 0.3228, -0.7264 0.5404 0.3228, -0.6476 0.5404 0.3228, -0.5295 0.5404 0.3228, -0.4508 0.5404 0.3228, -0.3327 0.5404 0.3228, -0.2539 0.5404 0.3228, -0.1358 0.5404 0.3228, -0.0571 0.5404 0.3228, 0.061 0.5404 0.3228, 0.1398 0.5404 0.3228, 0.2579 0.5404 0.3228, 3.2815 -0.2077 0.5984, 3.0925 -0.2077 0.5984, 2.8957 -0.2077 0.5984, 3.0138 -0.2077 0.5984, 2.6988 -0.2077 0.5984, 2.8169 -0.2077 0.5984, 2.502 -0.2077 0.5984, 2.6201 -0.2077 0.5984, 2.3051 -0.2077 0.5984, 2.4232 -0.2077 0.5984, 2.1083 -0.2077 0.5984, 2.2264 -0.2077 0.5984, 1.9114 -0.2077 0.5984, 2.0295 -0.2077 0.5984, 1.7146 -0.2077 0.5984, 1.8327 -0.2077 0.5984, 1.5177 -0.2077 0.5984, 1.6358 -0.2077 0.5984, 1.3209 -0.2077 0.5984, 1.439 -0.2077 0.5984, 1.124 -0.2077 0.5984, 1.2421 -0.2077 0.5984, 0.9272 -0.2077 0.5984, 1.0453 -0.2077 0.5984, 0.7303 -0.2077 0.5984, 0.8484 -0.2077 0.5984, 0.5335 -0.2077 0.5984, 0.6516 -0.2077 0.5984, 0.3366 -0.2077 0.5984, 0.4547 -0.2077 0.5984, 2.8957 -0.0502 0.3228, 3.0138 -0.0502 0.3228, 2.6988 -0.0502 0.3228, 2.8169 -0.0502 0.3228, 2.502 -0.0502 0.3228, 2.6201 -0.0502 0.3228, 2.3051 -0.0502 0.3228, 2.4232 -0.0502 0.3228, 2.1083 -0.0502 0.3228, 2.2264 -0.0502 0.3228, 1.9114 -0.0502 0.3228, 2.0295 -0.0502 0.3228, 1.7146 -0.0502 0.3228, 1.8327 -0.0502 0.3228, 1.5177 -0.0502 0.3228, 1.6358 -0.0502 0.3228, 1.3209 -0.0502 0.3228, 1.439 -0.0502 0.3228, 1.124 -0.0502 0.3228, 1.2421 -0.0502 0.3228, 0.9272 -0.0502 0.3228, 1.0453 -0.0502 0.3228, 0.7303 -0.0502 0.3228, 0.8484 -0.0502 0.3228, 0.5335 -0.0502 0.3228, 0.6516 -0.0502 0.3228, 0.3366 -0.0502 0.3228, 0.4547 -0.0502 0.3228, -0.1358 -0.2077 0.5984, -0.2539 -0.2077 0.5984, -0.4508 -0.2077 0.5984, -0.3327 -0.2077 0.5984, -0.6476 -0.2077 0.5984, -0.5295 -0.2077 0.5984, -0.8445 -0.2077 0.5984, -0.7264 -0.2077 0.5984, -1.0413 -0.2077 0.5984, -0.9232 -0.2077 0.5984, -1.2382 -0.2077 0.5984, -1.1201 -0.2077 0.5984, -1.435 -0.2077 0.5984, -1.3169 -0.2077 0.5984, -1.6319 -0.2077 0.5984, -1.5138 -0.2077 0.5984, -2.498 -0.2077 0.5984, -2.6161 -0.2077 0.5984, -2.813 -0.2077 0.5984, -2.6949 -0.2077 0.5984, -3.0098 -0.2077 0.5984, -2.8917 -0.2077 0.5984, -2.3012 -0.2077 0.5984, -2.4193 -0.2077 0.5984, -2.1043 -0.2077 0.5984, -2.2224 -0.2077 0.5984, -1.9075 -0.2077 0.5984, -2.0256 -0.2077 0.5984, -1.8287 -0.2077 0.5984, -1.7106 -0.2077 0.5984, 0.061 -0.2077 0.5984, -0.0571 -0.2077 0.5984, -0.1358 -0.0502 0.3228, -0.2539 -0.0502 0.3228, -0.4508 -0.0502 0.3228, -0.3327 -0.0502 0.3228, -0.6476 -0.0502 0.3228, -0.5295 -0.0502 0.3228, -0.8445 -0.0502 0.3228, -0.7264 -0.0502 0.3228, -1.0413 -0.0502 0.3228, -0.9232 -0.0502 0.3228, -1.2382 -0.0502 0.3228, -1.1201 -0.0502 0.3228, -1.435 -0.0502 0.3228, -1.3169 -0.0502 0.3228, -1.6319 -0.0502 0.3228, -1.5138 -0.0502 0.3228, -2.498 -0.0502 0.3228, -2.6161 -0.0502 0.3228, -2.813 -0.0502 0.3228, -2.6949 -0.0502 0.3228, -3.0098 -0.0502 0.3228, -2.8917 -0.0502 0.3228, -2.3012 -0.0502 0.3228, -2.4193 -0.0502 0.3228, -2.1043 -0.0502 0.3228, -2.2224 -0.0502 0.3228, -1.9075 -0.0502 0.3228, -2.0256 -0.0502 0.3228, -1.8287 -0.0502 0.3228, -1.7106 -0.0502 0.3228, 0.061 -0.0502 0.3228, -0.0571 -0.0502 0.3228, 0.1398 -0.2077 0.5984, 0.2579 -0.2077 0.5984, 0.1398 -0.0502 0.3228, 0.2579 -0.0502 0.3228, -3.2264 -0.1683 0.7953, -3.4232 -0.1683 0.7953, -3.4232 -0.3652 0.7953, 3.4272 -0.1683 0.7953, 3.0148 -1.2313 0.7953, -3.6201 -0.3652 0.7953, -3.6201 0.5404 0.7953, 3.2303 -0.0502 0.7953, -3.2264 -0.0502 0.7953, 3.2303 -0.1683 0.7953, -3.0108 -1.2313 0.7953, 0.061 -0.0502 0.5984, -0.1358 -0.0502 0.5984, -0.2539 -0.0502 0.5984, 3.0138 -0.0502 0.5984, 2.8957 -0.0502 0.5984, -0.0571 -0.0502 0.5984, -0.3327 -0.0502 0.5984, -0.7264 -0.0502 0.5984, 2.2264 -0.0502 0.5984, -0.8445 -0.0502 0.5984, -0.9232 -0.0502 0.5984, -0.4508 -0.0502 0.5984, -0.5295 -0.0502 0.5984, -0.6476 -0.0502 0.5984, 2.1083 -0.0502 0.5984, 2.0295 -0.0502 0.5984, -1.1201 -0.0502 0.5984, -1.2382 -0.0502 0.5984, -1.3169 -0.0502 0.5984, 3.0925 -0.0502 0.5984, 2.8169 -0.0502 0.5984, -1.0413 -0.0502 0.5984, 2.6988 -0.0502 0.5984, 2.6201 -0.0502 0.5984, -1.5138 -0.0502 0.5984, 1.439 -0.0502 0.5984, -1.6319 -0.0502 0.5984, -1.7106 -0.0502 0.5984, 2.502 -0.0502 0.5984, 2.4232 -0.0502 0.5984, -1.435 -0.0502 0.5984, 2.3051 -0.0502 0.5984, 1.3209 -0.0502 0.5984, 1.2421 -0.0502 0.5984, -1.9075 -0.0502 0.5984, -2.0256 -0.0502 0.5984, -2.1043 -0.0502 0.5984, 1.9114 -0.0502 0.5984, 1.8327 -0.0502 0.5984, -1.8287 -0.0502 0.5984, 0.8484 -0.0502 0.5984, 1.7146 -0.0502 0.5984, 1.6358 -0.0502 0.5984, -2.3012 -0.0502 0.5984, -2.4193 -0.0502 0.5984, -2.498 -0.0502 0.5984, 1.5177 -0.0502 0.5984, 0.7303 -0.0502 0.5984, 0.6516 -0.0502 0.5984, -2.2224 -0.0502 0.5984, 0.1398 -0.0502 0.5984, 1.124 -0.0502 0.5984, 1.0453 -0.0502 0.5984, -2.6949 -0.0502 0.5984, -2.813 -0.0502 0.5984, -2.8917 -0.0502 0.5984, 0.9272 -0.0502 0.5984, 0.2579 -0.0502 0.5984, -2.6161 -0.0502 0.5984, 0.5335 -0.0502 0.5984, 0.4547 -0.0502 0.5984, 0.3366 -0.0502 0.5984, -3.0886 -0.0502 0.3228, -3.2264 -0.0502 0.3228, -3.0886 -0.0502 0.5984, -3.0098 -0.0502 0.5984, -3.6004 0.5404 0.3228, -3.6201 0.5404 0.3228, -3.2776 -0.2077 0.5984, 3.0148 -1.2313 0.5984, -3.0108 -1.2313 0.5984, -3.0886 -0.2077 0.5984, -3.6004 -0.0188 0.3228, -3.6201 -0.3652 0.3228, -3.5945 -0.3061 0.3228, -3.5945 -0.3652 0.3228, -3.5157 -0.3652 0.3228, -3.4232 -0.3652 0.3228, -3.5157 -0.3061 0.3228, -3.4232 -0.1683 0.3228, -3.4489 -0.0188 0.3228, -3.2264 -0.1683 0.3228, -3.4489 0.3761 0.3228, -3.2854 0.3761 0.3228, -3.5945 -0.3652 0.6378, -3.5157 -0.3652 0.6378
            ]
        }
        coordIndex [
            0,1,2,-1,2,1,3,-1,4,5,6,-1,6,5,7,-1,8,9,10,-1,11,12,13,-1,14,15,16,-1,15,17,18,-1,17,19,20,-1,21,22,23,-1,24,25,26,-1,27,28,29,-1,29,28,30,-1,31,32,29,-1,29,32,33,-1,29,33,34,-1,34,35,29,-1,29,35,36,-1,29,36,27,-1,37,38,39,-1,39,38,40,-1,39,40,41,-1,41,40,42,-1,37,39,43,-1,43,39,44,-1,43,44,45,-1,46,47,44,-1,44,47,48,-1,44,48,49,-1,44,50,45,-1,45,50,51,-1,45,51,52,-1,52,51,53,-1,52,53,54,-1,49,55,44,-1,44,55,56,-1,44,56,50,-1,57,58,59,-1,57,59,60,-1,58,61,59,-1,59,61,62,-1,59,62,63,-1,63,62,64,-1,64,65,63,-1,63,65,66,-1,63,66,46,-1,46,66,67,-1,46,67,47,-1,68,60,69,-1,69,60,59,-1,69,59,70,-1,70,59,71,-1,70,71,72,-1,72,71,73,-1,74,75,76,-1,77,78,71,-1,71,78,79,-1,71,79,73,-1,76,80,74,-1,74,80,81,-1,74,81,77,-1,77,81,82,-1,77,82,78,-1,83,84,75,-1,75,84,85,-1,75,85,86,-1,86,87,75,-1,75,87,88,-1,75,88,76,-1,89,90,91,-1,92,93,94,-1,95,96,83,-1,97,98,99,-1,99,98,100,-1,92,94,101,-1,95,83,102,-1,103,104,98,-1,98,104,105,-1,98,105,106,-1,91,90,83,-1,83,90,107,-1,83,107,102,-1,93,108,94,-1,94,108,109,-1,94,109,110,-1,111,112,113,-1,113,112,114,-1,113,114,115,-1,116,106,117,-1,117,106,118,-1,117,118,113,-1,113,118,119,-1,113,119,111,-1,116,120,106,-1,106,120,121,-1,106,121,98,-1,98,121,122,-1,98,122,100,-1,123,124,125,-1,125,124,126,-1,125,126,94,-1,94,126,127,-1,94,127,101,-1,128,129,94,-1,94,129,130,-1,94,130,98,-1,98,130,131,-1,98,131,103,-1,132,133,84,-1,84,133,134,-1,84,134,135,-1,135,136,84,-1,84,136,137,-1,84,137,138,-1,138,137,123,-1,138,123,139,-1,139,123,125,-1,96,140,83,-1,83,140,141,-1,83,141,84,-1,84,141,142,-1,84,142,132,-1,110,143,94,-1,94,143,144,-1,94,144,145,-1,145,146,94,-1,94,146,147,-1,94,147,128,-1,148,149,150,-1,150,106,148,-1,148,106,105,-1,148,105,151,-1,151,105,152,-1,152,153,151,-1,151,153,154,-1,151,154,155,-1,156,157,158,-1,157,159,158,-1,158,159,160,-1,158,160,161,-1,162,158,163,-1,149,148,162,-1,162,148,164,-1,162,164,158,-1,158,164,165,-1,158,165,156,-1,163,166,162,-1,162,166,167,-1,162,167,168,-1,161,160,169,-1,169,160,170,-1,169,170,171,-1,171,170,172,-1,171,172,173,-1,174,175,168,-1,168,175,176,-1,168,176,162,-1,28,177,30,-1,30,177,178,-1,30,178,91,-1,91,178,179,-1,91,179,89,-1,180,181,182,-1,26,25,183,-1,183,25,184,-1,183,184,185,-1,186,187,188,-1,188,187,189,-1,188,189,190,-1,190,189,180,-1,190,180,191,-1,192,193,194,-1,194,193,195,-1,194,195,185,-1,182,181,196,-1,196,181,197,-1,196,197,198,-1,199,200,201,-1,202,203,204,-1,204,203,205,-1,204,205,206,-1,206,205,199,-1,206,199,207,-1,207,199,201,-1,208,209,210,-1,211,212,213,-1,214,215,208,-1,215,216,208,-1,208,216,217,-1,208,217,209,-1,209,217,218,-1,211,213,208,-1,208,213,219,-1,208,219,214,-1,220,221,222,-1,222,221,223,-1,222,223,210,-1,210,223,224,-1,210,224,208,-1,225,226,22,-1,22,226,227,-1,22,227,23,-1,228,229,23,-1,230,231,232,-1,233,234,23,-1,23,234,235,-1,218,236,209,-1,209,236,237,-1,209,237,232,-1,232,237,238,-1,232,238,230,-1,231,239,232,-1,232,239,240,-1,232,240,241,-1,241,240,242,-1,241,242,228,-1,243,244,229,-1,229,244,245,-1,229,245,23,-1,23,245,246,-1,23,246,233,-1,235,247,23,-1,23,247,248,-1,23,248,21,-1,249,250,251,-1,251,250,252,-1,251,252,253,-1,251,254,249,-1,249,254,255,-1,249,255,256,-1,256,257,249,-1,249,257,258,-1,249,258,259,-1,259,258,260,-1,259,260,261,-1,261,260,262,-1,261,262,229,-1,229,262,263,-1,229,263,243,-1,264,265,253,-1,253,265,266,-1,253,266,251,-1,267,268,212,-1,212,268,269,-1,212,269,213,-1,267,270,268,-1,268,270,271,-1,268,271,272,-1,272,271,273,-1,272,274,275,-1,273,276,272,-1,272,276,277,-1,272,277,278,-1,278,279,272,-1,272,279,280,-1,272,280,274,-1,275,281,272,-1,272,281,282,-1,272,282,283,-1,284,285,286,-1,287,288,286,-1,286,288,289,-1,286,289,284,-1,285,284,290,-1,290,284,291,-1,290,291,292,-1,288,293,289,-1,289,293,294,-1,289,294,295,-1,295,294,296,-1,295,296,297,-1,297,296,298,-1,297,298,292,-1,292,298,299,-1,292,299,290,-1,300,301,302,-1,302,301,303,-1,302,303,304,-1,305,304,306,-1,306,304,303,-1,306,303,307,-1,307,303,308,-1,307,308,309,-1,309,308,310,-1,311,312,313,-1,314,315,316,-1,316,315,317,-1,316,317,305,-1,305,317,318,-1,305,318,304,-1,304,318,319,-1,304,319,313,-1,313,319,320,-1,313,320,311,-1,321,322,300,-1,300,322,323,-1,300,323,301,-1,14,324,325,-1,325,324,326,-1,325,326,327,-1,327,326,328,-1,327,328,329,-1,329,328,227,-1,329,227,330,-1,330,227,226,-1,330,226,331,-1,331,226,332,-1,333,334,335,-1,334,336,335,-1,335,336,337,-1,335,337,338,-1,338,337,339,-1,338,339,340,-1,340,339,312,-1,340,312,321,-1,321,312,311,-1,321,311,322,-1,341,342,343,-1,344,345,335,-1,335,345,346,-1,346,347,335,-1,335,347,348,-1,335,348,349,-1,350,351,335,-1,335,351,352,-1,335,352,333,-1,335,353,344,-1,344,353,354,-1,344,354,343,-1,343,354,355,-1,343,355,341,-1,349,356,335,-1,335,356,357,-1,335,357,350,-1,358,359,360,-1,360,359,361,-1,360,361,321,-1,321,361,362,-1,321,362,340,-1,363,364,365,-1,365,364,366,-1,365,366,367,-1,368,369,370,-1,371,372,370,-1,370,372,373,-1,370,373,368,-1,374,375,370,-1,370,375,376,-1,370,376,371,-1,12,377,378,-1,378,377,379,-1,378,379,374,-1,374,379,380,-1,374,380,375,-1,381,382,13,-1,382,383,13,-1,13,383,384,-1,13,384,11,-1,381,13,385,-1,385,13,386,-1,385,386,387,-1,387,386,388,-1,388,386,209,-1,388,209,389,-1,339,390,312,-1,312,390,391,-1,312,391,392,-1,392,391,393,-1,392,393,394,-1,395,396,397,-1,397,396,398,-1,399,400,209,-1,400,401,209,-1,209,401,402,-1,209,402,210,-1,210,402,403,-1,210,403,404,-1,395,405,396,-1,396,405,406,-1,396,406,407,-1,407,406,408,-1,409,410,408,-1,408,410,411,-1,408,411,407,-1,412,413,414,-1,414,413,415,-1,414,415,416,-1,417,418,404,-1,404,418,419,-1,404,419,420,-1,416,421,414,-1,414,421,422,-1,414,422,386,-1,386,422,398,-1,386,398,423,-1,423,398,396,-1,424,425,209,-1,209,425,426,-1,209,426,399,-1,427,428,408,-1,408,428,429,-1,408,429,430,-1,430,431,408,-1,408,431,432,-1,408,432,409,-1,423,433,386,-1,386,433,434,-1,386,434,209,-1,209,434,435,-1,209,435,424,-1,436,437,332,-1,332,437,438,-1,437,439,438,-1,438,439,440,-1,438,440,414,-1,414,440,441,-1,414,441,412,-1,442,443,23,-1,228,23,241,-1,241,23,443,-1,241,443,203,-1,203,443,444,-1,203,444,205,-1,445,446,442,-1,447,448,449,-1,449,448,450,-1,449,450,445,-1,445,442,449,-1,449,442,23,-1,449,23,451,-1,451,23,227,-1,451,227,452,-1,451,453,449,-1,449,453,454,-1,449,454,455,-1,456,457,328,-1,328,457,458,-1,328,458,227,-1,227,458,459,-1,227,459,452,-1,455,460,449,-1,449,460,461,-1,449,461,447,-1,462,463,326,-1,462,326,464,-1,463,465,326,-1,326,465,466,-1,326,466,328,-1,328,466,467,-1,328,467,456,-1,468,331,469,-1,469,331,332,-1,469,332,470,-1,470,332,438,-1,225,220,226,-1,226,220,222,-1,226,222,332,-1,332,222,210,-1,332,210,436,-1,436,210,404,-1,436,404,471,-1,471,404,420,-1,324,182,326,-1,326,182,196,-1,326,196,464,-1,464,196,198,-1,464,198,202,-1,202,198,24,-1,202,24,203,-1,203,24,26,-1,15,18,16,-1,16,18,472,-1,16,472,473,-1,474,91,475,-1,475,91,83,-1,475,83,476,-1,476,83,75,-1,476,75,477,-1,477,75,74,-1,477,74,478,-1,474,479,480,-1,479,481,480,-1,480,481,482,-1,480,482,476,-1,476,482,483,-1,476,483,475,-1,484,485,486,-1,486,485,482,-1,486,482,487,-1,487,482,481,-1,487,481,488,-1,488,481,489,-1,195,191,185,-1,185,191,180,-1,185,180,183,-1,183,180,182,-1,183,182,490,-1,473,491,492,-1,473,493,494,-1,495,496,497,-1,497,496,498,-1,497,498,473,-1,473,498,499,-1,473,499,491,-1,492,500,473,-1,473,500,501,-1,473,501,493,-1,14,16,324,-1,324,16,473,-1,324,473,182,-1,182,473,494,-1,182,494,490,-1,497,502,503,-1,490,504,183,-1,183,504,505,-1,183,505,497,-1,497,505,506,-1,497,506,502,-1,503,507,497,-1,497,507,508,-1,497,508,495,-1,509,510,473,-1,511,512,513,-1,473,510,497,-1,497,510,514,-1,497,514,515,-1,12,378,13,-1,13,378,480,-1,13,480,386,-1,386,480,476,-1,386,476,414,-1,414,476,477,-1,414,477,438,-1,438,477,478,-1,438,478,470,-1,497,284,183,-1,183,284,289,-1,183,289,26,-1,26,289,295,-1,26,295,203,-1,203,295,304,-1,203,304,241,-1,241,304,313,-1,241,313,232,-1,232,313,312,-1,232,312,209,-1,209,312,392,-1,209,392,389,-1,389,392,394,-1,474,480,91,-1,91,480,378,-1,91,378,30,-1,30,378,516,-1,30,516,29,-1,516,517,29,-1,29,517,8,-1,29,8,374,-1,374,8,10,-1,374,10,378,-1,378,10,518,-1,378,518,516,-1,519,520,297,-1,297,520,521,-1,297,521,295,-1,295,521,522,-1,295,522,523,-1,523,524,295,-1,295,524,525,-1,295,525,526,-1,297,527,528,-1,302,529,297,-1,297,529,530,-1,297,530,527,-1,526,531,295,-1,295,531,532,-1,295,532,304,-1,304,532,533,-1,304,533,302,-1,302,533,534,-1,302,534,529,-1,528,535,297,-1,297,535,536,-1,297,536,519,-1,513,509,511,-1,511,509,473,-1,511,473,537,-1,537,473,472,-1,537,472,515,-1,515,472,538,-1,515,538,497,-1,497,538,539,-1,497,539,284,-1,284,539,540,-1,284,540,291,-1,17,20,18,-1,18,20,541,-1,18,541,472,-1,472,541,542,-1,472,542,538,-1,538,542,543,-1,538,543,539,-1,539,543,544,-1,539,544,540,-1,369,364,370,-1,370,364,363,-1,370,363,374,-1,374,363,545,-1,374,545,29,-1,29,545,41,-1,29,41,31,-1,31,41,42,-1,544,546,540,-1,540,546,547,-1,540,547,291,-1,291,547,548,-1,291,548,292,-1,292,548,549,-1,292,549,297,-1,297,549,550,-1,297,550,302,-1,302,550,551,-1,302,551,300,-1,300,551,552,-1,300,552,321,-1,321,552,553,-1,321,553,360,-1,360,553,365,-1,360,365,358,-1,358,365,367,-1,554,555,556,-1,556,555,557,-1,558,556,559,-1,559,556,560,-1,559,560,561,-1,561,560,562,-1,561,562,563,-1,563,562,564,-1,563,564,3,-1,3,564,2,-1,565,554,566,-1,566,554,556,-1,566,556,567,-1,567,556,558,-1,567,558,568,-1,568,558,569,-1,570,571,572,-1,572,571,573,-1,572,573,574,-1,574,573,575,-1,576,577,578,-1,579,580,575,-1,575,580,581,-1,582,546,583,-1,583,546,544,-1,583,544,543,-1,578,546,576,-1,576,546,582,-1,576,582,584,-1,584,582,585,-1,584,585,586,-1,586,585,587,-1,586,587,581,-1,581,587,588,-1,581,588,575,-1,575,588,589,-1,575,589,574,-1,574,589,590,-1,574,590,591,-1,591,590,592,-1,593,594,595,-1,19,596,20,-1,20,596,597,-1,543,542,583,-1,583,542,541,-1,583,541,598,-1,598,541,20,-1,598,20,599,-1,599,20,600,-1,592,590,595,-1,595,590,601,-1,595,601,593,-1,597,602,20,-1,20,602,603,-1,20,603,600,-1,604,605,606,-1,606,605,607,-1,77,608,468,-1,468,608,609,-1,468,609,610,-1,610,609,611,-1,587,585,612,-1,612,585,613,-1,612,613,570,-1,570,613,614,-1,570,614,571,-1,571,614,615,-1,611,616,617,-1,6,7,617,-1,617,7,618,-1,617,618,611,-1,611,618,619,-1,620,621,622,-1,1,0,623,-1,623,0,624,-1,625,626,619,-1,619,626,627,-1,619,627,611,-1,611,627,606,-1,611,606,610,-1,610,606,607,-1,610,607,585,-1,585,607,628,-1,629,630,628,-1,628,630,631,-1,628,631,585,-1,585,631,632,-1,633,634,632,-1,632,634,635,-1,632,635,585,-1,585,635,636,-1,637,638,636,-1,636,638,639,-1,636,639,585,-1,585,639,640,-1,641,642,640,-1,640,642,643,-1,640,643,585,-1,585,643,644,-1,645,646,644,-1,644,646,647,-1,644,647,585,-1,585,647,648,-1,649,650,648,-1,648,650,651,-1,648,651,585,-1,585,651,652,-1,653,654,652,-1,652,654,655,-1,652,655,585,-1,585,655,656,-1,657,658,656,-1,656,658,659,-1,656,659,585,-1,585,659,660,-1,661,662,660,-1,660,662,663,-1,660,663,585,-1,585,663,664,-1,665,666,664,-1,664,666,667,-1,664,667,585,-1,585,667,668,-1,669,670,668,-1,668,670,671,-1,668,671,585,-1,585,671,672,-1,673,674,672,-1,672,674,675,-1,672,675,585,-1,585,675,676,-1,677,678,676,-1,676,678,679,-1,676,679,585,-1,585,679,680,-1,681,682,680,-1,680,682,683,-1,680,683,585,-1,585,683,684,-1,685,686,684,-1,684,686,687,-1,684,687,585,-1,585,687,688,-1,689,690,688,-1,688,690,691,-1,688,691,585,-1,585,691,692,-1,693,694,692,-1,692,694,695,-1,692,695,585,-1,585,695,696,-1,697,698,696,-1,696,698,699,-1,696,699,585,-1,585,699,700,-1,701,702,700,-1,700,702,703,-1,700,703,585,-1,585,703,704,-1,705,706,704,-1,704,706,707,-1,704,707,585,-1,585,707,708,-1,709,710,708,-1,708,710,711,-1,708,711,585,-1,585,711,712,-1,713,714,712,-1,712,714,715,-1,712,715,585,-1,585,715,716,-1,717,718,716,-1,716,718,719,-1,716,719,585,-1,585,719,720,-1,721,722,720,-1,720,722,723,-1,720,723,585,-1,585,723,724,-1,725,726,724,-1,724,726,727,-1,724,727,585,-1,585,727,728,-1,729,730,728,-1,728,730,731,-1,728,731,585,-1,585,731,732,-1,733,734,732,-1,732,734,735,-1,732,735,585,-1,585,735,736,-1,737,613,624,-1,624,613,585,-1,624,585,623,-1,623,585,738,-1,739,740,736,-1,736,740,741,-1,736,741,585,-1,585,741,620,-1,585,620,738,-1,738,620,622,-1,554,565,742,-1,568,569,743,-1,743,569,744,-1,743,744,742,-1,742,744,745,-1,742,745,554,-1,746,747,748,-1,748,747,749,-1,750,751,752,-1,752,751,753,-1,754,755,756,-1,756,755,757,-1,758,759,760,-1,760,759,761,-1,762,763,764,-1,764,763,765,-1,766,767,768,-1,768,767,769,-1,770,771,772,-1,772,771,773,-1,774,775,776,-1,776,775,777,-1,778,779,780,-1,780,779,781,-1,782,783,784,-1,784,783,785,-1,784,785,786,-1,787,788,789,-1,789,788,790,-1,789,790,791,-1,586,792,754,-1,756,768,754,-1,754,768,769,-1,754,769,586,-1,586,769,770,-1,772,760,770,-1,770,760,761,-1,770,761,586,-1,586,761,774,-1,793,794,795,-1,795,794,796,-1,797,798,799,-1,799,798,800,-1,801,802,803,-1,803,802,804,-1,803,804,805,-1,776,764,774,-1,774,764,765,-1,774,765,586,-1,586,765,778,-1,806,807,808,-1,808,807,809,-1,810,811,812,-1,812,811,813,-1,814,815,816,-1,816,815,817,-1,816,817,818,-1,819,820,821,-1,821,820,822,-1,823,824,825,-1,825,824,826,-1,827,828,829,-1,829,828,830,-1,831,832,833,-1,833,832,834,-1,835,836,837,-1,837,836,838,-1,839,840,841,-1,841,840,842,-1,809,819,586,-1,843,844,845,-1,845,844,846,-1,847,848,849,-1,849,848,850,-1,780,795,778,-1,778,795,796,-1,778,796,586,-1,586,796,797,-1,586,797,809,-1,809,797,799,-1,809,799,808,-1,851,852,853,-1,853,852,854,-1,853,854,855,-1,856,857,858,-1,858,857,859,-1,586,860,861,-1,862,863,864,-1,864,863,865,-1,826,835,586,-1,866,867,868,-1,868,867,869,-1,870,871,872,-1,872,871,873,-1,821,812,819,-1,819,812,813,-1,819,813,586,-1,586,813,831,-1,586,831,826,-1,826,831,833,-1,826,833,825,-1,874,875,876,-1,876,875,877,-1,876,877,878,-1,879,880,881,-1,881,880,882,-1,883,884,885,-1,885,884,886,-1,885,886,887,-1,837,845,835,-1,835,845,846,-1,835,846,586,-1,586,846,888,-1,856,586,854,-1,854,586,888,-1,854,888,855,-1,855,888,889,-1,855,889,890,-1,891,892,893,-1,893,892,894,-1,895,896,861,-1,861,896,897,-1,861,897,586,-1,586,897,898,-1,899,900,901,-1,901,900,902,-1,903,904,905,-1,905,904,906,-1,905,906,907,-1,908,909,910,-1,910,909,911,-1,910,911,912,-1,913,914,915,-1,915,914,916,-1,917,918,919,-1,919,918,920,-1,858,868,856,-1,856,868,869,-1,856,869,586,-1,586,869,921,-1,879,586,877,-1,877,586,921,-1,877,921,878,-1,878,921,922,-1,878,922,923,-1,915,924,913,-1,913,924,584,-1,913,584,925,-1,925,584,586,-1,926,927,928,-1,928,927,929,-1,881,893,879,-1,879,893,894,-1,879,894,586,-1,586,894,930,-1,931,932,908,-1,908,932,925,-1,908,925,909,-1,909,925,586,-1,909,586,906,-1,906,586,930,-1,906,930,907,-1,907,930,933,-1,907,933,934,-1,935,936,937,-1,937,936,938,-1,937,938,939,-1,898,940,941,-1,941,940,942,-1,943,944,945,-1,945,944,946,-1,945,946,947,-1,948,949,950,-1,950,949,951,-1,586,952,899,-1,953,954,883,-1,883,954,952,-1,883,952,884,-1,884,952,586,-1,884,586,951,-1,951,586,898,-1,951,898,950,-1,950,898,941,-1,955,956,957,-1,957,956,958,-1,901,957,899,-1,899,957,958,-1,899,958,586,-1,586,958,917,-1,959,960,961,-1,961,960,962,-1,919,961,917,-1,917,961,962,-1,917,962,586,-1,586,962,926,-1,963,964,965,-1,965,964,966,-1,586,967,827,-1,968,969,814,-1,814,969,967,-1,814,967,815,-1,815,967,586,-1,815,586,970,-1,971,972,973,-1,973,972,974,-1,829,973,827,-1,827,973,974,-1,827,974,586,-1,586,974,839,-1,928,965,926,-1,926,965,966,-1,926,966,586,-1,586,966,975,-1,976,977,801,-1,801,977,970,-1,801,970,802,-1,802,970,586,-1,802,586,978,-1,979,980,981,-1,981,980,982,-1,841,981,839,-1,839,981,982,-1,839,982,586,-1,586,982,847,-1,983,984,782,-1,782,984,978,-1,782,978,783,-1,783,978,586,-1,783,586,938,-1,938,586,975,-1,938,975,939,-1,939,975,985,-1,939,985,986,-1,987,988,989,-1,989,988,990,-1,873,746,586,-1,991,992,993,-1,993,992,994,-1,748,993,746,-1,746,993,994,-1,746,994,586,-1,586,994,750,-1,849,989,847,-1,847,989,990,-1,847,990,586,-1,586,990,862,-1,586,862,873,-1,873,862,864,-1,873,864,872,-1,995,996,997,-1,997,996,998,-1,752,997,750,-1,750,997,998,-1,750,998,586,-1,586,998,999,-1,1000,1001,943,-1,943,1001,792,-1,943,792,944,-1,944,792,586,-1,944,586,790,-1,790,586,999,-1,790,999,791,-1,791,999,1002,-1,791,1002,1003,-1,916,914,1004,-1,932,931,1005,-1,1005,931,619,-1,1005,619,1004,-1,1004,619,618,-1,1004,618,916,-1,912,911,1006,-1,904,903,1007,-1,1007,903,606,-1,1007,606,1006,-1,1006,606,627,-1,1006,627,912,-1,934,933,1008,-1,892,891,1009,-1,1009,891,628,-1,1009,628,1008,-1,1008,628,607,-1,1008,607,934,-1,882,880,1010,-1,875,874,1011,-1,1011,874,632,-1,1011,632,1010,-1,1010,632,631,-1,1010,631,882,-1,923,922,1012,-1,867,866,1013,-1,1013,866,636,-1,1013,636,1012,-1,1012,636,635,-1,1012,635,923,-1,859,857,1014,-1,852,851,1015,-1,1015,851,640,-1,1015,640,1014,-1,1014,640,639,-1,1014,639,859,-1,890,889,1016,-1,844,843,1017,-1,1017,843,644,-1,1017,644,1016,-1,1016,644,643,-1,1016,643,890,-1,838,836,1018,-1,824,823,1019,-1,1019,823,648,-1,1019,648,1018,-1,1018,648,647,-1,1018,647,838,-1,834,832,1020,-1,811,810,1021,-1,1021,810,652,-1,1021,652,1020,-1,1020,652,651,-1,1020,651,834,-1,822,820,1022,-1,807,806,1023,-1,1023,806,656,-1,1023,656,1022,-1,1022,656,655,-1,1022,655,822,-1,800,798,1024,-1,794,793,1025,-1,1025,793,660,-1,1025,660,1024,-1,1024,660,659,-1,1024,659,800,-1,781,779,1026,-1,763,762,1027,-1,1027,762,664,-1,1027,664,1026,-1,1026,664,663,-1,1026,663,781,-1,777,775,1028,-1,759,758,1029,-1,1029,758,668,-1,1029,668,1028,-1,1028,668,667,-1,1028,667,777,-1,773,771,1030,-1,767,766,1031,-1,1031,766,672,-1,1031,672,1030,-1,1030,672,671,-1,1030,671,773,-1,757,755,1032,-1,1001,1000,1033,-1,1033,1000,676,-1,1033,676,1032,-1,1032,676,675,-1,1032,675,757,-1,947,946,1034,-1,788,787,1035,-1,1035,787,680,-1,1035,680,1034,-1,1034,680,679,-1,1034,679,947,-1,942,940,1036,-1,896,895,1037,-1,1037,895,623,-1,1037,623,1036,-1,1036,623,738,-1,1036,738,942,-1,887,886,1038,-1,949,948,1039,-1,1039,948,620,-1,1039,620,1038,-1,1038,620,741,-1,1038,741,887,-1,902,900,1040,-1,954,953,1041,-1,1041,953,736,-1,1041,736,1040,-1,1040,736,735,-1,1040,735,902,-1,920,918,1042,-1,956,955,1043,-1,1043,955,732,-1,1043,732,1042,-1,1042,732,731,-1,1042,731,920,-1,929,927,1044,-1,960,959,1045,-1,1045,959,728,-1,1045,728,1044,-1,1044,728,727,-1,1044,727,929,-1,986,985,1046,-1,964,963,1047,-1,1047,963,724,-1,1047,724,1046,-1,1046,724,723,-1,1046,723,986,-1,786,785,1048,-1,936,935,1049,-1,1049,935,720,-1,1049,720,1048,-1,1048,720,719,-1,1048,719,786,-1,805,804,1050,-1,984,983,1051,-1,1051,983,716,-1,1051,716,1050,-1,1050,716,715,-1,1050,715,805,-1,818,817,1052,-1,977,976,1053,-1,1053,976,712,-1,1053,712,1052,-1,1052,712,711,-1,1052,711,818,-1,830,828,1054,-1,969,968,1055,-1,1055,968,708,-1,1055,708,1054,-1,1054,708,707,-1,1054,707,830,-1,842,840,1056,-1,972,971,1057,-1,1057,971,704,-1,1057,704,1056,-1,1056,704,703,-1,1056,703,842,-1,850,848,1058,-1,980,979,1059,-1,1059,979,700,-1,1059,700,1058,-1,1058,700,699,-1,1058,699,850,-1,865,863,1060,-1,988,987,1061,-1,1061,987,696,-1,1061,696,1060,-1,1060,696,695,-1,1060,695,865,-1,749,747,1062,-1,871,870,1063,-1,1063,870,692,-1,1063,692,1062,-1,1062,692,691,-1,1062,691,749,-1,753,751,1064,-1,992,991,1065,-1,1065,991,688,-1,1065,688,1064,-1,1064,688,687,-1,1064,687,753,-1,1003,1002,1066,-1,996,995,1067,-1,1067,995,684,-1,1067,684,1066,-1,1066,684,683,-1,1066,683,1003,-1,1068,1069,693,-1,693,1069,694,-1,1070,1071,697,-1,697,1071,698,-1,1072,1073,701,-1,701,1073,702,-1,1074,1075,705,-1,705,1075,706,-1,1076,1077,709,-1,709,1077,710,-1,1078,1079,713,-1,713,1079,714,-1,1080,1081,717,-1,717,1081,718,-1,1082,1083,721,-1,721,1083,722,-1,1084,573,555,-1,555,573,571,-1,555,571,557,-1,557,571,615,-1,621,1085,622,-1,622,1085,1086,-1,739,1087,740,-1,740,1087,1088,-1,733,1089,734,-1,734,1089,1090,-1,729,1091,730,-1,730,1091,1092,-1,725,1093,726,-1,726,1093,1094,-1,689,1095,690,-1,690,1095,1096,-1,1097,1098,625,-1,625,1098,626,-1,1099,1100,604,-1,604,1100,605,-1,1101,1102,629,-1,629,1102,630,-1,1103,1104,633,-1,633,1104,634,-1,1105,1106,637,-1,637,1106,638,-1,1107,1108,641,-1,641,1108,642,-1,1109,1110,645,-1,645,1110,646,-1,1111,1112,649,-1,649,1112,650,-1,1113,1114,653,-1,653,1114,654,-1,1115,1116,657,-1,657,1116,658,-1,1117,1118,661,-1,661,1118,662,-1,1119,1120,665,-1,665,1120,666,-1,1121,1122,669,-1,669,1122,670,-1,1123,1124,673,-1,673,1124,674,-1,1125,1126,677,-1,677,1126,678,-1,1127,1128,681,-1,681,1128,682,-1,685,1129,686,-1,686,1129,1130,-1,860,1131,861,-1,861,1131,1132,-1,1133,950,1134,-1,1134,950,941,-1,1135,883,1136,-1,1136,883,885,-1,1137,957,1138,-1,1138,957,901,-1,1139,961,1140,-1,1140,961,919,-1,1141,965,1142,-1,1142,965,928,-1,1143,937,1144,-1,1144,937,939,-1,1145,782,1146,-1,1146,782,784,-1,1147,801,1148,-1,1148,801,803,-1,1149,814,1150,-1,1150,814,816,-1,1151,973,1152,-1,1152,973,829,-1,1153,981,1154,-1,1154,981,841,-1,1155,989,1156,-1,1156,989,849,-1,1157,872,1158,-1,1158,872,864,-1,1159,993,1160,-1,1160,993,748,-1,1085,1161,1086,-1,1086,1161,1162,-1,1087,1163,1088,-1,1088,1163,1164,-1,1089,1165,1090,-1,1090,1165,1166,-1,1091,1167,1092,-1,1092,1167,1168,-1,1093,1169,1094,-1,1094,1169,1170,-1,1082,1171,1083,-1,1083,1171,1172,-1,1080,1173,1081,-1,1081,1173,1174,-1,1078,1175,1079,-1,1079,1175,1176,-1,1076,1177,1077,-1,1077,1177,1178,-1,1074,1179,1075,-1,1075,1179,1180,-1,1072,1181,1073,-1,1073,1181,1182,-1,1070,1183,1071,-1,1071,1183,1184,-1,1068,1185,1069,-1,1069,1185,1186,-1,1095,1187,1096,-1,1096,1187,1188,-1,945,1189,943,-1,943,1189,1190,-1,1191,768,1192,-1,1192,768,756,-1,1193,760,1194,-1,1194,760,772,-1,1195,764,1196,-1,1196,764,776,-1,1197,795,1198,-1,1198,795,780,-1,1199,808,1200,-1,1200,808,799,-1,1201,812,1202,-1,1202,812,821,-1,1203,825,1204,-1,1204,825,833,-1,881,1205,893,-1,893,1205,1206,-1,1207,905,1208,-1,1208,905,907,-1,1209,908,1210,-1,1210,908,910,-1,878,1211,876,-1,876,1211,1212,-1,858,1213,868,-1,868,1213,1214,-1,855,1215,853,-1,853,1215,1216,-1,1217,845,1218,-1,1218,845,837,-1,791,1219,789,-1,789,1219,1220,-1,1221,1126,1222,-1,1222,1126,1125,-1,1123,1223,1124,-1,1124,1223,1224,-1,1121,1225,1122,-1,1122,1225,1226,-1,1119,1227,1120,-1,1120,1227,1228,-1,1117,1229,1118,-1,1118,1229,1230,-1,1115,1231,1116,-1,1116,1231,1232,-1,1113,1233,1114,-1,1114,1233,1234,-1,1111,1235,1112,-1,1112,1235,1236,-1,1237,1102,1238,-1,1238,1102,1101,-1,1099,1239,1100,-1,1100,1239,1240,-1,1097,1241,1098,-1,1098,1241,1242,-1,1243,1104,1244,-1,1244,1104,1103,-1,1245,1106,1246,-1,1246,1106,1105,-1,1247,1108,1248,-1,1248,1108,1107,-1,1109,1249,1110,-1,1110,1249,1250,-1,1251,1128,1252,-1,1252,1128,1127,-1,1253,997,1254,-1,1254,997,752,-1,1129,1255,1130,-1,1130,1255,1256,-1,1257,1258,1259,-1,573,1084,745,-1,1260,1261,744,-1,744,1261,579,-1,744,579,745,-1,745,579,575,-1,745,575,573,-1,1262,1263,39,-1,1264,1265,1266,-1,1266,1265,1257,-1,546,578,547,-1,547,578,1267,-1,547,1267,548,-1,548,1267,1262,-1,548,1262,549,-1,1260,1266,1261,-1,1261,1266,1257,-1,1261,1257,1267,-1,1267,1257,1259,-1,1267,1259,1262,-1,39,41,1262,-1,1262,41,545,-1,1262,545,363,-1,363,365,1262,-1,1262,365,553,-1,1262,553,552,-1,552,551,1262,-1,1262,551,550,-1,1262,550,549,-1,1264,561,563,-1,1268,1251,1252,-1,1221,1222,1269,-1,1269,1222,1270,-1,1162,1161,1271,-1,1271,1161,1272,-1,1273,1269,1265,-1,1265,1269,1270,-1,1265,1270,1274,-1,1275,1228,1227,-1,1276,1170,1169,-1,1277,1278,1265,-1,1224,1223,1274,-1,1274,1223,1279,-1,1274,1279,1265,-1,1265,1279,1280,-1,1227,1277,1275,-1,1275,1277,1265,-1,1275,1265,1281,-1,1281,1265,1280,-1,1281,1280,1225,-1,1225,1280,1226,-1,1282,1283,1265,-1,1284,1232,1231,-1,1285,1286,1265,-1,563,1287,1264,-1,1264,1287,1271,-1,1264,1271,1265,-1,1265,1271,1272,-1,1265,1272,1288,-1,1231,1285,1284,-1,1284,1285,1265,-1,1284,1265,1289,-1,1289,1265,1278,-1,1289,1278,1229,-1,1229,1278,1230,-1,1164,1163,1288,-1,1288,1163,1290,-1,1288,1290,1265,-1,1265,1290,1291,-1,1292,1236,1235,-1,1293,1178,1177,-1,1294,1295,1265,-1,1166,1165,1291,-1,1291,1165,1296,-1,1291,1296,1265,-1,1265,1296,1297,-1,1235,1294,1292,-1,1292,1294,1265,-1,1292,1265,1298,-1,1298,1265,1286,-1,1298,1286,1233,-1,1233,1286,1234,-1,1168,1167,1297,-1,1297,1167,1299,-1,1297,1299,1265,-1,1265,1299,1276,-1,1265,1276,1282,-1,1282,1276,1169,-1,1300,1301,1265,-1,1302,1247,1248,-1,1303,1304,1265,-1,1172,1171,1283,-1,1283,1171,1305,-1,1283,1305,1265,-1,1265,1305,1306,-1,1248,1303,1302,-1,1302,1303,1265,-1,1302,1265,1307,-1,1307,1265,1295,-1,1307,1295,1249,-1,1249,1295,1250,-1,1308,1184,1183,-1,1174,1173,1306,-1,1306,1173,1309,-1,1306,1309,1265,-1,1265,1309,1310,-1,1311,1243,1244,-1,1312,1313,1265,-1,1176,1175,1310,-1,1310,1175,1314,-1,1310,1314,1265,-1,1265,1314,1293,-1,1265,1293,1300,-1,1300,1293,1177,-1,1315,1316,1265,-1,1244,1312,1311,-1,1311,1312,1265,-1,1311,1265,1317,-1,1317,1265,1304,-1,1317,1304,1246,-1,1246,1304,1245,-1,1252,1273,1268,-1,1268,1273,1265,-1,1268,1265,1318,-1,1180,1179,1301,-1,1301,1179,1319,-1,1301,1319,1265,-1,1265,1319,1320,-1,1321,1240,1239,-1,1322,1323,1265,-1,1182,1181,1320,-1,1320,1181,1324,-1,1320,1324,1265,-1,1265,1324,1308,-1,1265,1308,1315,-1,1315,1308,1183,-1,1325,1256,1255,-1,1239,1322,1321,-1,1321,1322,1265,-1,1321,1265,1326,-1,1326,1265,1313,-1,1326,1313,1238,-1,1238,1313,1237,-1,1186,1185,1316,-1,1316,1185,1327,-1,1316,1327,1265,-1,1265,1327,1328,-1,1255,1318,1325,-1,1325,1318,1265,-1,1325,1265,1329,-1,1329,1265,1328,-1,1329,1328,1187,-1,1187,1328,1188,-1,1330,1331,1332,-1,1332,1331,1265,-1,1332,1265,1333,-1,1333,1265,1323,-1,1333,1323,1241,-1,1241,1323,1242,-1,1334,608,1335,-1,1335,608,77,-1,1335,77,1263,-1,1263,77,39,-1,1131,860,581,-1,581,860,586,-1,924,1336,584,-1,584,1336,576,-1,581,580,1134,-1,1134,580,1337,-1,1134,1337,1133,-1,1133,1337,1338,-1,1131,581,1132,-1,1132,581,1134,-1,1132,1134,1287,-1,1287,1134,1271,-1,1156,1308,1324,-1,1152,1301,1300,-1,1148,1310,1309,-1,1144,1283,1282,-1,1140,1297,1296,-1,1136,1288,1272,-1,1339,1338,1336,-1,1336,1338,577,-1,1336,577,576,-1,1332,1333,1209,-1,1189,1269,1273,-1,1210,1338,1209,-1,1209,1338,1339,-1,1209,1339,1332,-1,1338,1220,1219,-1,1323,1322,1210,-1,1210,1322,1207,-1,1210,1207,1338,-1,1338,1207,1208,-1,1268,1318,1219,-1,1219,1318,1253,-1,1219,1253,1338,-1,1338,1253,1254,-1,1321,1326,1208,-1,1208,1326,1206,-1,1208,1206,1338,-1,1338,1206,1205,-1,1325,1329,1254,-1,1254,1329,1159,-1,1254,1159,1338,-1,1338,1159,1160,-1,1313,1312,1205,-1,1205,1312,1212,-1,1205,1212,1338,-1,1338,1212,1211,-1,1328,1327,1160,-1,1160,1327,1157,-1,1160,1157,1338,-1,1338,1157,1158,-1,1311,1317,1211,-1,1211,1317,1214,-1,1211,1214,1338,-1,1338,1214,1213,-1,1153,1154,1338,-1,1304,1303,1213,-1,1213,1303,1216,-1,1213,1216,1338,-1,1338,1216,1215,-1,1324,1153,1156,-1,1156,1153,1338,-1,1156,1338,1155,-1,1155,1338,1158,-1,1155,1158,1315,-1,1315,1158,1316,-1,1149,1150,1338,-1,1302,1307,1215,-1,1215,1307,1217,-1,1215,1217,1338,-1,1338,1217,1218,-1,1300,1149,1152,-1,1152,1149,1338,-1,1152,1338,1151,-1,1151,1338,1154,-1,1151,1154,1319,-1,1319,1154,1320,-1,1145,1146,1338,-1,1295,1294,1218,-1,1218,1294,1203,-1,1218,1203,1338,-1,1338,1203,1204,-1,1309,1145,1148,-1,1148,1145,1338,-1,1148,1338,1147,-1,1147,1338,1150,-1,1147,1150,1314,-1,1314,1150,1293,-1,1141,1142,1338,-1,1292,1298,1204,-1,1204,1298,1201,-1,1204,1201,1338,-1,1338,1201,1202,-1,1282,1141,1144,-1,1144,1141,1338,-1,1144,1338,1143,-1,1143,1338,1146,-1,1143,1146,1305,-1,1305,1146,1306,-1,1137,1138,1338,-1,1286,1285,1202,-1,1202,1285,1199,-1,1202,1199,1338,-1,1338,1199,1200,-1,1296,1137,1140,-1,1140,1137,1338,-1,1140,1338,1139,-1,1139,1338,1142,-1,1139,1142,1299,-1,1299,1142,1276,-1,1272,1133,1136,-1,1136,1133,1338,-1,1136,1338,1135,-1,1135,1338,1138,-1,1135,1138,1290,-1,1290,1138,1291,-1,1284,1289,1200,-1,1200,1289,1197,-1,1200,1197,1338,-1,1338,1197,1198,-1,1278,1277,1198,-1,1198,1277,1195,-1,1198,1195,1338,-1,1338,1195,1196,-1,1275,1281,1196,-1,1196,1281,1193,-1,1196,1193,1338,-1,1338,1193,1194,-1,1280,1279,1194,-1,1194,1279,1191,-1,1194,1191,1338,-1,1338,1191,1192,-1,1274,1270,1192,-1,1192,1270,1190,-1,1192,1190,1338,-1,1338,1190,1189,-1,1338,1189,1220,-1,1220,1189,1273,-1,1336,924,1339,-1,1339,924,915,-1,1334,1335,1340,-1,1340,1335,1341,-1,1340,1341,1342,-1,1342,1341,1343,-1,1344,1345,1346,-1,1346,1345,1347,-1,1342,1346,1340,-1,1340,1346,1347,-1,1340,1347,1348,-1,1348,1347,1349,-1,1348,1349,1350,-1,1350,1349,1331,-1,1350,1331,1351,-1,1351,1331,1330,-1,1351,1330,4,-1,4,1330,5,-1,745,1084,554,-1,554,1084,555,-1,1341,1335,1262,-1,1262,1335,1263,-1,1331,1349,1265,-1,1265,1349,1257,-1,1349,1347,1257,-1,1257,1347,1258,-1,1347,1345,1258,-1,1258,1345,1259,-1,1343,1341,1352,-1,1352,1341,1262,-1,1352,1262,1353,-1,1353,1262,1259,-1,1353,1259,1344,-1,1344,1259,1345,-1,569,558,744,-1,744,558,1260,-1,558,559,1260,-1,1260,559,1266,-1,559,561,1266,-1,1266,561,1264,-1,685,684,1129,-1,1129,684,995,-1,1129,995,1255,-1,1255,995,997,-1,1255,997,1318,-1,1318,997,1253,-1,1268,1219,1251,-1,1251,1219,791,-1,1251,791,1128,-1,1128,791,1003,-1,1128,1003,682,-1,682,1003,683,-1,681,680,1127,-1,1127,680,787,-1,1127,787,1252,-1,1252,787,789,-1,1252,789,1273,-1,1273,789,1220,-1,1269,1189,1221,-1,1221,1189,945,-1,1221,945,1126,-1,1126,945,947,-1,1126,947,678,-1,678,947,679,-1,645,644,1109,-1,1109,644,843,-1,1109,843,1249,-1,1249,843,845,-1,1249,845,1307,-1,1307,845,1217,-1,1302,1215,1247,-1,1247,1215,855,-1,1247,855,1108,-1,1108,855,890,-1,1108,890,642,-1,642,890,643,-1,641,640,1107,-1,1107,640,851,-1,1107,851,1248,-1,1248,851,853,-1,1248,853,1303,-1,1303,853,1216,-1,1304,1213,1245,-1,1245,1213,858,-1,1245,858,1106,-1,1106,858,859,-1,1106,859,638,-1,638,859,639,-1,637,636,1105,-1,1105,636,866,-1,1105,866,1246,-1,1246,866,868,-1,1246,868,1317,-1,1317,868,1214,-1,1311,1211,1243,-1,1243,1211,878,-1,1243,878,1104,-1,1104,878,923,-1,1104,923,634,-1,634,923,635,-1,633,632,1103,-1,1103,632,874,-1,1103,874,1244,-1,1244,874,876,-1,1244,876,1312,-1,1312,876,1212,-1,1313,1205,1237,-1,1237,1205,881,-1,1237,881,1102,-1,1102,881,882,-1,1102,882,630,-1,630,882,631,-1,625,619,1097,-1,1097,619,931,-1,1097,931,1241,-1,1241,931,908,-1,1241,908,1333,-1,1333,908,1209,-1,1332,1339,1330,-1,1330,1339,915,-1,1330,915,5,-1,5,915,916,-1,5,916,7,-1,7,916,618,-1,604,606,1099,-1,1099,606,903,-1,1099,903,1239,-1,1239,903,905,-1,1239,905,1322,-1,1322,905,1207,-1,1323,1210,1242,-1,1242,1210,910,-1,1242,910,1098,-1,1098,910,912,-1,1098,912,626,-1,626,912,627,-1,629,628,1101,-1,1101,628,891,-1,1101,891,1238,-1,1238,891,893,-1,1238,893,1326,-1,1326,893,1206,-1,1321,1208,1240,-1,1240,1208,907,-1,1240,907,1100,-1,1100,907,934,-1,1100,934,605,-1,605,934,607,-1,649,648,1111,-1,1111,648,823,-1,1111,823,1235,-1,1235,823,825,-1,1235,825,1294,-1,1294,825,1203,-1,1295,1218,1250,-1,1250,1218,837,-1,1250,837,1110,-1,1110,837,838,-1,1110,838,646,-1,646,838,647,-1,653,652,1113,-1,1113,652,810,-1,1113,810,1233,-1,1233,810,812,-1,1233,812,1298,-1,1298,812,1201,-1,1292,1204,1236,-1,1236,1204,833,-1,1236,833,1112,-1,1112,833,834,-1,1112,834,650,-1,650,834,651,-1,657,656,1115,-1,1115,656,806,-1,1115,806,1231,-1,1231,806,808,-1,1231,808,1285,-1,1285,808,1199,-1,1286,1202,1234,-1,1234,1202,821,-1,1234,821,1114,-1,1114,821,822,-1,1114,822,654,-1,654,822,655,-1,661,660,1117,-1,1117,660,793,-1,1117,793,1229,-1,1229,793,795,-1,1229,795,1289,-1,1289,795,1197,-1,1284,1200,1232,-1,1232,1200,799,-1,1232,799,1116,-1,1116,799,800,-1,1116,800,658,-1,658,800,659,-1,665,664,1119,-1,1119,664,762,-1,1119,762,1227,-1,1227,762,764,-1,1227,764,1277,-1,1277,764,1195,-1,1278,1198,1230,-1,1230,1198,780,-1,1230,780,1118,-1,1118,780,781,-1,1118,781,662,-1,662,781,663,-1,669,668,1121,-1,1121,668,758,-1,1121,758,1225,-1,1225,758,760,-1,1225,760,1281,-1,1281,760,1193,-1,1275,1196,1228,-1,1228,1196,776,-1,1228,776,1120,-1,1120,776,777,-1,1120,777,666,-1,666,777,667,-1,673,672,1123,-1,1123,672,766,-1,1123,766,1223,-1,1223,766,768,-1,1223,768,1279,-1,1279,768,1191,-1,1280,1194,1226,-1,1226,1194,772,-1,1226,772,1122,-1,1122,772,773,-1,1122,773,670,-1,670,773,671,-1,677,676,1125,-1,1125,676,1000,-1,1125,1000,1222,-1,1222,1000,943,-1,1222,943,1270,-1,1270,943,1190,-1,1274,1192,1224,-1,1224,1192,756,-1,1224,756,1124,-1,1124,756,757,-1,1124,757,674,-1,674,757,675,-1,689,688,1095,-1,1095,688,991,-1,1095,991,1187,-1,1187,991,993,-1,1187,993,1329,-1,1329,993,1159,-1,687,686,753,-1,753,686,1130,-1,753,1130,752,-1,752,1130,1256,-1,752,1256,1254,-1,1254,1256,1325,-1,693,692,1068,-1,1068,692,870,-1,1068,870,1185,-1,1185,870,872,-1,1185,872,1327,-1,1327,872,1157,-1,691,690,749,-1,749,690,1096,-1,749,1096,748,-1,748,1096,1188,-1,748,1188,1160,-1,1160,1188,1328,-1,697,696,1070,-1,1070,696,987,-1,1070,987,1183,-1,1183,987,989,-1,1183,989,1315,-1,1315,989,1155,-1,695,694,865,-1,865,694,1069,-1,865,1069,864,-1,864,1069,1186,-1,864,1186,1158,-1,1158,1186,1316,-1,701,700,1072,-1,1072,700,979,-1,1072,979,1181,-1,1181,979,981,-1,1181,981,1324,-1,1324,981,1153,-1,699,698,850,-1,850,698,1071,-1,850,1071,849,-1,849,1071,1184,-1,849,1184,1156,-1,1156,1184,1308,-1,705,704,1074,-1,1074,704,971,-1,1074,971,1179,-1,1179,971,973,-1,1179,973,1319,-1,1319,973,1151,-1,703,702,842,-1,842,702,1073,-1,842,1073,841,-1,841,1073,1182,-1,841,1182,1154,-1,1154,1182,1320,-1,709,708,1076,-1,1076,708,968,-1,1076,968,1177,-1,1177,968,814,-1,1177,814,1300,-1,1300,814,1149,-1,707,706,830,-1,830,706,1075,-1,830,1075,829,-1,829,1075,1180,-1,829,1180,1152,-1,1152,1180,1301,-1,713,712,1078,-1,1078,712,976,-1,1078,976,1175,-1,1175,976,801,-1,1175,801,1314,-1,1314,801,1147,-1,711,710,818,-1,818,710,1077,-1,818,1077,816,-1,816,1077,1178,-1,816,1178,1150,-1,1150,1178,1293,-1,717,716,1080,-1,1080,716,983,-1,1080,983,1173,-1,1173,983,782,-1,1173,782,1309,-1,1309,782,1145,-1,715,714,805,-1,805,714,1079,-1,805,1079,803,-1,803,1079,1176,-1,803,1176,1148,-1,1148,1176,1310,-1,721,720,1082,-1,1082,720,935,-1,1082,935,1171,-1,1171,935,937,-1,1171,937,1305,-1,1305,937,1143,-1,719,718,786,-1,786,718,1081,-1,786,1081,784,-1,784,1081,1174,-1,784,1174,1146,-1,1146,1174,1306,-1,725,724,1093,-1,1093,724,963,-1,1093,963,1169,-1,1169,963,965,-1,1169,965,1282,-1,1282,965,1141,-1,723,722,986,-1,986,722,1083,-1,986,1083,939,-1,939,1083,1172,-1,939,1172,1144,-1,1144,1172,1283,-1,729,728,1091,-1,1091,728,959,-1,1091,959,1167,-1,1167,959,961,-1,1167,961,1299,-1,1299,961,1139,-1,727,726,929,-1,929,726,1094,-1,929,1094,928,-1,928,1094,1170,-1,928,1170,1142,-1,1142,1170,1276,-1,733,732,1089,-1,1089,732,955,-1,1089,955,1165,-1,1165,955,957,-1,1165,957,1296,-1,1296,957,1137,-1,731,730,920,-1,920,730,1092,-1,920,1092,919,-1,919,1092,1168,-1,919,1168,1140,-1,1140,1168,1297,-1,739,736,1087,-1,1087,736,953,-1,1087,953,1163,-1,1163,953,883,-1,1163,883,1290,-1,1290,883,1135,-1,735,734,902,-1,902,734,1090,-1,902,1090,901,-1,901,1090,1166,-1,901,1166,1138,-1,1138,1166,1291,-1,621,620,1085,-1,1085,620,948,-1,1085,948,1161,-1,1161,948,950,-1,1161,950,1272,-1,1272,950,1133,-1,741,740,887,-1,887,740,1088,-1,887,1088,885,-1,885,1088,1164,-1,885,1164,1136,-1,1136,1164,1288,-1,1,623,3,-1,3,623,895,-1,3,895,563,-1,563,895,861,-1,563,861,1287,-1,1287,861,1132,-1,738,622,942,-1,942,622,1086,-1,942,1086,941,-1,941,1086,1162,-1,941,1162,1134,-1,1134,1162,1271,-1,
        ]
    }
}
Shape{
    appearance Appearance {
        material  Material 	{
            diffuseColor 0.6666666666666666 0.6980392156862745 0.7686274509803922
            specularColor 0.3333333333333333 0.34901960784313724 0.3843137254901961
            ambientIntensity 0.6967
            transparency 0.0
            shininess 0.5
        }
    }
    geometry IndexedFaceSet {
        ccw TRUE
        solid FALSE
        coord DEF co Coordinate {
            point [
                0.1299 -0.8939 0.2047, 0.1299 -1.1973 0.24, 0.0709 -0.8939 0.2047, 0.0709 -1.1973 0.24, 0.1299 0.4386 0.0866, 0.1299 0.4324 0.0924, 0.1299 0.3435 0.0811, 0.1299 0.4622 0.0787, 0.1299 0.4538 0.0796, 0.1299 0.5188 0.0034, 0.1299 -1.0755 0.4556, 0.1299 -1.0679 0.4605, 0.1299 -1.2134 0.5581, 0.1299 -0.3537 0.5581, 0.1299 -0.3879 0.4633, 0.1299 -0.3453 0.5572, 0.1299 -0.3784 0.4593, 0.1299 -0.3373 0.5546, 0.1299 -0.33 0.5502, 0.1299 0.4458 0.0823, 0.1299 0.5347 0.0, 0.1299 0.7144 0.0, 0.1299 0.7144 0.0394, 0.1299 0.4276 0.0993, 0.1299 0.3769 0.1926, 0.1299 0.3721 0.1995, 0.1299 -1.2294 0.4578, 0.1299 -1.1037 0.4021, 0.1299 -1.0863 0.4412, 0.1299 -1.0593 0.4636, 0.1299 -1.0503 0.4646, 0.1299 -0.3981 0.4646, 0.1299 0.713 0.0496, 0.1299 0.7091 0.0591, 0.1299 0.675 0.0787, 0.1299 -1.2413 0.5466, 0.1299 -1.2475 0.5384, 0.1299 -1.2514 0.5289, 0.1299 -0.3587 0.3602, 0.1299 -0.3597 0.3514, 0.1299 -0.1491 0.2268, 0.1299 -0.3626 0.3431, 0.1299 -0.143 0.221, 0.1299 -0.3673 0.3356, 0.1299 -0.1357 0.2167, 0.1299 -0.3736 0.3294, 0.1299 -0.381 0.3247, 0.1299 0.5266 0.0009, 0.1299 -1.2528 0.5188, 0.1299 -1.2528 0.4938, 0.1299 -1.2517 0.4848, 0.1299 -1.0817 0.449, 0.1299 -1.2236 0.5568, 0.1299 -1.2331 0.5529, 0.1299 -0.3239 0.5445, 0.1299 -0.3703 0.4531, 0.1299 -0.3191 0.5376, 0.1299 -0.364 0.4449, 0.1299 -0.1539 0.2337, 0.1299 -0.3601 0.4354, 0.1299 -0.3587 0.4253, 0.1299 0.7028 0.0672, 0.1299 0.6947 0.0735, 0.1299 0.6852 0.0774, 0.1299 -0.1277 0.214, 0.1299 -0.1193 0.2131, 0.1299 0.3435 0.2047, 0.1299 0.3423 0.2131, 0.1299 -1.2487 0.4763, 0.1299 -1.2437 0.4687, 0.1299 -1.2372 0.4624, 0.1299 0.366 0.2052, 0.1299 0.3587 0.2096, 0.1299 0.3507 0.2122, 0.1299 -0.3894 0.3218, 0.1299 -0.3981 0.3208, 0.1299 -1.1303 0.3208, 0.1299 -1.2312 0.2896, 0.1299 -1.2321 0.2812, 0.1299 -1.1385 0.3216, 0.1299 -1.1463 0.3242, 0.1299 -1.1737 0.3363, 0.1299 -1.2115 0.3158, 0.1299 -1.2185 0.311, 0.1299 -1.2242 0.3048, 0.1299 -1.2285 0.2976, 0.1299 -1.2321 0.2791, 0.1299 -1.231 0.2696, 0.1299 -1.2276 0.2607, 0.1299 -1.2221 0.2529, 0.1299 -1.215 0.2466, 0.1299 -1.2065 0.2422, 0.0709 0.4276 0.0993, 0.0709 0.4324 0.0924, 0.0709 0.3435 0.0811, 0.0709 0.4386 0.0866, 0.0709 0.4458 0.0823, 0.0709 0.5188 0.0034, 0.0709 -0.3191 0.5376, 0.0709 -0.3703 0.4531, 0.0709 -0.3239 0.5445, 0.0709 -0.3784 0.4593, 0.0709 -0.3537 0.5581, 0.0709 -0.3453 0.5572, 0.0709 -0.3373 0.5546, 0.0709 -0.33 0.5502, 0.0709 0.366 0.2052, 0.0709 0.3721 0.1995, 0.0709 0.3769 0.1926, 0.0709 0.7144 0.0394, 0.0709 0.7144 0.0, 0.0709 0.5347 0.0, 0.0709 -0.3736 0.3294, 0.0709 -0.3673 0.3356, 0.0709 -0.1357 0.2167, 0.0709 -0.1539 0.2337, 0.0709 -0.3601 0.4354, 0.0709 -0.364 0.4449, 0.0709 0.4538 0.0796, 0.0709 0.4622 0.0787, 0.0709 0.5266 0.0009, 0.0709 -0.143 0.221, 0.0709 -0.3626 0.3431, 0.0709 -0.3597 0.3514, 0.0709 -0.3879 0.4633, 0.0709 -0.3981 0.4646, 0.0709 -1.2134 0.5581, 0.0709 -1.0503 0.4646, 0.0709 -1.0593 0.4636, 0.0709 0.675 0.0787, 0.0709 0.713 0.0496, 0.0709 0.6947 0.0735, 0.0709 0.7028 0.0672, 0.0709 0.7091 0.0591, 0.0709 -0.3981 0.3208, 0.0709 -0.3894 0.3218, 0.0709 -0.381 0.3247, 0.0709 -1.0863 0.4412, 0.0709 -1.2514 0.5289, 0.0709 -1.2475 0.5384, 0.0709 -0.1491 0.2268, 0.0709 -0.3587 0.3602, 0.0709 -0.3587 0.4253, 0.0709 -1.0679 0.4605, 0.0709 -1.0755 0.4556, 0.0709 -1.2236 0.5568, 0.0709 -1.0817 0.449, 0.0709 -1.2331 0.5529, 0.0709 -1.2413 0.5466, 0.0709 -1.1037 0.4021, 0.0709 -1.2294 0.4578, 0.0709 -1.2528 0.5188, 0.0709 -1.2528 0.4938, 0.0709 0.6852 0.0774, 0.0709 -0.1277 0.214, 0.0709 -0.1193 0.2131, 0.0709 0.3435 0.2047, 0.0709 0.3423 0.2131, 0.0709 0.3507 0.2122, 0.0709 0.3587 0.2096, 0.0709 -1.2372 0.4624, 0.0709 -1.2437 0.4687, 0.0709 -1.1385 0.3216, 0.0709 -1.1303 0.3208, 0.0709 -1.2487 0.4763, 0.0709 -1.2517 0.4848, 0.0709 -1.231 0.2696, 0.0709 -1.2321 0.2791, 0.0709 -1.1463 0.3242, 0.0709 -1.2321 0.2812, 0.0709 -1.2115 0.3158, 0.0709 -1.1737 0.3363, 0.0709 -1.2312 0.2896, 0.0709 -1.2285 0.2976, 0.0709 -1.2185 0.311, 0.0709 -1.2242 0.3048, 0.0709 -1.2065 0.2422, 0.0709 -1.215 0.2466, 0.0709 -1.2221 0.2529, 0.0709 -1.2276 0.2607, 0.3268 -0.8939 0.2047, 0.3268 -1.1973 0.24, 0.2677 -0.8939 0.2047, 0.2677 -1.1973 0.24, 0.3268 0.4386 0.0866, 0.3268 0.4324 0.0924, 0.3268 0.3435 0.0811, 0.3268 0.4622 0.0787, 0.3268 0.4538 0.0796, 0.3268 0.5188 0.0034, 0.3268 -1.0755 0.4556, 0.3268 -1.0679 0.4605, 0.3268 -1.2134 0.5581, 0.3268 -0.3537 0.5581, 0.3268 -0.3879 0.4633, 0.3268 -0.3453 0.5572, 0.3268 -0.3784 0.4593, 0.3268 -0.3373 0.5546, 0.3268 -0.33 0.5502, 0.3268 0.4458 0.0823, 0.3268 0.5347 0.0, 0.3268 0.7144 0.0, 0.3268 0.7144 0.0394, 0.3268 0.4276 0.0993, 0.3268 0.3769 0.1926, 0.3268 0.3721 0.1995, 0.3268 -1.2294 0.4578, 0.3268 -1.1037 0.4021, 0.3268 -1.0863 0.4412, 0.3268 -1.0593 0.4636, 0.3268 -1.0503 0.4646, 0.3268 -0.3981 0.4646, 0.3268 0.713 0.0496, 0.3268 0.7091 0.0591, 0.3268 0.675 0.0787, 0.3268 -1.2413 0.5466, 0.3268 -1.2475 0.5384, 0.3268 -1.2514 0.5289, 0.3268 -0.3587 0.3602, 0.3268 -0.3597 0.3514, 0.3268 -0.1491 0.2268, 0.3268 -0.3626 0.3431, 0.3268 -0.143 0.221, 0.3268 -0.3673 0.3356, 0.3268 -0.1357 0.2167, 0.3268 -0.3736 0.3294, 0.3268 -0.381 0.3247, 0.3268 0.5266 0.0009, 0.3268 -1.2528 0.5188, 0.3268 -1.2528 0.4938, 0.3268 -1.2517 0.4848, 0.3268 -1.0817 0.449, 0.3268 -1.2236 0.5568, 0.3268 -1.2331 0.5529, 0.3268 -0.3239 0.5445, 0.3268 -0.3703 0.4531, 0.3268 -0.3191 0.5376, 0.3268 -0.364 0.4449, 0.3268 -0.1539 0.2337, 0.3268 -0.3601 0.4354, 0.3268 -0.3587 0.4253, 0.3268 0.7028 0.0672, 0.3268 0.6947 0.0735, 0.3268 0.6852 0.0774, 0.3268 -0.1277 0.214, 0.3268 -0.1193 0.2131, 0.3268 0.3435 0.2047, 0.3268 0.3423 0.2131, 0.3268 -1.2487 0.4763, 0.3268 -1.2437 0.4687, 0.3268 -1.2372 0.4624, 0.3268 0.366 0.2052, 0.3268 0.3587 0.2096, 0.3268 0.3507 0.2122, 0.3268 -0.3894 0.3218, 0.3268 -0.3981 0.3208, 0.3268 -1.1303 0.3208, 0.3268 -1.2312 0.2896, 0.3268 -1.2321 0.2812, 0.3268 -1.1385 0.3216, 0.3268 -1.1463 0.3242, 0.3268 -1.1737 0.3363, 0.3268 -1.2115 0.3158, 0.3268 -1.2185 0.311, 0.3268 -1.2242 0.3048, 0.3268 -1.2285 0.2976, 0.3268 -1.2321 0.2791, 0.3268 -1.231 0.2696, 0.3268 -1.2276 0.2607, 0.3268 -1.2221 0.2529, 0.3268 -1.215 0.2466, 0.3268 -1.2065 0.2422, 0.2677 0.4276 0.0993, 0.2677 0.4324 0.0924, 0.2677 0.3435 0.0811, 0.2677 0.4386 0.0866, 0.2677 0.4458 0.0823, 0.2677 0.5188 0.0034, 0.2677 -0.3191 0.5376, 0.2677 -0.3703 0.4531, 0.2677 -0.3239 0.5445, 0.2677 -0.3784 0.4593, 0.2677 -0.3537 0.5581, 0.2677 -0.3453 0.5572, 0.2677 -0.3373 0.5546, 0.2677 -0.33 0.5502, 0.2677 0.366 0.2052, 0.2677 0.3721 0.1995, 0.2677 0.3769 0.1926, 0.2677 0.7144 0.0394, 0.2677 0.7144 0.0, 0.2677 0.5347 0.0, 0.2677 -0.3736 0.3294, 0.2677 -0.3673 0.3356, 0.2677 -0.1357 0.2167, 0.2677 -0.1539 0.2337, 0.2677 -0.3601 0.4354, 0.2677 -0.364 0.4449, 0.2677 0.4538 0.0796, 0.2677 0.4622 0.0787, 0.2677 0.5266 0.0009, 0.2677 -0.143 0.221, 0.2677 -0.3626 0.3431, 0.2677 -0.3597 0.3514, 0.2677 -0.3879 0.4633, 0.2677 -0.3981 0.4646, 0.2677 -1.2134 0.5581, 0.2677 -1.0503 0.4646, 0.2677 -1.0593 0.4636, 0.2677 0.675 0.0787, 0.2677 0.713 0.0496, 0.2677 0.6947 0.0735, 0.2677 0.7028 0.0672, 0.2677 0.7091 0.0591, 0.2677 -0.3981 0.3208, 0.2677 -0.3894 0.3218, 0.2677 -0.381 0.3247, 0.2677 -1.0863 0.4412, 0.2677 -1.2514 0.5289, 0.2677 -1.2475 0.5384, 0.2677 -0.1491 0.2268, 0.2677 -0.3587 0.3602, 0.2677 -0.3587 0.4253, 0.2677 -1.0679 0.4605, 0.2677 -1.0755 0.4556, 0.2677 -1.2236 0.5568, 0.2677 -1.0817 0.449, 0.2677 -1.2331 0.5529, 0.2677 -1.2413 0.5466, 0.2677 -1.1037 0.4021, 0.2677 -1.2294 0.4578, 0.2677 -1.2528 0.5188, 0.2677 -1.2528 0.4938, 0.2677 0.6852 0.0774, 0.2677 -0.1277 0.214, 0.2677 -0.1193 0.2131, 0.2677 0.3435 0.2047, 0.2677 0.3423 0.2131, 0.2677 0.3507 0.2122, 0.2677 0.3587 0.2096, 0.2677 -1.2372 0.4624, 0.2677 -1.2437 0.4687, 0.2677 -1.1385 0.3216, 0.2677 -1.1303 0.3208, 0.2677 -1.2487 0.4763, 0.2677 -1.2517 0.4848, 0.2677 -1.231 0.2696, 0.2677 -1.2321 0.2791, 0.2677 -1.1463 0.3242, 0.2677 -1.2321 0.2812, 0.2677 -1.2115 0.3158, 0.2677 -1.1737 0.3363, 0.2677 -1.2312 0.2896, 0.2677 -1.2285 0.2976, 0.2677 -1.2185 0.311, 0.2677 -1.2242 0.3048, 0.2677 -1.2065 0.2422, 0.2677 -1.215 0.2466, 0.2677 -1.2221 0.2529, 0.2677 -1.2276 0.2607, 0.5236 -0.8939 0.2047, 0.5236 -1.1973 0.24, 0.4646 -0.8939 0.2047, 0.4646 -1.1973 0.24, 0.5236 0.4386 0.0866, 0.5236 0.4324 0.0924, 0.5236 0.3435 0.0811, 0.5236 0.4622 0.0787, 0.5236 0.4538 0.0796, 0.5236 0.5188 0.0034, 0.5236 -1.0755 0.4556, 0.5236 -1.0679 0.4605, 0.5236 -1.2134 0.5581, 0.5236 -0.3537 0.5581, 0.5236 -0.3879 0.4633, 0.5236 -0.3453 0.5572, 0.5236 -0.3784 0.4593, 0.5236 -0.3373 0.5546, 0.5236 -0.33 0.5502, 0.5236 0.4458 0.0823, 0.5236 0.5347 0.0, 0.5236 0.7144 0.0, 0.5236 0.7144 0.0394, 0.5236 0.4276 0.0993, 0.5236 0.3769 0.1926, 0.5236 0.3721 0.1995, 0.5236 -1.2294 0.4578, 0.5236 -1.1037 0.4021, 0.5236 -1.0863 0.4412, 0.5236 -1.0593 0.4636, 0.5236 -1.0503 0.4646, 0.5236 -0.3981 0.4646, 0.5236 0.713 0.0496, 0.5236 0.7091 0.0591, 0.5236 0.675 0.0787, 0.5236 -1.2413 0.5466, 0.5236 -1.2475 0.5384, 0.5236 -1.2514 0.5289, 0.5236 -0.3587 0.3602, 0.5236 -0.3597 0.3514, 0.5236 -0.1491 0.2268, 0.5236 -0.3626 0.3431, 0.5236 -0.143 0.221, 0.5236 -0.3673 0.3356, 0.5236 -0.1357 0.2167, 0.5236 -0.3736 0.3294, 0.5236 -0.381 0.3247, 0.5236 0.5266 0.0009, 0.5236 -1.2528 0.5188, 0.5236 -1.2528 0.4938, 0.5236 -1.2517 0.4848, 0.5236 -1.0817 0.449, 0.5236 -1.2236 0.5568, 0.5236 -1.2331 0.5529, 0.5236 -0.3239 0.5445, 0.5236 -0.3703 0.4531, 0.5236 -0.3191 0.5376, 0.5236 -0.364 0.4449, 0.5236 -0.1539 0.2337, 0.5236 -0.3601 0.4354, 0.5236 -0.3587 0.4253, 0.5236 0.7028 0.0672, 0.5236 0.6947 0.0735, 0.5236 0.6852 0.0774, 0.5236 -0.1277 0.214, 0.5236 -0.1193 0.2131, 0.5236 0.3435 0.2047, 0.5236 0.3423 0.2131, 0.5236 -1.2487 0.4763, 0.5236 -1.2437 0.4687, 0.5236 -1.2372 0.4624, 0.5236 0.366 0.2052, 0.5236 0.3587 0.2096, 0.5236 0.3507 0.2122, 0.5236 -0.3894 0.3218, 0.5236 -0.3981 0.3208, 0.5236 -1.1303 0.3208, 0.5236 -1.2312 0.2896, 0.5236 -1.2321 0.2812, 0.5236 -1.1385 0.3216, 0.5236 -1.1463 0.3242, 0.5236 -1.1737 0.3363, 0.5236 -1.2115 0.3158, 0.5236 -1.2185 0.311, 0.5236 -1.2242 0.3048, 0.5236 -1.2285 0.2976, 0.5236 -1.2321 0.2791, 0.5236 -1.231 0.2696, 0.5236 -1.2276 0.2607, 0.5236 -1.2221 0.2529, 0.5236 -1.215 0.2466, 0.5236 -1.2065 0.2422, 0.4646 0.4276 0.0993, 0.4646 0.4324 0.0924, 0.4646 0.3435 0.0811, 0.4646 0.4386 0.0866, 0.4646 0.4458 0.0823, 0.4646 0.5188 0.0034, 0.4646 -0.3191 0.5376, 0.4646 -0.3703 0.4531, 0.4646 -0.3239 0.5445, 0.4646 -0.3784 0.4593, 0.4646 -0.3537 0.5581, 0.4646 -0.3453 0.5572, 0.4646 -0.3373 0.5546, 0.4646 -0.33 0.5502, 0.4646 0.366 0.2052, 0.4646 0.3721 0.1995, 0.4646 0.3769 0.1926, 0.4646 0.7144 0.0394, 0.4646 0.7144 0.0, 0.4646 0.5347 0.0, 0.4646 -0.3736 0.3294, 0.4646 -0.3673 0.3356, 0.4646 -0.1357 0.2167, 0.4646 -0.1539 0.2337, 0.4646 -0.3601 0.4354, 0.4646 -0.364 0.4449, 0.4646 0.4538 0.0796, 0.4646 0.4622 0.0787, 0.4646 0.5266 0.0009, 0.4646 -0.143 0.221, 0.4646 -0.3626 0.3431, 0.4646 -0.3597 0.3514, 0.4646 -0.3879 0.4633, 0.4646 -0.3981 0.4646, 0.4646 -1.2134 0.5581, 0.4646 -1.0503 0.4646, 0.4646 -1.0593 0.4636, 0.4646 0.675 0.0787, 0.4646 0.713 0.0496, 0.4646 0.6947 0.0735, 0.4646 0.7028 0.0672, 0.4646 0.7091 0.0591, 0.4646 -0.3981 0.3208, 0.4646 -0.3894 0.3218, 0.4646 -0.381 0.3247, 0.4646 -1.0863 0.4412, 0.4646 -1.2514 0.5289, 0.4646 -1.2475 0.5384, 0.4646 -0.1491 0.2268, 0.4646 -0.3587 0.3602, 0.4646 -0.3587 0.4253, 0.4646 -1.0679 0.4605, 0.4646 -1.0755 0.4556, 0.4646 -1.2236 0.5568, 0.4646 -1.0817 0.449, 0.4646 -1.2331 0.5529, 0.4646 -1.2413 0.5466, 0.4646 -1.1037 0.4021, 0.4646 -1.2294 0.4578, 0.4646 -1.2528 0.5188, 0.4646 -1.2528 0.4938, 0.4646 0.6852 0.0774, 0.4646 -0.1277 0.214, 0.4646 -0.1193 0.2131, 0.4646 0.3435 0.2047, 0.4646 0.3423 0.2131, 0.4646 0.3507 0.2122, 0.4646 0.3587 0.2096, 0.4646 -1.2372 0.4624, 0.4646 -1.2437 0.4687, 0.4646 -1.1385 0.3216, 0.4646 -1.1303 0.3208, 0.4646 -1.2487 0.4763, 0.4646 -1.2517 0.4848, 0.4646 -1.231 0.2696, 0.4646 -1.2321 0.2791, 0.4646 -1.1463 0.3242, 0.4646 -1.2321 0.2812, 0.4646 -1.2115 0.3158, 0.4646 -1.1737 0.3363, 0.4646 -1.2312 0.2896, 0.4646 -1.2285 0.2976, 0.4646 -1.2185 0.311, 0.4646 -1.2242 0.3048, 0.4646 -1.2065 0.2422, 0.4646 -1.215 0.2466, 0.4646 -1.2221 0.2529, 0.4646 -1.2276 0.2607, 0.7205 -0.8939 0.2047, 0.7205 -1.1973 0.24, 0.6614 -0.8939 0.2047, 0.6614 -1.1973 0.24, 0.7205 0.4386 0.0866, 0.7205 0.4324 0.0924, 0.7205 0.3435 0.0811, 0.7205 0.4622 0.0787, 0.7205 0.4538 0.0796, 0.7205 0.5188 0.0034, 0.7205 -1.0755 0.4556, 0.7205 -1.0679 0.4605, 0.7205 -1.2134 0.5581, 0.7205 -0.3537 0.5581, 0.7205 -0.3879 0.4633, 0.7205 -0.3453 0.5572, 0.7205 -0.3784 0.4593, 0.7205 -0.3373 0.5546, 0.7205 -0.33 0.5502, 0.7205 0.4458 0.0823, 0.7205 0.5347 0.0, 0.7205 0.7144 0.0, 0.7205 0.7144 0.0394, 0.7205 0.4276 0.0993, 0.7205 0.3769 0.1926, 0.7205 0.3721 0.1995, 0.7205 -1.2294 0.4578, 0.7205 -1.1037 0.4021, 0.7205 -1.0863 0.4412, 0.7205 -1.0593 0.4636, 0.7205 -1.0503 0.4646, 0.7205 -0.3981 0.4646, 0.7205 0.713 0.0496, 0.7205 0.7091 0.0591, 0.7205 0.675 0.0787, 0.7205 -1.2413 0.5466, 0.7205 -1.2475 0.5384, 0.7205 -1.2514 0.5289, 0.7205 -0.3587 0.3602, 0.7205 -0.3597 0.3514, 0.7205 -0.1491 0.2268, 0.7205 -0.3626 0.3431, 0.7205 -0.143 0.221, 0.7205 -0.3673 0.3356, 0.7205 -0.1357 0.2167, 0.7205 -0.3736 0.3294, 0.7205 -0.381 0.3247, 0.7205 0.5266 0.0009, 0.7205 -1.2528 0.5188, 0.7205 -1.2528 0.4938, 0.7205 -1.2517 0.4848, 0.7205 -1.0817 0.449, 0.7205 -1.2236 0.5568, 0.7205 -1.2331 0.5529, 0.7205 -0.3239 0.5445, 0.7205 -0.3703 0.4531, 0.7205 -0.3191 0.5376, 0.7205 -0.364 0.4449, 0.7205 -0.1539 0.2337, 0.7205 -0.3601 0.4354, 0.7205 -0.3587 0.4253, 0.7205 0.7028 0.0672, 0.7205 0.6947 0.0735, 0.7205 0.6852 0.0774, 0.7205 -0.1277 0.214, 0.7205 -0.1193 0.2131, 0.7205 0.3435 0.2047, 0.7205 0.3423 0.2131, 0.7205 -1.2487 0.4763, 0.7205 -1.2437 0.4687, 0.7205 -1.2372 0.4624, 0.7205 0.366 0.2052, 0.7205 0.3587 0.2096, 0.7205 0.3507 0.2122, 0.7205 -0.3894 0.3218, 0.7205 -0.3981 0.3208, 0.7205 -1.1303 0.3208, 0.7205 -1.2312 0.2896, 0.7205 -1.2321 0.2812, 0.7205 -1.1385 0.3216, 0.7205 -1.1463 0.3242, 0.7205 -1.1737 0.3363, 0.7205 -1.2115 0.3158, 0.7205 -1.2185 0.311, 0.7205 -1.2242 0.3048, 0.7205 -1.2285 0.2976, 0.7205 -1.2321 0.2791, 0.7205 -1.231 0.2696, 0.7205 -1.2276 0.2607, 0.7205 -1.2221 0.2529, 0.7205 -1.215 0.2466, 0.7205 -1.2065 0.2422, 0.6614 0.4276 0.0993, 0.6614 0.4324 0.0924, 0.6614 0.3435 0.0811, 0.6614 0.4386 0.0866, 0.6614 0.4458 0.0823, 0.6614 0.5188 0.0034, 0.6614 -0.3191 0.5376, 0.6614 -0.3703 0.4531, 0.6614 -0.3239 0.5445, 0.6614 -0.3784 0.4593, 0.6614 -0.3537 0.5581, 0.6614 -0.3453 0.5572, 0.6614 -0.3373 0.5546, 0.6614 -0.33 0.5502, 0.6614 0.366 0.2052, 0.6614 0.3721 0.1995, 0.6614 0.3769 0.1926, 0.6614 0.7144 0.0394, 0.6614 0.7144 0.0, 0.6614 0.5347 0.0, 0.6614 -0.3736 0.3294, 0.6614 -0.3673 0.3356, 0.6614 -0.1357 0.2167, 0.6614 -0.1539 0.2337, 0.6614 -0.3601 0.4354, 0.6614 -0.364 0.4449, 0.6614 0.4538 0.0796, 0.6614 0.4622 0.0787, 0.6614 0.5266 0.0009, 0.6614 -0.143 0.221, 0.6614 -0.3626 0.3431, 0.6614 -0.3597 0.3514, 0.6614 -0.3879 0.4633, 0.6614 -0.3981 0.4646, 0.6614 -1.2134 0.5581, 0.6614 -1.0503 0.4646, 0.6614 -1.0593 0.4636, 0.6614 0.675 0.0787, 0.6614 0.713 0.0496, 0.6614 0.6947 0.0735, 0.6614 0.7028 0.0672, 0.6614 0.7091 0.0591, 0.6614 -0.3981 0.3208, 0.6614 -0.3894 0.3218, 0.6614 -0.381 0.3247, 0.6614 -1.0863 0.4412, 0.6614 -1.2514 0.5289, 0.6614 -1.2475 0.5384, 0.6614 -0.1491 0.2268, 0.6614 -0.3587 0.3602, 0.6614 -0.3587 0.4253, 0.6614 -1.0679 0.4605, 0.6614 -1.0755 0.4556, 0.6614 -1.2236 0.5568, 0.6614 -1.0817 0.449, 0.6614 -1.2331 0.5529, 0.6614 -1.2413 0.5466, 0.6614 -1.1037 0.4021, 0.6614 -1.2294 0.4578, 0.6614 -1.2528 0.5188, 0.6614 -1.2528 0.4938, 0.6614 0.6852 0.0774, 0.6614 -0.1277 0.214, 0.6614 -0.1193 0.2131, 0.6614 0.3435 0.2047, 0.6614 0.3423 0.2131, 0.6614 0.3507 0.2122, 0.6614 0.3587 0.2096, 0.6614 -1.2372 0.4624, 0.6614 -1.2437 0.4687, 0.6614 -1.1385 0.3216, 0.6614 -1.1303 0.3208, 0.6614 -1.2487 0.4763, 0.6614 -1.2517 0.4848, 0.6614 -1.231 0.2696, 0.6614 -1.2321 0.2791, 0.6614 -1.1463 0.3242, 0.6614 -1.2321 0.2812, 0.6614 -1.2115 0.3158, 0.6614 -1.1737 0.3363, 0.6614 -1.2312 0.2896, 0.6614 -1.2285 0.2976, 0.6614 -1.2185 0.311, 0.6614 -1.2242 0.3048, 0.6614 -1.2065 0.2422, 0.6614 -1.215 0.2466, 0.6614 -1.2221 0.2529, 0.6614 -1.2276 0.2607, 0.9173 -0.8939 0.2047, 0.9173 -1.1973 0.24, 0.8583 -0.8939 0.2047, 0.8583 -1.1973 0.24, 0.9173 0.4386 0.0866, 0.9173 0.4324 0.0924, 0.9173 0.3435 0.0811, 0.9173 0.4622 0.0787, 0.9173 0.4538 0.0796, 0.9173 0.5188 0.0034, 0.9173 -1.0755 0.4556, 0.9173 -1.0679 0.4605, 0.9173 -1.2134 0.5581, 0.9173 -0.3537 0.5581, 0.9173 -0.3879 0.4633, 0.9173 -0.3453 0.5572, 0.9173 -0.3784 0.4593, 0.9173 -0.3373 0.5546, 0.9173 -0.33 0.5502, 0.9173 0.4458 0.0823, 0.9173 0.5347 0.0, 0.9173 0.7144 0.0, 0.9173 0.7144 0.0394, 0.9173 0.4276 0.0993, 0.9173 0.3769 0.1926, 0.9173 0.3721 0.1995, 0.9173 -1.2294 0.4578, 0.9173 -1.1037 0.4021, 0.9173 -1.0863 0.4412, 0.9173 -1.0593 0.4636, 0.9173 -1.0503 0.4646, 0.9173 -0.3981 0.4646, 0.9173 0.713 0.0496, 0.9173 0.7091 0.0591, 0.9173 0.675 0.0787, 0.9173 -1.2413 0.5466, 0.9173 -1.2475 0.5384, 0.9173 -1.2514 0.5289, 0.9173 -0.3587 0.3602, 0.9173 -0.3597 0.3514, 0.9173 -0.1491 0.2268, 0.9173 -0.3626 0.3431, 0.9173 -0.143 0.221, 0.9173 -0.3673 0.3356, 0.9173 -0.1357 0.2167, 0.9173 -0.3736 0.3294, 0.9173 -0.381 0.3247, 0.9173 0.5266 0.0009, 0.9173 -1.2528 0.5188, 0.9173 -1.2528 0.4938, 0.9173 -1.2517 0.4848, 0.9173 -1.0817 0.449, 0.9173 -1.2236 0.5568, 0.9173 -1.2331 0.5529, 0.9173 -0.3239 0.5445, 0.9173 -0.3703 0.4531, 0.9173 -0.3191 0.5376, 0.9173 -0.364 0.4449, 0.9173 -0.1539 0.2337, 0.9173 -0.3601 0.4354, 0.9173 -0.3587 0.4253, 0.9173 0.7028 0.0672, 0.9173 0.6947 0.0735, 0.9173 0.6852 0.0774, 0.9173 -0.1277 0.214, 0.9173 -0.1193 0.2131, 0.9173 0.3435 0.2047, 0.9173 0.3423 0.2131, 0.9173 -1.2487 0.4763, 0.9173 -1.2437 0.4687, 0.9173 -1.2372 0.4624, 0.9173 0.366 0.2052, 0.9173 0.3587 0.2096, 0.9173 0.3507 0.2122, 0.9173 -0.3894 0.3218, 0.9173 -0.3981 0.3208, 0.9173 -1.1303 0.3208, 0.9173 -1.2312 0.2896, 0.9173 -1.2321 0.2812, 0.9173 -1.1385 0.3216, 0.9173 -1.1463 0.3242, 0.9173 -1.1737 0.3363, 0.9173 -1.2115 0.3158, 0.9173 -1.2185 0.311, 0.9173 -1.2242 0.3048, 0.9173 -1.2285 0.2976, 0.9173 -1.2321 0.2791, 0.9173 -1.231 0.2696, 0.9173 -1.2276 0.2607, 0.9173 -1.2221 0.2529, 0.9173 -1.215 0.2466, 0.9173 -1.2065 0.2422, 0.8583 0.4276 0.0993, 0.8583 0.4324 0.0924, 0.8583 0.3435 0.0811, 0.8583 0.4386 0.0866, 0.8583 0.4458 0.0823, 0.8583 0.5188 0.0034, 0.8583 -0.3191 0.5376, 0.8583 -0.3703 0.4531, 0.8583 -0.3239 0.5445, 0.8583 -0.3784 0.4593, 0.8583 -0.3537 0.5581, 0.8583 -0.3453 0.5572, 0.8583 -0.3373 0.5546, 0.8583 -0.33 0.5502, 0.8583 0.366 0.2052, 0.8583 0.3721 0.1995, 0.8583 0.3769 0.1926, 0.8583 0.7144 0.0394, 0.8583 0.7144 0.0, 0.8583 0.5347 0.0, 0.8583 -0.3736 0.3294, 0.8583 -0.3673 0.3356, 0.8583 -0.1357 0.2167, 0.8583 -0.1539 0.2337, 0.8583 -0.3601 0.4354, 0.8583 -0.364 0.4449, 0.8583 0.4538 0.0796, 0.8583 0.4622 0.0787, 0.8583 0.5266 0.0009, 0.8583 -0.143 0.221, 0.8583 -0.3626 0.3431, 0.8583 -0.3597 0.3514, 0.8583 -0.3879 0.4633, 0.8583 -0.3981 0.4646, 0.8583 -1.2134 0.5581, 0.8583 -1.0503 0.4646, 0.8583 -1.0593 0.4636, 0.8583 0.675 0.0787, 0.8583 0.713 0.0496, 0.8583 0.6947 0.0735, 0.8583 0.7028 0.0672, 0.8583 0.7091 0.0591, 0.8583 -0.3981 0.3208, 0.8583 -0.3894 0.3218, 0.8583 -0.381 0.3247, 0.8583 -1.0863 0.4412, 0.8583 -1.2514 0.5289, 0.8583 -1.2475 0.5384, 0.8583 -0.1491 0.2268, 0.8583 -0.3587 0.3602, 0.8583 -0.3587 0.4253, 0.8583 -1.0679 0.4605, 0.8583 -1.0755 0.4556, 0.8583 -1.2236 0.5568, 0.8583 -1.0817 0.449, 0.8583 -1.2331 0.5529, 0.8583 -1.2413 0.5466, 0.8583 -1.1037 0.4021, 0.8583 -1.2294 0.4578, 0.8583 -1.2528 0.5188, 0.8583 -1.2528 0.4938, 0.8583 0.6852 0.0774, 0.8583 -0.1277 0.214, 0.8583 -0.1193 0.2131, 0.8583 0.3435 0.2047, 0.8583 0.3423 0.2131, 0.8583 0.3507 0.2122, 0.8583 0.3587 0.2096, 0.8583 -1.2372 0.4624, 0.8583 -1.2437 0.4687, 0.8583 -1.1385 0.3216, 0.8583 -1.1303 0.3208, 0.8583 -1.2487 0.4763, 0.8583 -1.2517 0.4848, 0.8583 -1.231 0.2696, 0.8583 -1.2321 0.2791, 0.8583 -1.1463 0.3242, 0.8583 -1.2321 0.2812, 0.8583 -1.2115 0.3158, 0.8583 -1.1737 0.3363, 0.8583 -1.2312 0.2896, 0.8583 -1.2285 0.2976, 0.8583 -1.2185 0.311, 0.8583 -1.2242 0.3048, 0.8583 -1.2065 0.2422, 0.8583 -1.215 0.2466, 0.8583 -1.2221 0.2529, 0.8583 -1.2276 0.2607, 1.1142 -0.8939 0.2047, 1.1142 -1.1973 0.24, 1.0551 -0.8939 0.2047, 1.0551 -1.1973 0.24, 1.1142 0.4386 0.0866, 1.1142 0.4324 0.0924, 1.1142 0.3435 0.0811, 1.1142 0.4622 0.0787, 1.1142 0.4538 0.0796, 1.1142 0.5188 0.0034, 1.1142 -1.0755 0.4556, 1.1142 -1.0679 0.4605, 1.1142 -1.2134 0.5581, 1.1142 -0.3537 0.5581, 1.1142 -0.3879 0.4633, 1.1142 -0.3453 0.5572, 1.1142 -0.3784 0.4593, 1.1142 -0.3373 0.5546, 1.1142 -0.33 0.5502, 1.1142 0.4458 0.0823, 1.1142 0.5347 0.0, 1.1142 0.7144 0.0, 1.1142 0.7144 0.0394, 1.1142 0.4276 0.0993, 1.1142 0.3769 0.1926, 1.1142 0.3721 0.1995, 1.1142 -1.2294 0.4578, 1.1142 -1.1037 0.4021, 1.1142 -1.0863 0.4412, 1.1142 -1.0593 0.4636, 1.1142 -1.0503 0.4646, 1.1142 -0.3981 0.4646, 1.1142 0.713 0.0496, 1.1142 0.7091 0.0591, 1.1142 0.675 0.0787, 1.1142 -1.2413 0.5466, 1.1142 -1.2475 0.5384, 1.1142 -1.2514 0.5289, 1.1142 -0.3587 0.3602, 1.1142 -0.3597 0.3514, 1.1142 -0.1491 0.2268, 1.1142 -0.3626 0.3431, 1.1142 -0.143 0.221, 1.1142 -0.3673 0.3356, 1.1142 -0.1357 0.2167, 1.1142 -0.3736 0.3294, 1.1142 -0.381 0.3247, 1.1142 0.5266 0.0009, 1.1142 -1.2528 0.5188, 1.1142 -1.2528 0.4938, 1.1142 -1.2517 0.4848, 1.1142 -1.0817 0.449, 1.1142 -1.2236 0.5568, 1.1142 -1.2331 0.5529, 1.1142 -0.3239 0.5445, 1.1142 -0.3703 0.4531, 1.1142 -0.3191 0.5376, 1.1142 -0.364 0.4449, 1.1142 -0.1539 0.2337, 1.1142 -0.3601 0.4354, 1.1142 -0.3587 0.4253, 1.1142 0.7028 0.0672, 1.1142 0.6947 0.0735, 1.1142 0.6852 0.0774, 1.1142 -0.1277 0.214, 1.1142 -0.1193 0.2131, 1.1142 0.3435 0.2047, 1.1142 0.3423 0.2131, 1.1142 -1.2487 0.4763, 1.1142 -1.2437 0.4687, 1.1142 -1.2372 0.4624, 1.1142 0.366 0.2052, 1.1142 0.3587 0.2096, 1.1142 0.3507 0.2122, 1.1142 -0.3894 0.3218, 1.1142 -0.3981 0.3208, 1.1142 -1.1303 0.3208, 1.1142 -1.2312 0.2896, 1.1142 -1.2321 0.2812, 1.1142 -1.1385 0.3216, 1.1142 -1.1463 0.3242, 1.1142 -1.1737 0.3363, 1.1142 -1.2115 0.3158, 1.1142 -1.2185 0.311, 1.1142 -1.2242 0.3048, 1.1142 -1.2285 0.2976, 1.1142 -1.2321 0.2791, 1.1142 -1.231 0.2696, 1.1142 -1.2276 0.2607, 1.1142 -1.2221 0.2529, 1.1142 -1.215 0.2466, 1.1142 -1.2065 0.2422, 1.0551 0.4276 0.0993, 1.0551 0.4324 0.0924, 1.0551 0.3435 0.0811, 1.0551 0.4386 0.0866, 1.0551 0.4458 0.0823, 1.0551 0.5188 0.0034, 1.0551 -0.3191 0.5376, 1.0551 -0.3703 0.4531, 1.0551 -0.3239 0.5445, 1.0551 -0.3784 0.4593, 1.0551 -0.3537 0.5581, 1.0551 -0.3453 0.5572, 1.0551 -0.3373 0.5546, 1.0551 -0.33 0.5502, 1.0551 0.366 0.2052, 1.0551 0.3721 0.1995, 1.0551 0.3769 0.1926, 1.0551 0.7144 0.0394, 1.0551 0.7144 0.0, 1.0551 0.5347 0.0, 1.0551 -0.3736 0.3294, 1.0551 -0.3673 0.3356, 1.0551 -0.1357 0.2167, 1.0551 -0.1539 0.2337, 1.0551 -0.3601 0.4354, 1.0551 -0.364 0.4449, 1.0551 0.4538 0.0796, 1.0551 0.4622 0.0787, 1.0551 0.5266 0.0009, 1.0551 -0.143 0.221, 1.0551 -0.3626 0.3431, 1.0551 -0.3597 0.3514, 1.0551 -0.3879 0.4633, 1.0551 -0.3981 0.4646, 1.0551 -1.2134 0.5581, 1.0551 -1.0503 0.4646, 1.0551 -1.0593 0.4636, 1.0551 0.675 0.0787, 1.0551 0.713 0.0496, 1.0551 0.6947 0.0735, 1.0551 0.7028 0.0672, 1.0551 0.7091 0.0591, 1.0551 -0.3981 0.3208, 1.0551 -0.3894 0.3218, 1.0551 -0.381 0.3247, 1.0551 -1.0863 0.4412, 1.0551 -1.2514 0.5289, 1.0551 -1.2475 0.5384, 1.0551 -0.1491 0.2268, 1.0551 -0.3587 0.3602, 1.0551 -0.3587 0.4253, 1.0551 -1.0679 0.4605, 1.0551 -1.0755 0.4556, 1.0551 -1.2236 0.5568, 1.0551 -1.0817 0.449, 1.0551 -1.2331 0.5529, 1.0551 -1.2413 0.5466, 1.0551 -1.1037 0.4021, 1.0551 -1.2294 0.4578, 1.0551 -1.2528 0.5188, 1.0551 -1.2528 0.4938, 1.0551 0.6852 0.0774, 1.0551 -0.1277 0.214, 1.0551 -0.1193 0.2131, 1.0551 0.3435 0.2047, 1.0551 0.3423 0.2131, 1.0551 0.3507 0.2122, 1.0551 0.3587 0.2096, 1.0551 -1.2372 0.4624, 1.0551 -1.2437 0.4687, 1.0551 -1.1385 0.3216, 1.0551 -1.1303 0.3208, 1.0551 -1.2487 0.4763, 1.0551 -1.2517 0.4848, 1.0551 -1.231 0.2696, 1.0551 -1.2321 0.2791, 1.0551 -1.1463 0.3242, 1.0551 -1.2321 0.2812, 1.0551 -1.2115 0.3158, 1.0551 -1.1737 0.3363, 1.0551 -1.2312 0.2896, 1.0551 -1.2285 0.2976, 1.0551 -1.2185 0.311, 1.0551 -1.2242 0.3048, 1.0551 -1.2065 0.2422, 1.0551 -1.215 0.2466, 1.0551 -1.2221 0.2529, 1.0551 -1.2276 0.2607, 1.311 -0.8939 0.2047, 1.311 -1.1973 0.24, 1.252 -0.8939 0.2047, 1.252 -1.1973 0.24, 1.311 0.4386 0.0866, 1.311 0.4324 0.0924, 1.311 0.3435 0.0811, 1.311 0.4622 0.0787, 1.311 0.4538 0.0796, 1.311 0.5188 0.0034, 1.311 -1.0755 0.4556, 1.311 -1.0679 0.4605, 1.311 -1.2134 0.5581, 1.311 -0.3537 0.5581, 1.311 -0.3879 0.4633, 1.311 -0.3453 0.5572, 1.311 -0.3784 0.4593, 1.311 -0.3373 0.5546, 1.311 -0.33 0.5502, 1.311 0.4458 0.0823, 1.311 0.5347 0.0, 1.311 0.7144 0.0, 1.311 0.7144 0.0394, 1.311 0.4276 0.0993, 1.311 0.3769 0.1926, 1.311 0.3721 0.1995, 1.311 -1.2294 0.4578, 1.311 -1.1037 0.4021, 1.311 -1.0863 0.4412, 1.311 -1.0593 0.4636, 1.311 -1.0503 0.4646, 1.311 -0.3981 0.4646, 1.311 0.713 0.0496, 1.311 0.7091 0.0591, 1.311 0.675 0.0787, 1.311 -1.2413 0.5466, 1.311 -1.2475 0.5384, 1.311 -1.2514 0.5289, 1.311 -0.3587 0.3602, 1.311 -0.3597 0.3514, 1.311 -0.1491 0.2268, 1.311 -0.3626 0.3431, 1.311 -0.143 0.221, 1.311 -0.3673 0.3356, 1.311 -0.1357 0.2167, 1.311 -0.3736 0.3294, 1.311 -0.381 0.3247, 1.311 0.5266 0.0009, 1.311 -1.2528 0.5188, 1.311 -1.2528 0.4938, 1.311 -1.2517 0.4848, 1.311 -1.0817 0.449, 1.311 -1.2236 0.5568, 1.311 -1.2331 0.5529, 1.311 -0.3239 0.5445, 1.311 -0.3703 0.4531, 1.311 -0.3191 0.5376, 1.311 -0.364 0.4449, 1.311 -0.1539 0.2337, 1.311 -0.3601 0.4354, 1.311 -0.3587 0.4253, 1.311 0.7028 0.0672, 1.311 0.6947 0.0735, 1.311 0.6852 0.0774, 1.311 -0.1277 0.214, 1.311 -0.1193 0.2131, 1.311 0.3435 0.2047, 1.311 0.3423 0.2131, 1.311 -1.2487 0.4763, 1.311 -1.2437 0.4687, 1.311 -1.2372 0.4624, 1.311 0.366 0.2052, 1.311 0.3587 0.2096, 1.311 0.3507 0.2122, 1.311 -0.3894 0.3218, 1.311 -0.3981 0.3208, 1.311 -1.1303 0.3208, 1.311 -1.2312 0.2896, 1.311 -1.2321 0.2812, 1.311 -1.1385 0.3216, 1.311 -1.1463 0.3242, 1.311 -1.1737 0.3363, 1.311 -1.2115 0.3158, 1.311 -1.2185 0.311, 1.311 -1.2242 0.3048, 1.311 -1.2285 0.2976, 1.311 -1.2321 0.2791, 1.311 -1.231 0.2696, 1.311 -1.2276 0.2607, 1.311 -1.2221 0.2529, 1.311 -1.215 0.2466, 1.311 -1.2065 0.2422, 1.252 0.4276 0.0993, 1.252 0.4324 0.0924, 1.252 0.3435 0.0811, 1.252 0.4386 0.0866, 1.252 0.4458 0.0823, 1.252 0.5188 0.0034, 1.252 -0.3191 0.5376, 1.252 -0.3703 0.4531, 1.252 -0.3239 0.5445, 1.252 -0.3784 0.4593, 1.252 -0.3537 0.5581, 1.252 -0.3453 0.5572, 1.252 -0.3373 0.5546, 1.252 -0.33 0.5502, 1.252 0.366 0.2052, 1.252 0.3721 0.1995, 1.252 0.3769 0.1926, 1.252 0.7144 0.0394, 1.252 0.7144 0.0, 1.252 0.5347 0.0, 1.252 -0.3736 0.3294, 1.252 -0.3673 0.3356, 1.252 -0.1357 0.2167, 1.252 -0.1539 0.2337, 1.252 -0.3601 0.4354, 1.252 -0.364 0.4449, 1.252 0.4538 0.0796, 1.252 0.4622 0.0787, 1.252 0.5266 0.0009, 1.252 -0.143 0.221, 1.252 -0.3626 0.3431, 1.252 -0.3597 0.3514, 1.252 -0.3879 0.4633, 1.252 -0.3981 0.4646, 1.252 -1.2134 0.5581, 1.252 -1.0503 0.4646, 1.252 -1.0593 0.4636, 1.252 0.675 0.0787, 1.252 0.713 0.0496, 1.252 0.6947 0.0735, 1.252 0.7028 0.0672, 1.252 0.7091 0.0591, 1.252 -0.3981 0.3208, 1.252 -0.3894 0.3218, 1.252 -0.381 0.3247, 1.252 -1.0863 0.4412, 1.252 -1.2514 0.5289, 1.252 -1.2475 0.5384, 1.252 -0.1491 0.2268, 1.252 -0.3587 0.3602, 1.252 -0.3587 0.4253, 1.252 -1.0679 0.4605, 1.252 -1.0755 0.4556, 1.252 -1.2236 0.5568, 1.252 -1.0817 0.449, 1.252 -1.2331 0.5529, 1.252 -1.2413 0.5466, 1.252 -1.1037 0.4021, 1.252 -1.2294 0.4578, 1.252 -1.2528 0.5188, 1.252 -1.2528 0.4938, 1.252 0.6852 0.0774, 1.252 -0.1277 0.214, 1.252 -0.1193 0.2131, 1.252 0.3435 0.2047, 1.252 0.3423 0.2131, 1.252 0.3507 0.2122, 1.252 0.3587 0.2096, 1.252 -1.2372 0.4624, 1.252 -1.2437 0.4687, 1.252 -1.1385 0.3216, 1.252 -1.1303 0.3208, 1.252 -1.2487 0.4763, 1.252 -1.2517 0.4848, 1.252 -1.231 0.2696, 1.252 -1.2321 0.2791, 1.252 -1.1463 0.3242, 1.252 -1.2321 0.2812, 1.252 -1.2115 0.3158, 1.252 -1.1737 0.3363, 1.252 -1.2312 0.2896, 1.252 -1.2285 0.2976, 1.252 -1.2185 0.311, 1.252 -1.2242 0.3048, 1.252 -1.2065 0.2422, 1.252 -1.215 0.2466, 1.252 -1.2221 0.2529, 1.252 -1.2276 0.2607, 1.5079 -0.8939 0.2047, 1.5079 -1.1973 0.24, 1.4488 -0.8939 0.2047, 1.4488 -1.1973 0.24, 1.5079 0.4386 0.0866, 1.5079 0.4324 0.0924, 1.5079 0.3435 0.0811, 1.5079 0.4622 0.0787, 1.5079 0.4538 0.0796, 1.5079 0.5188 0.0034, 1.5079 -1.0755 0.4556, 1.5079 -1.0679 0.4605, 1.5079 -1.2134 0.5581, 1.5079 -0.3537 0.5581, 1.5079 -0.3879 0.4633, 1.5079 -0.3453 0.5572, 1.5079 -0.3784 0.4593, 1.5079 -0.3373 0.5546, 1.5079 -0.33 0.5502, 1.5079 0.4458 0.0823, 1.5079 0.5347 0.0, 1.5079 0.7144 0.0, 1.5079 0.7144 0.0394, 1.5079 0.4276 0.0993, 1.5079 0.3769 0.1926, 1.5079 0.3721 0.1995, 1.5079 -1.2294 0.4578, 1.5079 -1.1037 0.4021, 1.5079 -1.0863 0.4412, 1.5079 -1.0593 0.4636, 1.5079 -1.0503 0.4646, 1.5079 -0.3981 0.4646, 1.5079 0.713 0.0496, 1.5079 0.7091 0.0591, 1.5079 0.675 0.0787, 1.5079 -1.2413 0.5466, 1.5079 -1.2475 0.5384, 1.5079 -1.2514 0.5289, 1.5079 -0.3587 0.3602, 1.5079 -0.3597 0.3514, 1.5079 -0.1491 0.2268, 1.5079 -0.3626 0.3431, 1.5079 -0.143 0.221, 1.5079 -0.3673 0.3356, 1.5079 -0.1357 0.2167, 1.5079 -0.3736 0.3294, 1.5079 -0.381 0.3247, 1.5079 0.5266 0.0009, 1.5079 -1.2528 0.5188, 1.5079 -1.2528 0.4938, 1.5079 -1.2517 0.4848, 1.5079 -1.0817 0.449, 1.5079 -1.2236 0.5568, 1.5079 -1.2331 0.5529, 1.5079 -0.3239 0.5445, 1.5079 -0.3703 0.4531, 1.5079 -0.3191 0.5376, 1.5079 -0.364 0.4449, 1.5079 -0.1539 0.2337, 1.5079 -0.3601 0.4354, 1.5079 -0.3587 0.4253, 1.5079 0.7028 0.0672, 1.5079 0.6947 0.0735, 1.5079 0.6852 0.0774, 1.5079 -0.1277 0.214, 1.5079 -0.1193 0.2131, 1.5079 0.3435 0.2047, 1.5079 0.3423 0.2131, 1.5079 -1.2487 0.4763, 1.5079 -1.2437 0.4687, 1.5079 -1.2372 0.4624, 1.5079 0.366 0.2052, 1.5079 0.3587 0.2096, 1.5079 0.3507 0.2122, 1.5079 -0.3894 0.3218, 1.5079 -0.3981 0.3208, 1.5079 -1.1303 0.3208, 1.5079 -1.2312 0.2896, 1.5079 -1.2321 0.2812, 1.5079 -1.1385 0.3216, 1.5079 -1.1463 0.3242, 1.5079 -1.1737 0.3363, 1.5079 -1.2115 0.3158, 1.5079 -1.2185 0.311, 1.5079 -1.2242 0.3048, 1.5079 -1.2285 0.2976, 1.5079 -1.2321 0.2791, 1.5079 -1.231 0.2696, 1.5079 -1.2276 0.2607, 1.5079 -1.2221 0.2529, 1.5079 -1.215 0.2466, 1.5079 -1.2065 0.2422, 1.4488 0.4276 0.0993, 1.4488 0.4324 0.0924, 1.4488 0.3435 0.0811, 1.4488 0.4386 0.0866, 1.4488 0.4458 0.0823, 1.4488 0.5188 0.0034, 1.4488 -0.3191 0.5376, 1.4488 -0.3703 0.4531, 1.4488 -0.3239 0.5445, 1.4488 -0.3784 0.4593, 1.4488 -0.3537 0.5581, 1.4488 -0.3453 0.5572, 1.4488 -0.3373 0.5546, 1.4488 -0.33 0.5502, 1.4488 0.366 0.2052, 1.4488 0.3721 0.1995, 1.4488 0.3769 0.1926, 1.4488 0.7144 0.0394, 1.4488 0.7144 0.0, 1.4488 0.5347 0.0, 1.4488 -0.3736 0.3294, 1.4488 -0.3673 0.3356, 1.4488 -0.1357 0.2167, 1.4488 -0.1539 0.2337, 1.4488 -0.3601 0.4354, 1.4488 -0.364 0.4449, 1.4488 0.4538 0.0796, 1.4488 0.4622 0.0787, 1.4488 0.5266 0.0009, 1.4488 -0.143 0.221, 1.4488 -0.3626 0.3431, 1.4488 -0.3597 0.3514, 1.4488 -0.3879 0.4633, 1.4488 -0.3981 0.4646, 1.4488 -1.2134 0.5581, 1.4488 -1.0503 0.4646, 1.4488 -1.0593 0.4636, 1.4488 0.675 0.0787, 1.4488 0.713 0.0496, 1.4488 0.6947 0.0735, 1.4488 0.7028 0.0672, 1.4488 0.7091 0.0591, 1.4488 -0.3981 0.3208, 1.4488 -0.3894 0.3218, 1.4488 -0.381 0.3247, 1.4488 -1.0863 0.4412, 1.4488 -1.2514 0.5289, 1.4488 -1.2475 0.5384, 1.4488 -0.1491 0.2268, 1.4488 -0.3587 0.3602, 1.4488 -0.3587 0.4253, 1.4488 -1.0679 0.4605, 1.4488 -1.0755 0.4556, 1.4488 -1.2236 0.5568, 1.4488 -1.0817 0.449, 1.4488 -1.2331 0.5529, 1.4488 -1.2413 0.5466, 1.4488 -1.1037 0.4021, 1.4488 -1.2294 0.4578, 1.4488 -1.2528 0.5188, 1.4488 -1.2528 0.4938, 1.4488 0.6852 0.0774, 1.4488 -0.1277 0.214, 1.4488 -0.1193 0.2131, 1.4488 0.3435 0.2047, 1.4488 0.3423 0.2131, 1.4488 0.3507 0.2122, 1.4488 0.3587 0.2096, 1.4488 -1.2372 0.4624, 1.4488 -1.2437 0.4687, 1.4488 -1.1385 0.3216, 1.4488 -1.1303 0.3208, 1.4488 -1.2487 0.4763, 1.4488 -1.2517 0.4848, 1.4488 -1.231 0.2696, 1.4488 -1.2321 0.2791, 1.4488 -1.1463 0.3242, 1.4488 -1.2321 0.2812, 1.4488 -1.2115 0.3158, 1.4488 -1.1737 0.3363, 1.4488 -1.2312 0.2896, 1.4488 -1.2285 0.2976, 1.4488 -1.2185 0.311, 1.4488 -1.2242 0.3048, 1.4488 -1.2065 0.2422, 1.4488 -1.215 0.2466, 1.4488 -1.2221 0.2529, 1.4488 -1.2276 0.2607, 1.7047 -0.8939 0.2047, 1.7047 -1.1973 0.24, 1.6457 -0.8939 0.2047, 1.6457 -1.1973 0.24, 1.7047 0.4386 0.0866, 1.7047 0.4324 0.0924, 1.7047 0.3435 0.0811, 1.7047 0.4622 0.0787, 1.7047 0.4538 0.0796, 1.7047 0.5188 0.0034, 1.7047 -1.0755 0.4556, 1.7047 -1.0679 0.4605, 1.7047 -1.2134 0.5581, 1.7047 -0.3537 0.5581, 1.7047 -0.3879 0.4633, 1.7047 -0.3453 0.5572, 1.7047 -0.3784 0.4593, 1.7047 -0.3373 0.5546, 1.7047 -0.33 0.5502, 1.7047 0.4458 0.0823, 1.7047 0.5347 0.0, 1.7047 0.7144 0.0, 1.7047 0.7144 0.0394, 1.7047 0.4276 0.0993, 1.7047 0.3769 0.1926, 1.7047 0.3721 0.1995, 1.7047 -1.2294 0.4578, 1.7047 -1.1037 0.4021, 1.7047 -1.0863 0.4412, 1.7047 -1.0593 0.4636, 1.7047 -1.0503 0.4646, 1.7047 -0.3981 0.4646, 1.7047 0.713 0.0496, 1.7047 0.7091 0.0591, 1.7047 0.675 0.0787, 1.7047 -1.2413 0.5466, 1.7047 -1.2475 0.5384, 1.7047 -1.2514 0.5289, 1.7047 -0.3587 0.3602, 1.7047 -0.3597 0.3514, 1.7047 -0.1491 0.2268, 1.7047 -0.3626 0.3431, 1.7047 -0.143 0.221, 1.7047 -0.3673 0.3356, 1.7047 -0.1357 0.2167, 1.7047 -0.3736 0.3294, 1.7047 -0.381 0.3247, 1.7047 0.5266 0.0009, 1.7047 -1.2528 0.5188, 1.7047 -1.2528 0.4938, 1.7047 -1.2517 0.4848, 1.7047 -1.0817 0.449, 1.7047 -1.2236 0.5568, 1.7047 -1.2331 0.5529, 1.7047 -0.3239 0.5445, 1.7047 -0.3703 0.4531, 1.7047 -0.3191 0.5376, 1.7047 -0.364 0.4449, 1.7047 -0.1539 0.2337, 1.7047 -0.3601 0.4354, 1.7047 -0.3587 0.4253, 1.7047 0.7028 0.0672, 1.7047 0.6947 0.0735, 1.7047 0.6852 0.0774, 1.7047 -0.1277 0.214, 1.7047 -0.1193 0.2131, 1.7047 0.3435 0.2047, 1.7047 0.3423 0.2131, 1.7047 -1.2487 0.4763, 1.7047 -1.2437 0.4687, 1.7047 -1.2372 0.4624, 1.7047 0.366 0.2052, 1.7047 0.3587 0.2096, 1.7047 0.3507 0.2122, 1.7047 -0.3894 0.3218, 1.7047 -0.3981 0.3208, 1.7047 -1.1303 0.3208, 1.7047 -1.2312 0.2896, 1.7047 -1.2321 0.2812, 1.7047 -1.1385 0.3216, 1.7047 -1.1463 0.3242, 1.7047 -1.1737 0.3363, 1.7047 -1.2115 0.3158, 1.7047 -1.2185 0.311, 1.7047 -1.2242 0.3048, 1.7047 -1.2285 0.2976, 1.7047 -1.2321 0.2791, 1.7047 -1.231 0.2696, 1.7047 -1.2276 0.2607, 1.7047 -1.2221 0.2529, 1.7047 -1.215 0.2466, 1.7047 -1.2065 0.2422, 1.6457 0.4276 0.0993, 1.6457 0.4324 0.0924, 1.6457 0.3435 0.0811, 1.6457 0.4386 0.0866, 1.6457 0.4458 0.0823, 1.6457 0.5188 0.0034, 1.6457 -0.3191 0.5376, 1.6457 -0.3703 0.4531, 1.6457 -0.3239 0.5445, 1.6457 -0.3784 0.4593, 1.6457 -0.3537 0.5581, 1.6457 -0.3453 0.5572, 1.6457 -0.3373 0.5546, 1.6457 -0.33 0.5502, 1.6457 0.366 0.2052, 1.6457 0.3721 0.1995, 1.6457 0.3769 0.1926, 1.6457 0.7144 0.0394, 1.6457 0.7144 0.0, 1.6457 0.5347 0.0, 1.6457 -0.3736 0.3294, 1.6457 -0.3673 0.3356, 1.6457 -0.1357 0.2167, 1.6457 -0.1539 0.2337, 1.6457 -0.3601 0.4354, 1.6457 -0.364 0.4449, 1.6457 0.4538 0.0796, 1.6457 0.4622 0.0787, 1.6457 0.5266 0.0009, 1.6457 -0.143 0.221, 1.6457 -0.3626 0.3431, 1.6457 -0.3597 0.3514, 1.6457 -0.3879 0.4633, 1.6457 -0.3981 0.4646, 1.6457 -1.2134 0.5581, 1.6457 -1.0503 0.4646, 1.6457 -1.0593 0.4636, 1.6457 0.675 0.0787, 1.6457 0.713 0.0496, 1.6457 0.6947 0.0735, 1.6457 0.7028 0.0672, 1.6457 0.7091 0.0591, 1.6457 -0.3981 0.3208, 1.6457 -0.3894 0.3218, 1.6457 -0.381 0.3247, 1.6457 -1.0863 0.4412, 1.6457 -1.2514 0.5289, 1.6457 -1.2475 0.5384, 1.6457 -0.1491 0.2268, 1.6457 -0.3587 0.3602, 1.6457 -0.3587 0.4253, 1.6457 -1.0679 0.4605, 1.6457 -1.0755 0.4556, 1.6457 -1.2236 0.5568, 1.6457 -1.0817 0.449, 1.6457 -1.2331 0.5529, 1.6457 -1.2413 0.5466, 1.6457 -1.1037 0.4021, 1.6457 -1.2294 0.4578, 1.6457 -1.2528 0.5188, 1.6457 -1.2528 0.4938, 1.6457 0.6852 0.0774, 1.6457 -0.1277 0.214, 1.6457 -0.1193 0.2131, 1.6457 0.3435 0.2047, 1.6457 0.3423 0.2131, 1.6457 0.3507 0.2122, 1.6457 0.3587 0.2096, 1.6457 -1.2372 0.4624, 1.6457 -1.2437 0.4687, 1.6457 -1.1385 0.3216, 1.6457 -1.1303 0.3208, 1.6457 -1.2487 0.4763, 1.6457 -1.2517 0.4848, 1.6457 -1.231 0.2696, 1.6457 -1.2321 0.2791, 1.6457 -1.1463 0.3242, 1.6457 -1.2321 0.2812, 1.6457 -1.2115 0.3158, 1.6457 -1.1737 0.3363, 1.6457 -1.2312 0.2896, 1.6457 -1.2285 0.2976, 1.6457 -1.2185 0.311, 1.6457 -1.2242 0.3048, 1.6457 -1.2065 0.2422, 1.6457 -1.215 0.2466, 1.6457 -1.2221 0.2529, 1.6457 -1.2276 0.2607, 1.9016 -0.8939 0.2047, 1.9016 -1.1973 0.24, 1.8425 -0.8939 0.2047, 1.8425 -1.1973 0.24, 1.9016 0.4386 0.0866, 1.9016 0.4324 0.0924, 1.9016 0.3435 0.0811, 1.9016 0.4622 0.0787, 1.9016 0.4538 0.0796, 1.9016 0.5188 0.0034, 1.9016 -1.0755 0.4556, 1.9016 -1.0679 0.4605, 1.9016 -1.2134 0.5581, 1.9016 -0.3537 0.5581, 1.9016 -0.3879 0.4633, 1.9016 -0.3453 0.5572, 1.9016 -0.3784 0.4593, 1.9016 -0.3373 0.5546, 1.9016 -0.33 0.5502, 1.9016 0.4458 0.0823, 1.9016 0.5347 0.0, 1.9016 0.7144 0.0, 1.9016 0.7144 0.0394, 1.9016 0.4276 0.0993, 1.9016 0.3769 0.1926, 1.9016 0.3721 0.1995, 1.9016 -1.2294 0.4578, 1.9016 -1.1037 0.4021, 1.9016 -1.0863 0.4412, 1.9016 -1.0593 0.4636, 1.9016 -1.0503 0.4646, 1.9016 -0.3981 0.4646, 1.9016 0.713 0.0496, 1.9016 0.7091 0.0591, 1.9016 0.675 0.0787, 1.9016 -1.2413 0.5466, 1.9016 -1.2475 0.5384, 1.9016 -1.2514 0.5289, 1.9016 -0.3587 0.3602, 1.9016 -0.3597 0.3514, 1.9016 -0.1491 0.2268, 1.9016 -0.3626 0.3431, 1.9016 -0.143 0.221, 1.9016 -0.3673 0.3356, 1.9016 -0.1357 0.2167, 1.9016 -0.3736 0.3294, 1.9016 -0.381 0.3247, 1.9016 0.5266 0.0009, 1.9016 -1.2528 0.5188, 1.9016 -1.2528 0.4938, 1.9016 -1.2517 0.4848, 1.9016 -1.0817 0.449, 1.9016 -1.2236 0.5568, 1.9016 -1.2331 0.5529, 1.9016 -0.3239 0.5445, 1.9016 -0.3703 0.4531, 1.9016 -0.3191 0.5376, 1.9016 -0.364 0.4449, 1.9016 -0.1539 0.2337, 1.9016 -0.3601 0.4354, 1.9016 -0.3587 0.4253, 1.9016 0.7028 0.0672, 1.9016 0.6947 0.0735, 1.9016 0.6852 0.0774, 1.9016 -0.1277 0.214, 1.9016 -0.1193 0.2131, 1.9016 0.3435 0.2047, 1.9016 0.3423 0.2131, 1.9016 -1.2487 0.4763, 1.9016 -1.2437 0.4687, 1.9016 -1.2372 0.4624, 1.9016 0.366 0.2052, 1.9016 0.3587 0.2096, 1.9016 0.3507 0.2122, 1.9016 -0.3894 0.3218, 1.9016 -0.3981 0.3208, 1.9016 -1.1303 0.3208, 1.9016 -1.2312 0.2896, 1.9016 -1.2321 0.2812, 1.9016 -1.1385 0.3216, 1.9016 -1.1463 0.3242, 1.9016 -1.1737 0.3363, 1.9016 -1.2115 0.3158, 1.9016 -1.2185 0.311, 1.9016 -1.2242 0.3048, 1.9016 -1.2285 0.2976, 1.9016 -1.2321 0.2791, 1.9016 -1.231 0.2696, 1.9016 -1.2276 0.2607, 1.9016 -1.2221 0.2529, 1.9016 -1.215 0.2466, 1.9016 -1.2065 0.2422, 1.8425 0.4276 0.0993, 1.8425 0.4324 0.0924, 1.8425 0.3435 0.0811, 1.8425 0.4386 0.0866, 1.8425 0.4458 0.0823, 1.8425 0.5188 0.0034, 1.8425 -0.3191 0.5376, 1.8425 -0.3703 0.4531, 1.8425 -0.3239 0.5445, 1.8425 -0.3784 0.4593, 1.8425 -0.3537 0.5581, 1.8425 -0.3453 0.5572, 1.8425 -0.3373 0.5546, 1.8425 -0.33 0.5502, 1.8425 0.366 0.2052, 1.8425 0.3721 0.1995, 1.8425 0.3769 0.1926, 1.8425 0.7144 0.0394, 1.8425 0.7144 0.0, 1.8425 0.5347 0.0, 1.8425 -0.3736 0.3294, 1.8425 -0.3673 0.3356, 1.8425 -0.1357 0.2167, 1.8425 -0.1539 0.2337, 1.8425 -0.3601 0.4354, 1.8425 -0.364 0.4449, 1.8425 0.4538 0.0796, 1.8425 0.4622 0.0787, 1.8425 0.5266 0.0009, 1.8425 -0.143 0.221, 1.8425 -0.3626 0.3431, 1.8425 -0.3597 0.3514, 1.8425 -0.3879 0.4633, 1.8425 -0.3981 0.4646, 1.8425 -1.2134 0.5581, 1.8425 -1.0503 0.4646, 1.8425 -1.0593 0.4636, 1.8425 0.675 0.0787, 1.8425 0.713 0.0496, 1.8425 0.6947 0.0735, 1.8425 0.7028 0.0672, 1.8425 0.7091 0.0591, 1.8425 -0.3981 0.3208, 1.8425 -0.3894 0.3218, 1.8425 -0.381 0.3247, 1.8425 -1.0863 0.4412, 1.8425 -1.2514 0.5289, 1.8425 -1.2475 0.5384, 1.8425 -0.1491 0.2268, 1.8425 -0.3587 0.3602, 1.8425 -0.3587 0.4253, 1.8425 -1.0679 0.4605, 1.8425 -1.0755 0.4556, 1.8425 -1.2236 0.5568, 1.8425 -1.0817 0.449, 1.8425 -1.2331 0.5529, 1.8425 -1.2413 0.5466, 1.8425 -1.1037 0.4021, 1.8425 -1.2294 0.4578, 1.8425 -1.2528 0.5188, 1.8425 -1.2528 0.4938, 1.8425 0.6852 0.0774, 1.8425 -0.1277 0.214, 1.8425 -0.1193 0.2131, 1.8425 0.3435 0.2047, 1.8425 0.3423 0.2131, 1.8425 0.3507 0.2122, 1.8425 0.3587 0.2096, 1.8425 -1.2372 0.4624, 1.8425 -1.2437 0.4687, 1.8425 -1.1385 0.3216, 1.8425 -1.1303 0.3208, 1.8425 -1.2487 0.4763, 1.8425 -1.2517 0.4848, 1.8425 -1.231 0.2696, 1.8425 -1.2321 0.2791, 1.8425 -1.1463 0.3242, 1.8425 -1.2321 0.2812, 1.8425 -1.2115 0.3158, 1.8425 -1.1737 0.3363, 1.8425 -1.2312 0.2896, 1.8425 -1.2285 0.2976, 1.8425 -1.2185 0.311, 1.8425 -1.2242 0.3048, 1.8425 -1.2065 0.2422, 1.8425 -1.215 0.2466, 1.8425 -1.2221 0.2529, 1.8425 -1.2276 0.2607, 2.0984 -0.8939 0.2047, 2.0984 -1.1973 0.24, 2.0394 -0.8939 0.2047, 2.0394 -1.1973 0.24, 2.0984 0.4386 0.0866, 2.0984 0.4324 0.0924, 2.0984 0.3435 0.0811, 2.0984 0.4622 0.0787, 2.0984 0.4538 0.0796, 2.0984 0.5188 0.0034, 2.0984 -1.0755 0.4556, 2.0984 -1.0679 0.4605, 2.0984 -1.2134 0.5581, 2.0984 -0.3537 0.5581, 2.0984 -0.3879 0.4633, 2.0984 -0.3453 0.5572, 2.0984 -0.3784 0.4593, 2.0984 -0.3373 0.5546, 2.0984 -0.33 0.5502, 2.0984 0.4458 0.0823, 2.0984 0.5347 0.0, 2.0984 0.7144 0.0, 2.0984 0.7144 0.0394, 2.0984 0.4276 0.0993, 2.0984 0.3769 0.1926, 2.0984 0.3721 0.1995, 2.0984 -1.2294 0.4578, 2.0984 -1.1037 0.4021, 2.0984 -1.0863 0.4412, 2.0984 -1.0593 0.4636, 2.0984 -1.0503 0.4646, 2.0984 -0.3981 0.4646, 2.0984 0.713 0.0496, 2.0984 0.7091 0.0591, 2.0984 0.675 0.0787, 2.0984 -1.2413 0.5466, 2.0984 -1.2475 0.5384, 2.0984 -1.2514 0.5289, 2.0984 -0.3587 0.3602, 2.0984 -0.3597 0.3514, 2.0984 -0.1491 0.2268, 2.0984 -0.3626 0.3431, 2.0984 -0.143 0.221, 2.0984 -0.3673 0.3356, 2.0984 -0.1357 0.2167, 2.0984 -0.3736 0.3294, 2.0984 -0.381 0.3247, 2.0984 0.5266 0.0009, 2.0984 -1.2528 0.5188, 2.0984 -1.2528 0.4938, 2.0984 -1.2517 0.4848, 2.0984 -1.0817 0.449, 2.0984 -1.2236 0.5568, 2.0984 -1.2331 0.5529, 2.0984 -0.3239 0.5445, 2.0984 -0.3703 0.4531, 2.0984 -0.3191 0.5376, 2.0984 -0.364 0.4449, 2.0984 -0.1539 0.2337, 2.0984 -0.3601 0.4354, 2.0984 -0.3587 0.4253, 2.0984 0.7028 0.0672, 2.0984 0.6947 0.0735, 2.0984 0.6852 0.0774, 2.0984 -0.1277 0.214, 2.0984 -0.1193 0.2131, 2.0984 0.3435 0.2047, 2.0984 0.3423 0.2131, 2.0984 -1.2487 0.4763, 2.0984 -1.2437 0.4687, 2.0984 -1.2372 0.4624, 2.0984 0.366 0.2052, 2.0984 0.3587 0.2096, 2.0984 0.3507 0.2122, 2.0984 -0.3894 0.3218, 2.0984 -0.3981 0.3208, 2.0984 -1.1303 0.3208, 2.0984 -1.2312 0.2896, 2.0984 -1.2321 0.2812, 2.0984 -1.1385 0.3216, 2.0984 -1.1463 0.3242, 2.0984 -1.1737 0.3363, 2.0984 -1.2115 0.3158, 2.0984 -1.2185 0.311, 2.0984 -1.2242 0.3048, 2.0984 -1.2285 0.2976, 2.0984 -1.2321 0.2791, 2.0984 -1.231 0.2696, 2.0984 -1.2276 0.2607, 2.0984 -1.2221 0.2529, 2.0984 -1.215 0.2466, 2.0984 -1.2065 0.2422, 2.0394 0.4276 0.0993, 2.0394 0.4324 0.0924, 2.0394 0.3435 0.0811, 2.0394 0.4386 0.0866, 2.0394 0.4458 0.0823, 2.0394 0.5188 0.0034, 2.0394 -0.3191 0.5376, 2.0394 -0.3703 0.4531, 2.0394 -0.3239 0.5445, 2.0394 -0.3784 0.4593, 2.0394 -0.3537 0.5581, 2.0394 -0.3453 0.5572, 2.0394 -0.3373 0.5546, 2.0394 -0.33 0.5502, 2.0394 0.366 0.2052, 2.0394 0.3721 0.1995, 2.0394 0.3769 0.1926, 2.0394 0.7144 0.0394, 2.0394 0.7144 0.0, 2.0394 0.5347 0.0, 2.0394 -0.3736 0.3294, 2.0394 -0.3673 0.3356, 2.0394 -0.1357 0.2167, 2.0394 -0.1539 0.2337, 2.0394 -0.3601 0.4354, 2.0394 -0.364 0.4449, 2.0394 0.4538 0.0796, 2.0394 0.4622 0.0787, 2.0394 0.5266 0.0009, 2.0394 -0.143 0.221, 2.0394 -0.3626 0.3431, 2.0394 -0.3597 0.3514, 2.0394 -0.3879 0.4633, 2.0394 -0.3981 0.4646, 2.0394 -1.2134 0.5581, 2.0394 -1.0503 0.4646, 2.0394 -1.0593 0.4636, 2.0394 0.675 0.0787, 2.0394 0.713 0.0496, 2.0394 0.6947 0.0735, 2.0394 0.7028 0.0672, 2.0394 0.7091 0.0591, 2.0394 -0.3981 0.3208, 2.0394 -0.3894 0.3218, 2.0394 -0.381 0.3247, 2.0394 -1.0863 0.4412, 2.0394 -1.2514 0.5289, 2.0394 -1.2475 0.5384, 2.0394 -0.1491 0.2268, 2.0394 -0.3587 0.3602, 2.0394 -0.3587 0.4253, 2.0394 -1.0679 0.4605, 2.0394 -1.0755 0.4556, 2.0394 -1.2236 0.5568, 2.0394 -1.0817 0.449, 2.0394 -1.2331 0.5529, 2.0394 -1.2413 0.5466, 2.0394 -1.1037 0.4021, 2.0394 -1.2294 0.4578, 2.0394 -1.2528 0.5188, 2.0394 -1.2528 0.4938, 2.0394 0.6852 0.0774, 2.0394 -0.1277 0.214, 2.0394 -0.1193 0.2131, 2.0394 0.3435 0.2047, 2.0394 0.3423 0.2131, 2.0394 0.3507 0.2122, 2.0394 0.3587 0.2096, 2.0394 -1.2372 0.4624, 2.0394 -1.2437 0.4687, 2.0394 -1.1385 0.3216, 2.0394 -1.1303 0.3208, 2.0394 -1.2487 0.4763, 2.0394 -1.2517 0.4848, 2.0394 -1.231 0.2696, 2.0394 -1.2321 0.2791, 2.0394 -1.1463 0.3242, 2.0394 -1.2321 0.2812, 2.0394 -1.2115 0.3158, 2.0394 -1.1737 0.3363, 2.0394 -1.2312 0.2896, 2.0394 -1.2285 0.2976, 2.0394 -1.2185 0.311, 2.0394 -1.2242 0.3048, 2.0394 -1.2065 0.2422, 2.0394 -1.215 0.2466, 2.0394 -1.2221 0.2529, 2.0394 -1.2276 0.2607, 2.2953 -0.8939 0.2047, 2.2953 -1.1973 0.24, 2.2362 -0.8939 0.2047, 2.2362 -1.1973 0.24, 2.2953 0.4386 0.0866, 2.2953 0.4324 0.0924, 2.2953 0.3435 0.0811, 2.2953 0.4622 0.0787, 2.2953 0.4538 0.0796, 2.2953 0.5188 0.0034, 2.2953 -1.0755 0.4556, 2.2953 -1.0679 0.4605, 2.2953 -1.2134 0.5581, 2.2953 -0.3537 0.5581, 2.2953 -0.3879 0.4633, 2.2953 -0.3453 0.5572, 2.2953 -0.3784 0.4593, 2.2953 -0.3373 0.5546, 2.2953 -0.33 0.5502, 2.2953 0.4458 0.0823, 2.2953 0.5347 0.0, 2.2953 0.7144 0.0, 2.2953 0.7144 0.0394, 2.2953 0.4276 0.0993, 2.2953 0.3769 0.1926, 2.2953 0.3721 0.1995, 2.2953 -1.2294 0.4578, 2.2953 -1.1037 0.4021, 2.2953 -1.0863 0.4412, 2.2953 -1.0593 0.4636, 2.2953 -1.0503 0.4646, 2.2953 -0.3981 0.4646, 2.2953 0.713 0.0496, 2.2953 0.7091 0.0591, 2.2953 0.675 0.0787, 2.2953 -1.2413 0.5466, 2.2953 -1.2475 0.5384, 2.2953 -1.2514 0.5289, 2.2953 -0.3587 0.3602, 2.2953 -0.3597 0.3514, 2.2953 -0.1491 0.2268, 2.2953 -0.3626 0.3431, 2.2953 -0.143 0.221, 2.2953 -0.3673 0.3356, 2.2953 -0.1357 0.2167, 2.2953 -0.3736 0.3294, 2.2953 -0.381 0.3247, 2.2953 0.5266 0.0009, 2.2953 -1.2528 0.5188, 2.2953 -1.2528 0.4938, 2.2953 -1.2517 0.4848, 2.2953 -1.0817 0.449, 2.2953 -1.2236 0.5568, 2.2953 -1.2331 0.5529, 2.2953 -0.3239 0.5445, 2.2953 -0.3703 0.4531, 2.2953 -0.3191 0.5376, 2.2953 -0.364 0.4449, 2.2953 -0.1539 0.2337, 2.2953 -0.3601 0.4354, 2.2953 -0.3587 0.4253, 2.2953 0.7028 0.0672, 2.2953 0.6947 0.0735, 2.2953 0.6852 0.0774, 2.2953 -0.1277 0.214, 2.2953 -0.1193 0.2131, 2.2953 0.3435 0.2047, 2.2953 0.3423 0.2131, 2.2953 -1.2487 0.4763, 2.2953 -1.2437 0.4687, 2.2953 -1.2372 0.4624, 2.2953 0.366 0.2052, 2.2953 0.3587 0.2096, 2.2953 0.3507 0.2122, 2.2953 -0.3894 0.3218, 2.2953 -0.3981 0.3208, 2.2953 -1.1303 0.3208, 2.2953 -1.2312 0.2896, 2.2953 -1.2321 0.2812, 2.2953 -1.1385 0.3216, 2.2953 -1.1463 0.3242, 2.2953 -1.1737 0.3363, 2.2953 -1.2115 0.3158, 2.2953 -1.2185 0.311, 2.2953 -1.2242 0.3048, 2.2953 -1.2285 0.2976, 2.2953 -1.2321 0.2791, 2.2953 -1.231 0.2696, 2.2953 -1.2276 0.2607, 2.2953 -1.2221 0.2529, 2.2953 -1.215 0.2466, 2.2953 -1.2065 0.2422, 2.2362 0.4276 0.0993, 2.2362 0.4324 0.0924, 2.2362 0.3435 0.0811, 2.2362 0.4386 0.0866, 2.2362 0.4458 0.0823, 2.2362 0.5188 0.0034, 2.2362 -0.3191 0.5376, 2.2362 -0.3703 0.4531, 2.2362 -0.3239 0.5445, 2.2362 -0.3784 0.4593, 2.2362 -0.3537 0.5581, 2.2362 -0.3453 0.5572, 2.2362 -0.3373 0.5546, 2.2362 -0.33 0.5502, 2.2362 0.366 0.2052, 2.2362 0.3721 0.1995, 2.2362 0.3769 0.1926, 2.2362 0.7144 0.0394, 2.2362 0.7144 0.0, 2.2362 0.5347 0.0, 2.2362 -0.3736 0.3294, 2.2362 -0.3673 0.3356, 2.2362 -0.1357 0.2167, 2.2362 -0.1539 0.2337, 2.2362 -0.3601 0.4354, 2.2362 -0.364 0.4449, 2.2362 0.4538 0.0796, 2.2362 0.4622 0.0787, 2.2362 0.5266 0.0009, 2.2362 -0.143 0.221, 2.2362 -0.3626 0.3431, 2.2362 -0.3597 0.3514, 2.2362 -0.3879 0.4633, 2.2362 -0.3981 0.4646, 2.2362 -1.2134 0.5581, 2.2362 -1.0503 0.4646, 2.2362 -1.0593 0.4636, 2.2362 0.675 0.0787, 2.2362 0.713 0.0496, 2.2362 0.6947 0.0735, 2.2362 0.7028 0.0672, 2.2362 0.7091 0.0591, 2.2362 -0.3981 0.3208, 2.2362 -0.3894 0.3218, 2.2362 -0.381 0.3247, 2.2362 -1.0863 0.4412, 2.2362 -1.2514 0.5289, 2.2362 -1.2475 0.5384, 2.2362 -0.1491 0.2268, 2.2362 -0.3587 0.3602, 2.2362 -0.3587 0.4253, 2.2362 -1.0679 0.4605, 2.2362 -1.0755 0.4556, 2.2362 -1.2236 0.5568, 2.2362 -1.0817 0.449, 2.2362 -1.2331 0.5529, 2.2362 -1.2413 0.5466, 2.2362 -1.1037 0.4021, 2.2362 -1.2294 0.4578, 2.2362 -1.2528 0.5188, 2.2362 -1.2528 0.4938, 2.2362 0.6852 0.0774, 2.2362 -0.1277 0.214, 2.2362 -0.1193 0.2131, 2.2362 0.3435 0.2047, 2.2362 0.3423 0.2131, 2.2362 0.3507 0.2122, 2.2362 0.3587 0.2096, 2.2362 -1.2372 0.4624, 2.2362 -1.2437 0.4687, 2.2362 -1.1385 0.3216, 2.2362 -1.1303 0.3208, 2.2362 -1.2487 0.4763, 2.2362 -1.2517 0.4848, 2.2362 -1.231 0.2696, 2.2362 -1.2321 0.2791, 2.2362 -1.1463 0.3242, 2.2362 -1.2321 0.2812, 2.2362 -1.2115 0.3158, 2.2362 -1.1737 0.3363, 2.2362 -1.2312 0.2896, 2.2362 -1.2285 0.2976, 2.2362 -1.2185 0.311, 2.2362 -1.2242 0.3048, 2.2362 -1.2065 0.2422, 2.2362 -1.215 0.2466, 2.2362 -1.2221 0.2529, 2.2362 -1.2276 0.2607, 2.4921 -0.8939 0.2047, 2.4921 -1.1973 0.24, 2.4331 -0.8939 0.2047, 2.4331 -1.1973 0.24, 2.4921 0.4386 0.0866, 2.4921 0.4324 0.0924, 2.4921 0.3435 0.0811, 2.4921 0.4622 0.0787, 2.4921 0.4538 0.0796, 2.4921 0.5188 0.0034, 2.4921 -1.0755 0.4556, 2.4921 -1.0679 0.4605, 2.4921 -1.2134 0.5581, 2.4921 -0.3537 0.5581, 2.4921 -0.3879 0.4633, 2.4921 -0.3453 0.5572, 2.4921 -0.3784 0.4593, 2.4921 -0.3373 0.5546, 2.4921 -0.33 0.5502, 2.4921 0.4458 0.0823, 2.4921 0.5347 0.0, 2.4921 0.7144 0.0, 2.4921 0.7144 0.0394, 2.4921 0.4276 0.0993, 2.4921 0.3769 0.1926, 2.4921 0.3721 0.1995, 2.4921 -1.2294 0.4578, 2.4921 -1.1037 0.4021, 2.4921 -1.0863 0.4412, 2.4921 -1.0593 0.4636, 2.4921 -1.0503 0.4646, 2.4921 -0.3981 0.4646, 2.4921 0.713 0.0496, 2.4921 0.7091 0.0591, 2.4921 0.675 0.0787, 2.4921 -1.2413 0.5466, 2.4921 -1.2475 0.5384, 2.4921 -1.2514 0.5289, 2.4921 -0.3587 0.3602, 2.4921 -0.3597 0.3514, 2.4921 -0.1491 0.2268, 2.4921 -0.3626 0.3431, 2.4921 -0.143 0.221, 2.4921 -0.3673 0.3356, 2.4921 -0.1357 0.2167, 2.4921 -0.3736 0.3294, 2.4921 -0.381 0.3247, 2.4921 0.5266 0.0009, 2.4921 -1.2528 0.5188, 2.4921 -1.2528 0.4938, 2.4921 -1.2517 0.4848, 2.4921 -1.0817 0.449, 2.4921 -1.2236 0.5568, 2.4921 -1.2331 0.5529, 2.4921 -0.3239 0.5445, 2.4921 -0.3703 0.4531, 2.4921 -0.3191 0.5376, 2.4921 -0.364 0.4449, 2.4921 -0.1539 0.2337, 2.4921 -0.3601 0.4354, 2.4921 -0.3587 0.4253, 2.4921 0.7028 0.0672, 2.4921 0.6947 0.0735, 2.4921 0.6852 0.0774, 2.4921 -0.1277 0.214, 2.4921 -0.1193 0.2131, 2.4921 0.3435 0.2047, 2.4921 0.3423 0.2131, 2.4921 -1.2487 0.4763, 2.4921 -1.2437 0.4687, 2.4921 -1.2372 0.4624, 2.4921 0.366 0.2052, 2.4921 0.3587 0.2096, 2.4921 0.3507 0.2122, 2.4921 -0.3894 0.3218, 2.4921 -0.3981 0.3208, 2.4921 -1.1303 0.3208, 2.4921 -1.2312 0.2896, 2.4921 -1.2321 0.2812, 2.4921 -1.1385 0.3216, 2.4921 -1.1463 0.3242, 2.4921 -1.1737 0.3363, 2.4921 -1.2115 0.3158, 2.4921 -1.2185 0.311, 2.4921 -1.2242 0.3048, 2.4921 -1.2285 0.2976, 2.4921 -1.2321 0.2791, 2.4921 -1.231 0.2696, 2.4921 -1.2276 0.2607, 2.4921 -1.2221 0.2529, 2.4921 -1.215 0.2466, 2.4921 -1.2065 0.2422, 2.4331 0.4276 0.0993, 2.4331 0.4324 0.0924, 2.4331 0.3435 0.0811, 2.4331 0.4386 0.0866, 2.4331 0.4458 0.0823, 2.4331 0.5188 0.0034, 2.4331 -0.3191 0.5376, 2.4331 -0.3703 0.4531, 2.4331 -0.3239 0.5445, 2.4331 -0.3784 0.4593, 2.4331 -0.3537 0.5581, 2.4331 -0.3453 0.5572, 2.4331 -0.3373 0.5546, 2.4331 -0.33 0.5502, 2.4331 0.366 0.2052, 2.4331 0.3721 0.1995, 2.4331 0.3769 0.1926, 2.4331 0.7144 0.0394, 2.4331 0.7144 0.0, 2.4331 0.5347 0.0, 2.4331 -0.3736 0.3294, 2.4331 -0.3673 0.3356, 2.4331 -0.1357 0.2167, 2.4331 -0.1539 0.2337, 2.4331 -0.3601 0.4354, 2.4331 -0.364 0.4449, 2.4331 0.4538 0.0796, 2.4331 0.4622 0.0787, 2.4331 0.5266 0.0009, 2.4331 -0.143 0.221, 2.4331 -0.3626 0.3431, 2.4331 -0.3597 0.3514, 2.4331 -0.3879 0.4633, 2.4331 -0.3981 0.4646, 2.4331 -1.2134 0.5581, 2.4331 -1.0503 0.4646, 2.4331 -1.0593 0.4636, 2.4331 0.675 0.0787, 2.4331 0.713 0.0496, 2.4331 0.6947 0.0735, 2.4331 0.7028 0.0672, 2.4331 0.7091 0.0591, 2.4331 -0.3981 0.3208, 2.4331 -0.3894 0.3218, 2.4331 -0.381 0.3247, 2.4331 -1.0863 0.4412, 2.4331 -1.2514 0.5289, 2.4331 -1.2475 0.5384, 2.4331 -0.1491 0.2268, 2.4331 -0.3587 0.3602, 2.4331 -0.3587 0.4253, 2.4331 -1.0679 0.4605, 2.4331 -1.0755 0.4556, 2.4331 -1.2236 0.5568, 2.4331 -1.0817 0.449, 2.4331 -1.2331 0.5529, 2.4331 -1.2413 0.5466, 2.4331 -1.1037 0.4021, 2.4331 -1.2294 0.4578, 2.4331 -1.2528 0.5188, 2.4331 -1.2528 0.4938, 2.4331 0.6852 0.0774, 2.4331 -0.1277 0.214, 2.4331 -0.1193 0.2131, 2.4331 0.3435 0.2047, 2.4331 0.3423 0.2131, 2.4331 0.3507 0.2122, 2.4331 0.3587 0.2096, 2.4331 -1.2372 0.4624, 2.4331 -1.2437 0.4687, 2.4331 -1.1385 0.3216, 2.4331 -1.1303 0.3208, 2.4331 -1.2487 0.4763, 2.4331 -1.2517 0.4848, 2.4331 -1.231 0.2696, 2.4331 -1.2321 0.2791, 2.4331 -1.1463 0.3242, 2.4331 -1.2321 0.2812, 2.4331 -1.2115 0.3158, 2.4331 -1.1737 0.3363, 2.4331 -1.2312 0.2896, 2.4331 -1.2285 0.2976, 2.4331 -1.2185 0.311, 2.4331 -1.2242 0.3048, 2.4331 -1.2065 0.2422, 2.4331 -1.215 0.2466, 2.4331 -1.2221 0.2529, 2.4331 -1.2276 0.2607, 2.689 -0.8939 0.2047, 2.689 -1.1973 0.24, 2.6299 -0.8939 0.2047, 2.6299 -1.1973 0.24, 2.689 0.4386 0.0866, 2.689 0.4324 0.0924, 2.689 0.3435 0.0811, 2.689 0.4622 0.0787, 2.689 0.4538 0.0796, 2.689 0.5188 0.0034, 2.689 -1.0755 0.4556, 2.689 -1.0679 0.4605, 2.689 -1.2134 0.5581, 2.689 -0.3537 0.5581, 2.689 -0.3879 0.4633, 2.689 -0.3453 0.5572, 2.689 -0.3784 0.4593, 2.689 -0.3373 0.5546, 2.689 -0.33 0.5502, 2.689 0.4458 0.0823, 2.689 0.5347 0.0, 2.689 0.7144 0.0, 2.689 0.7144 0.0394, 2.689 0.4276 0.0993, 2.689 0.3769 0.1926, 2.689 0.3721 0.1995, 2.689 -1.2294 0.4578, 2.689 -1.1037 0.4021, 2.689 -1.0863 0.4412, 2.689 -1.0593 0.4636, 2.689 -1.0503 0.4646, 2.689 -0.3981 0.4646, 2.689 0.713 0.0496, 2.689 0.7091 0.0591, 2.689 0.675 0.0787, 2.689 -1.2413 0.5466, 2.689 -1.2475 0.5384, 2.689 -1.2514 0.5289, 2.689 -0.3587 0.3602, 2.689 -0.3597 0.3514, 2.689 -0.1491 0.2268, 2.689 -0.3626 0.3431, 2.689 -0.143 0.221, 2.689 -0.3673 0.3356, 2.689 -0.1357 0.2167, 2.689 -0.3736 0.3294, 2.689 -0.381 0.3247, 2.689 0.5266 0.0009, 2.689 -1.2528 0.5188, 2.689 -1.2528 0.4938, 2.689 -1.2517 0.4848, 2.689 -1.0817 0.449, 2.689 -1.2236 0.5568, 2.689 -1.2331 0.5529, 2.689 -0.3239 0.5445, 2.689 -0.3703 0.4531, 2.689 -0.3191 0.5376, 2.689 -0.364 0.4449, 2.689 -0.1539 0.2337, 2.689 -0.3601 0.4354, 2.689 -0.3587 0.4253, 2.689 0.7028 0.0672, 2.689 0.6947 0.0735, 2.689 0.6852 0.0774, 2.689 -0.1277 0.214, 2.689 -0.1193 0.2131, 2.689 0.3435 0.2047, 2.689 0.3423 0.2131, 2.689 -1.2487 0.4763, 2.689 -1.2437 0.4687, 2.689 -1.2372 0.4624, 2.689 0.366 0.2052, 2.689 0.3587 0.2096, 2.689 0.3507 0.2122, 2.689 -0.3894 0.3218, 2.689 -0.3981 0.3208, 2.689 -1.1303 0.3208, 2.689 -1.2312 0.2896, 2.689 -1.2321 0.2812, 2.689 -1.1385 0.3216, 2.689 -1.1463 0.3242, 2.689 -1.1737 0.3363, 2.689 -1.2115 0.3158, 2.689 -1.2185 0.311, 2.689 -1.2242 0.3048, 2.689 -1.2285 0.2976, 2.689 -1.2321 0.2791, 2.689 -1.231 0.2696, 2.689 -1.2276 0.2607, 2.689 -1.2221 0.2529, 2.689 -1.215 0.2466, 2.689 -1.2065 0.2422, 2.6299 0.4276 0.0993, 2.6299 0.4324 0.0924, 2.6299 0.3435 0.0811, 2.6299 0.4386 0.0866, 2.6299 0.4458 0.0823, 2.6299 0.5188 0.0034, 2.6299 -0.3191 0.5376, 2.6299 -0.3703 0.4531, 2.6299 -0.3239 0.5445, 2.6299 -0.3784 0.4593, 2.6299 -0.3537 0.5581, 2.6299 -0.3453 0.5572, 2.6299 -0.3373 0.5546, 2.6299 -0.33 0.5502, 2.6299 0.366 0.2052, 2.6299 0.3721 0.1995, 2.6299 0.3769 0.1926, 2.6299 0.7144 0.0394, 2.6299 0.7144 0.0, 2.6299 0.5347 0.0, 2.6299 -0.3736 0.3294, 2.6299 -0.3673 0.3356, 2.6299 -0.1357 0.2167, 2.6299 -0.1539 0.2337, 2.6299 -0.3601 0.4354, 2.6299 -0.364 0.4449, 2.6299 0.4538 0.0796, 2.6299 0.4622 0.0787, 2.6299 0.5266 0.0009, 2.6299 -0.143 0.221, 2.6299 -0.3626 0.3431, 2.6299 -0.3597 0.3514, 2.6299 -0.3879 0.4633, 2.6299 -0.3981 0.4646, 2.6299 -1.2134 0.5581, 2.6299 -1.0503 0.4646, 2.6299 -1.0593 0.4636, 2.6299 0.675 0.0787, 2.6299 0.713 0.0496, 2.6299 0.6947 0.0735, 2.6299 0.7028 0.0672, 2.6299 0.7091 0.0591, 2.6299 -0.3981 0.3208, 2.6299 -0.3894 0.3218, 2.6299 -0.381 0.3247, 2.6299 -1.0863 0.4412, 2.6299 -1.2514 0.5289, 2.6299 -1.2475 0.5384, 2.6299 -0.1491 0.2268, 2.6299 -0.3587 0.3602, 2.6299 -0.3587 0.4253, 2.6299 -1.0679 0.4605, 2.6299 -1.0755 0.4556, 2.6299 -1.2236 0.5568, 2.6299 -1.0817 0.449, 2.6299 -1.2331 0.5529, 2.6299 -1.2413 0.5466, 2.6299 -1.1037 0.4021, 2.6299 -1.2294 0.4578, 2.6299 -1.2528 0.5188, 2.6299 -1.2528 0.4938, 2.6299 0.6852 0.0774, 2.6299 -0.1277 0.214, 2.6299 -0.1193 0.2131, 2.6299 0.3435 0.2047, 2.6299 0.3423 0.2131, 2.6299 0.3507 0.2122, 2.6299 0.3587 0.2096, 2.6299 -1.2372 0.4624, 2.6299 -1.2437 0.4687, 2.6299 -1.1385 0.3216, 2.6299 -1.1303 0.3208, 2.6299 -1.2487 0.4763, 2.6299 -1.2517 0.4848, 2.6299 -1.231 0.2696, 2.6299 -1.2321 0.2791, 2.6299 -1.1463 0.3242, 2.6299 -1.2321 0.2812, 2.6299 -1.2115 0.3158, 2.6299 -1.1737 0.3363, 2.6299 -1.2312 0.2896, 2.6299 -1.2285 0.2976, 2.6299 -1.2185 0.311, 2.6299 -1.2242 0.3048, 2.6299 -1.2065 0.2422, 2.6299 -1.215 0.2466, 2.6299 -1.2221 0.2529, 2.6299 -1.2276 0.2607, 2.8858 -0.8939 0.2047, 2.8858 -1.1973 0.24, 2.8268 -0.8939 0.2047, 2.8268 -1.1973 0.24, 2.8858 0.4386 0.0866, 2.8858 0.4324 0.0924, 2.8858 0.3435 0.0811, 2.8858 0.4622 0.0787, 2.8858 0.4538 0.0796, 2.8858 0.5188 0.0034, 2.8858 -1.0755 0.4556, 2.8858 -1.0679 0.4605, 2.8858 -1.2134 0.5581, 2.8858 -0.3537 0.5581, 2.8858 -0.3879 0.4633, 2.8858 -0.3453 0.5572, 2.8858 -0.3784 0.4593, 2.8858 -0.3373 0.5546, 2.8858 -0.33 0.5502, 2.8858 0.4458 0.0823, 2.8858 0.5347 0.0, 2.8858 0.7144 0.0, 2.8858 0.7144 0.0394, 2.8858 0.4276 0.0993, 2.8858 0.3769 0.1926, 2.8858 0.3721 0.1995, 2.8858 -1.2294 0.4578, 2.8858 -1.1037 0.4021, 2.8858 -1.0863 0.4412, 2.8858 -1.0593 0.4636, 2.8858 -1.0503 0.4646, 2.8858 -0.3981 0.4646, 2.8858 0.713 0.0496, 2.8858 0.7091 0.0591, 2.8858 0.675 0.0787, 2.8858 -1.2413 0.5466, 2.8858 -1.2475 0.5384, 2.8858 -1.2514 0.5289, 2.8858 -0.3587 0.3602, 2.8858 -0.3597 0.3514, 2.8858 -0.1491 0.2268, 2.8858 -0.3626 0.3431, 2.8858 -0.143 0.221, 2.8858 -0.3673 0.3356, 2.8858 -0.1357 0.2167, 2.8858 -0.3736 0.3294, 2.8858 -0.381 0.3247, 2.8858 0.5266 0.0009, 2.8858 -1.2528 0.5188, 2.8858 -1.2528 0.4938, 2.8858 -1.2517 0.4848, 2.8858 -1.0817 0.449, 2.8858 -1.2236 0.5568, 2.8858 -1.2331 0.5529, 2.8858 -0.3239 0.5445, 2.8858 -0.3703 0.4531, 2.8858 -0.3191 0.5376, 2.8858 -0.364 0.4449, 2.8858 -0.1539 0.2337, 2.8858 -0.3601 0.4354, 2.8858 -0.3587 0.4253, 2.8858 0.7028 0.0672, 2.8858 0.6947 0.0735, 2.8858 0.6852 0.0774, 2.8858 -0.1277 0.214, 2.8858 -0.1193 0.2131, 2.8858 0.3435 0.2047, 2.8858 0.3423 0.2131, 2.8858 -1.2487 0.4763, 2.8858 -1.2437 0.4687, 2.8858 -1.2372 0.4624, 2.8858 0.366 0.2052, 2.8858 0.3587 0.2096, 2.8858 0.3507 0.2122, 2.8858 -0.3894 0.3218, 2.8858 -0.3981 0.3208, 2.8858 -1.1303 0.3208, 2.8858 -1.2312 0.2896, 2.8858 -1.2321 0.2812, 2.8858 -1.1385 0.3216, 2.8858 -1.1463 0.3242, 2.8858 -1.1737 0.3363, 2.8858 -1.2115 0.3158, 2.8858 -1.2185 0.311, 2.8858 -1.2242 0.3048, 2.8858 -1.2285 0.2976, 2.8858 -1.2321 0.2791, 2.8858 -1.231 0.2696, 2.8858 -1.2276 0.2607, 2.8858 -1.2221 0.2529, 2.8858 -1.215 0.2466, 2.8858 -1.2065 0.2422, 2.8268 0.4276 0.0993, 2.8268 0.4324 0.0924, 2.8268 0.3435 0.0811, 2.8268 0.4386 0.0866, 2.8268 0.4458 0.0823, 2.8268 0.5188 0.0034, 2.8268 -0.3191 0.5376, 2.8268 -0.3703 0.4531, 2.8268 -0.3239 0.5445, 2.8268 -0.3784 0.4593, 2.8268 -0.3537 0.5581, 2.8268 -0.3453 0.5572, 2.8268 -0.3373 0.5546, 2.8268 -0.33 0.5502, 2.8268 0.366 0.2052, 2.8268 0.3721 0.1995, 2.8268 0.3769 0.1926, 2.8268 0.7144 0.0394, 2.8268 0.7144 0.0, 2.8268 0.5347 0.0, 2.8268 -0.3736 0.3294, 2.8268 -0.3673 0.3356, 2.8268 -0.1357 0.2167, 2.8268 -0.1539 0.2337, 2.8268 -0.3601 0.4354, 2.8268 -0.364 0.4449, 2.8268 0.4538 0.0796, 2.8268 0.4622 0.0787, 2.8268 0.5266 0.0009, 2.8268 -0.143 0.221, 2.8268 -0.3626 0.3431, 2.8268 -0.3597 0.3514, 2.8268 -0.3879 0.4633, 2.8268 -0.3981 0.4646, 2.8268 -1.2134 0.5581, 2.8268 -1.0503 0.4646, 2.8268 -1.0593 0.4636, 2.8268 0.675 0.0787, 2.8268 0.713 0.0496, 2.8268 0.6947 0.0735, 2.8268 0.7028 0.0672, 2.8268 0.7091 0.0591, 2.8268 -0.3981 0.3208, 2.8268 -0.3894 0.3218, 2.8268 -0.381 0.3247, 2.8268 -1.0863 0.4412, 2.8268 -1.2514 0.5289, 2.8268 -1.2475 0.5384, 2.8268 -0.1491 0.2268, 2.8268 -0.3587 0.3602, 2.8268 -0.3587 0.4253, 2.8268 -1.0679 0.4605, 2.8268 -1.0755 0.4556, 2.8268 -1.2236 0.5568, 2.8268 -1.0817 0.449, 2.8268 -1.2331 0.5529, 2.8268 -1.2413 0.5466, 2.8268 -1.1037 0.4021, 2.8268 -1.2294 0.4578, 2.8268 -1.2528 0.5188, 2.8268 -1.2528 0.4938, 2.8268 0.6852 0.0774, 2.8268 -0.1277 0.214, 2.8268 -0.1193 0.2131, 2.8268 0.3435 0.2047, 2.8268 0.3423 0.2131, 2.8268 0.3507 0.2122, 2.8268 0.3587 0.2096, 2.8268 -1.2372 0.4624, 2.8268 -1.2437 0.4687, 2.8268 -1.1385 0.3216, 2.8268 -1.1303 0.3208, 2.8268 -1.2487 0.4763, 2.8268 -1.2517 0.4848, 2.8268 -1.231 0.2696, 2.8268 -1.2321 0.2791, 2.8268 -1.1463 0.3242, 2.8268 -1.2321 0.2812, 2.8268 -1.2115 0.3158, 2.8268 -1.1737 0.3363, 2.8268 -1.2312 0.2896, 2.8268 -1.2285 0.2976, 2.8268 -1.2185 0.311, 2.8268 -1.2242 0.3048, 2.8268 -1.2065 0.2422, 2.8268 -1.215 0.2466, 2.8268 -1.2221 0.2529, 2.8268 -1.2276 0.2607, 3.0827 -0.8939 0.2047, 3.0827 -1.1973 0.24, 3.0236 -0.8939 0.2047, 3.0236 -1.1973 0.24, 3.0827 0.4386 0.0866, 3.0827 0.4324 0.0924, 3.0827 0.3435 0.0811, 3.0827 0.4622 0.0787, 3.0827 0.4538 0.0796, 3.0827 0.5188 0.0034, 3.0827 -1.0755 0.4556, 3.0827 -1.0679 0.4605, 3.0827 -1.2134 0.5581, 3.0827 -0.3537 0.5581, 3.0827 -0.3879 0.4633, 3.0827 -0.3453 0.5572, 3.0827 -0.3784 0.4593, 3.0827 -0.3373 0.5546, 3.0827 -0.33 0.5502, 3.0827 0.4458 0.0823, 3.0827 0.5347 0.0, 3.0827 0.7144 0.0, 3.0827 0.7144 0.0394, 3.0827 0.4276 0.0993, 3.0827 0.3769 0.1926, 3.0827 0.3721 0.1995, 3.0827 -1.2294 0.4578, 3.0827 -1.1037 0.4021, 3.0827 -1.0863 0.4412, 3.0827 -1.0593 0.4636, 3.0827 -1.0503 0.4646, 3.0827 -0.3981 0.4646, 3.0827 0.713 0.0496, 3.0827 0.7091 0.0591, 3.0827 0.675 0.0787, 3.0827 -1.2413 0.5466, 3.0827 -1.2475 0.5384, 3.0827 -1.2514 0.5289, 3.0827 -0.3587 0.3602, 3.0827 -0.3597 0.3514, 3.0827 -0.1491 0.2268, 3.0827 -0.3626 0.3431, 3.0827 -0.143 0.221, 3.0827 -0.3673 0.3356, 3.0827 -0.1357 0.2167, 3.0827 -0.3736 0.3294, 3.0827 -0.381 0.3247, 3.0827 0.5266 0.0009, 3.0827 -1.2528 0.5188, 3.0827 -1.2528 0.4938, 3.0827 -1.2517 0.4848, 3.0827 -1.0817 0.449, 3.0827 -1.2236 0.5568, 3.0827 -1.2331 0.5529, 3.0827 -0.3239 0.5445, 3.0827 -0.3703 0.4531, 3.0827 -0.3191 0.5376, 3.0827 -0.364 0.4449, 3.0827 -0.1539 0.2337, 3.0827 -0.3601 0.4354, 3.0827 -0.3587 0.4253, 3.0827 0.7028 0.0672, 3.0827 0.6947 0.0735, 3.0827 0.6852 0.0774, 3.0827 -0.1277 0.214, 3.0827 -0.1193 0.2131, 3.0827 0.3435 0.2047, 3.0827 0.3423 0.2131, 3.0827 -1.2487 0.4763, 3.0827 -1.2437 0.4687, 3.0827 -1.2372 0.4624, 3.0827 0.366 0.2052, 3.0827 0.3587 0.2096, 3.0827 0.3507 0.2122, 3.0827 -0.3894 0.3218, 3.0827 -0.3981 0.3208, 3.0827 -1.1303 0.3208, 3.0827 -1.2312 0.2896, 3.0827 -1.2321 0.2812, 3.0827 -1.1385 0.3216, 3.0827 -1.1463 0.3242, 3.0827 -1.1737 0.3363, 3.0827 -1.2115 0.3158, 3.0827 -1.2185 0.311, 3.0827 -1.2242 0.3048, 3.0827 -1.2285 0.2976, 3.0827 -1.2321 0.2791, 3.0827 -1.231 0.2696, 3.0827 -1.2276 0.2607, 3.0827 -1.2221 0.2529, 3.0827 -1.215 0.2466, 3.0827 -1.2065 0.2422, 3.0236 0.4276 0.0993, 3.0236 0.4324 0.0924, 3.0236 0.3435 0.0811, 3.0236 0.4386 0.0866, 3.0236 0.4458 0.0823, 3.0236 0.5188 0.0034, 3.0236 -0.3191 0.5376, 3.0236 -0.3703 0.4531, 3.0236 -0.3239 0.5445, 3.0236 -0.3784 0.4593, 3.0236 -0.3537 0.5581, 3.0236 -0.3453 0.5572, 3.0236 -0.3373 0.5546, 3.0236 -0.33 0.5502, 3.0236 0.366 0.2052, 3.0236 0.3721 0.1995, 3.0236 0.3769 0.1926, 3.0236 0.7144 0.0394, 3.0236 0.7144 0.0, 3.0236 0.5347 0.0, 3.0236 -0.3736 0.3294, 3.0236 -0.3673 0.3356, 3.0236 -0.1357 0.2167, 3.0236 -0.1539 0.2337, 3.0236 -0.3601 0.4354, 3.0236 -0.364 0.4449, 3.0236 0.4538 0.0796, 3.0236 0.4622 0.0787, 3.0236 0.5266 0.0009, 3.0236 -0.143 0.221, 3.0236 -0.3626 0.3431, 3.0236 -0.3597 0.3514, 3.0236 -0.3879 0.4633, 3.0236 -0.3981 0.4646, 3.0236 -1.2134 0.5581, 3.0236 -1.0503 0.4646, 3.0236 -1.0593 0.4636, 3.0236 0.675 0.0787, 3.0236 0.713 0.0496, 3.0236 0.6947 0.0735, 3.0236 0.7028 0.0672, 3.0236 0.7091 0.0591, 3.0236 -0.3981 0.3208, 3.0236 -0.3894 0.3218, 3.0236 -0.381 0.3247, 3.0236 -1.0863 0.4412, 3.0236 -1.2514 0.5289, 3.0236 -1.2475 0.5384, 3.0236 -0.1491 0.2268, 3.0236 -0.3587 0.3602, 3.0236 -0.3587 0.4253, 3.0236 -1.0679 0.4605, 3.0236 -1.0755 0.4556, 3.0236 -1.2236 0.5568, 3.0236 -1.0817 0.449, 3.0236 -1.2331 0.5529, 3.0236 -1.2413 0.5466, 3.0236 -1.1037 0.4021, 3.0236 -1.2294 0.4578, 3.0236 -1.2528 0.5188, 3.0236 -1.2528 0.4938, 3.0236 0.6852 0.0774, 3.0236 -0.1277 0.214, 3.0236 -0.1193 0.2131, 3.0236 0.3435 0.2047, 3.0236 0.3423 0.2131, 3.0236 0.3507 0.2122, 3.0236 0.3587 0.2096, 3.0236 -1.2372 0.4624, 3.0236 -1.2437 0.4687, 3.0236 -1.1385 0.3216, 3.0236 -1.1303 0.3208, 3.0236 -1.2487 0.4763, 3.0236 -1.2517 0.4848, 3.0236 -1.231 0.2696, 3.0236 -1.2321 0.2791, 3.0236 -1.1463 0.3242, 3.0236 -1.2321 0.2812, 3.0236 -1.2115 0.3158, 3.0236 -1.1737 0.3363, 3.0236 -1.2312 0.2896, 3.0236 -1.2285 0.2976, 3.0236 -1.2185 0.311, 3.0236 -1.2242 0.3048, 3.0236 -1.2065 0.2422, 3.0236 -1.215 0.2466, 3.0236 -1.2221 0.2529, 3.0236 -1.2276 0.2607, -0.0669 -0.8939 0.2047, -0.0669 -1.1973 0.24, -0.126 -0.8939 0.2047, -0.126 -1.1973 0.24, -0.0669 0.4386 0.0866, -0.0669 0.4324 0.0924, -0.0669 0.3435 0.0811, -0.0669 0.4622 0.0787, -0.0669 0.4538 0.0796, -0.0669 0.5188 0.0034, -0.0669 -1.0755 0.4556, -0.0669 -1.0679 0.4605, -0.0669 -1.2134 0.5581, -0.0669 -0.3537 0.5581, -0.0669 -0.3879 0.4633, -0.0669 -0.3453 0.5572, -0.0669 -0.3784 0.4593, -0.0669 -0.3373 0.5546, -0.0669 -0.33 0.5502, -0.0669 0.4458 0.0823, -0.0669 0.5347 0.0, -0.0669 0.7144 0.0, -0.0669 0.7144 0.0394, -0.0669 0.4276 0.0993, -0.0669 0.3769 0.1926, -0.0669 0.3721 0.1995, -0.0669 -1.2294 0.4578, -0.0669 -1.1037 0.4021, -0.0669 -1.0863 0.4412, -0.0669 -1.0593 0.4636, -0.0669 -1.0503 0.4646, -0.0669 -0.3981 0.4646, -0.0669 0.713 0.0496, -0.0669 0.7091 0.0591, -0.0669 0.675 0.0787, -0.0669 -1.2413 0.5466, -0.0669 -1.2475 0.5384, -0.0669 -1.2514 0.5289, -0.0669 -0.3587 0.3602, -0.0669 -0.3597 0.3514, -0.0669 -0.1491 0.2268, -0.0669 -0.3626 0.3431, -0.0669 -0.143 0.221, -0.0669 -0.3673 0.3356, -0.0669 -0.1357 0.2167, -0.0669 -0.3736 0.3294, -0.0669 -0.381 0.3247, -0.0669 0.5266 0.0009, -0.0669 -1.2528 0.5188, -0.0669 -1.2528 0.4938, -0.0669 -1.2517 0.4848, -0.0669 -1.0817 0.449, -0.0669 -1.2236 0.5568, -0.0669 -1.2331 0.5529, -0.0669 -0.3239 0.5445, -0.0669 -0.3703 0.4531, -0.0669 -0.3191 0.5376, -0.0669 -0.364 0.4449, -0.0669 -0.1539 0.2337, -0.0669 -0.3601 0.4354, -0.0669 -0.3587 0.4253, -0.0669 0.7028 0.0672, -0.0669 0.6947 0.0735, -0.0669 0.6852 0.0774, -0.0669 -0.1277 0.214, -0.0669 -0.1193 0.2131, -0.0669 0.3435 0.2047, -0.0669 0.3423 0.2131, -0.0669 -1.2487 0.4763, -0.0669 -1.2437 0.4687, -0.0669 -1.2372 0.4624, -0.0669 0.366 0.2052, -0.0669 0.3587 0.2096, -0.0669 0.3507 0.2122, -0.0669 -0.3894 0.3218, -0.0669 -0.3981 0.3208, -0.0669 -1.1303 0.3208, -0.0669 -1.2312 0.2896, -0.0669 -1.2321 0.2812, -0.0669 -1.1385 0.3216, -0.0669 -1.1463 0.3242, -0.0669 -1.1737 0.3363, -0.0669 -1.2115 0.3158, -0.0669 -1.2185 0.311, -0.0669 -1.2242 0.3048, -0.0669 -1.2285 0.2976, -0.0669 -1.2321 0.2791, -0.0669 -1.231 0.2696, -0.0669 -1.2276 0.2607, -0.0669 -1.2221 0.2529, -0.0669 -1.215 0.2466, -0.0669 -1.2065 0.2422, -0.126 0.4276 0.0993, -0.126 0.4324 0.0924, -0.126 0.3435 0.0811, -0.126 0.4386 0.0866, -0.126 0.4458 0.0823, -0.126 0.5188 0.0034, -0.126 -0.3191 0.5376, -0.126 -0.3703 0.4531, -0.126 -0.3239 0.5445, -0.126 -0.3784 0.4593, -0.126 -0.3537 0.5581, -0.126 -0.3453 0.5572, -0.126 -0.3373 0.5546, -0.126 -0.33 0.5502, -0.126 0.366 0.2052, -0.126 0.3721 0.1995, -0.126 0.3769 0.1926, -0.126 0.7144 0.0394, -0.126 0.7144 0.0, -0.126 0.5347 0.0, -0.126 -0.3736 0.3294, -0.126 -0.3673 0.3356, -0.126 -0.1357 0.2167, -0.126 -0.1539 0.2337, -0.126 -0.3601 0.4354, -0.126 -0.364 0.4449, -0.126 0.4538 0.0796, -0.126 0.4622 0.0787, -0.126 0.5266 0.0009, -0.126 -0.143 0.221, -0.126 -0.3626 0.3431, -0.126 -0.3597 0.3514, -0.126 -0.3879 0.4633, -0.126 -0.3981 0.4646, -0.126 -1.2134 0.5581, -0.126 -1.0503 0.4646, -0.126 -1.0593 0.4636, -0.126 0.675 0.0787, -0.126 0.713 0.0496, -0.126 0.6947 0.0735, -0.126 0.7028 0.0672, -0.126 0.7091 0.0591, -0.126 -0.3981 0.3208, -0.126 -0.3894 0.3218, -0.126 -0.381 0.3247, -0.126 -1.0863 0.4412, -0.126 -1.2514 0.5289, -0.126 -1.2475 0.5384, -0.126 -0.1491 0.2268, -0.126 -0.3587 0.3602, -0.126 -0.3587 0.4253, -0.126 -1.0679 0.4605, -0.126 -1.0755 0.4556, -0.126 -1.2236 0.5568, -0.126 -1.0817 0.449, -0.126 -1.2331 0.5529, -0.126 -1.2413 0.5466, -0.126 -1.1037 0.4021, -0.126 -1.2294 0.4578, -0.126 -1.2528 0.5188, -0.126 -1.2528 0.4938, -0.126 0.6852 0.0774, -0.126 -0.1277 0.214, -0.126 -0.1193 0.2131, -0.126 0.3435 0.2047, -0.126 0.3423 0.2131, -0.126 0.3507 0.2122, -0.126 0.3587 0.2096, -0.126 -1.2372 0.4624, -0.126 -1.2437 0.4687, -0.126 -1.1385 0.3216, -0.126 -1.1303 0.3208, -0.126 -1.2487 0.4763, -0.126 -1.2517 0.4848, -0.126 -1.231 0.2696, -0.126 -1.2321 0.2791, -0.126 -1.1463 0.3242, -0.126 -1.2321 0.2812, -0.126 -1.2115 0.3158, -0.126 -1.1737 0.3363, -0.126 -1.2312 0.2896, -0.126 -1.2285 0.2976, -0.126 -1.2185 0.311, -0.126 -1.2242 0.3048, -0.126 -1.2065 0.2422, -0.126 -1.215 0.2466, -0.126 -1.2221 0.2529, -0.126 -1.2276 0.2607, -0.2638 -0.8939 0.2047, -0.2638 -1.1973 0.24, -0.3228 -0.8939 0.2047, -0.3228 -1.1973 0.24, -0.2638 0.4386 0.0866, -0.2638 0.4324 0.0924, -0.2638 0.3435 0.0811, -0.2638 0.4622 0.0787, -0.2638 0.4538 0.0796, -0.2638 0.5188 0.0034, -0.2638 -1.0755 0.4556, -0.2638 -1.0679 0.4605, -0.2638 -1.2134 0.5581, -0.2638 -0.3537 0.5581, -0.2638 -0.3879 0.4633, -0.2638 -0.3453 0.5572, -0.2638 -0.3784 0.4593, -0.2638 -0.3373 0.5546, -0.2638 -0.33 0.5502, -0.2638 0.4458 0.0823, -0.2638 0.5347 0.0, -0.2638 0.7144 0.0, -0.2638 0.7144 0.0394, -0.2638 0.4276 0.0993, -0.2638 0.3769 0.1926, -0.2638 0.3721 0.1995, -0.2638 -1.2294 0.4578, -0.2638 -1.1037 0.4021, -0.2638 -1.0863 0.4412, -0.2638 -1.0593 0.4636, -0.2638 -1.0503 0.4646, -0.2638 -0.3981 0.4646, -0.2638 0.713 0.0496, -0.2638 0.7091 0.0591, -0.2638 0.675 0.0787, -0.2638 -1.2413 0.5466, -0.2638 -1.2475 0.5384, -0.2638 -1.2514 0.5289, -0.2638 -0.3587 0.3602, -0.2638 -0.3597 0.3514, -0.2638 -0.1491 0.2268, -0.2638 -0.3626 0.3431, -0.2638 -0.143 0.221, -0.2638 -0.3673 0.3356, -0.2638 -0.1357 0.2167, -0.2638 -0.3736 0.3294, -0.2638 -0.381 0.3247, -0.2638 0.5266 0.0009, -0.2638 -1.2528 0.5188, -0.2638 -1.2528 0.4938, -0.2638 -1.2517 0.4848, -0.2638 -1.0817 0.449, -0.2638 -1.2236 0.5568, -0.2638 -1.2331 0.5529, -0.2638 -0.3239 0.5445, -0.2638 -0.3703 0.4531, -0.2638 -0.3191 0.5376, -0.2638 -0.364 0.4449, -0.2638 -0.1539 0.2337, -0.2638 -0.3601 0.4354, -0.2638 -0.3587 0.4253, -0.2638 0.7028 0.0672, -0.2638 0.6947 0.0735, -0.2638 0.6852 0.0774, -0.2638 -0.1277 0.214, -0.2638 -0.1193 0.2131, -0.2638 0.3435 0.2047, -0.2638 0.3423 0.2131, -0.2638 -1.2487 0.4763, -0.2638 -1.2437 0.4687, -0.2638 -1.2372 0.4624, -0.2638 0.366 0.2052, -0.2638 0.3587 0.2096, -0.2638 0.3507 0.2122, -0.2638 -0.3894 0.3218, -0.2638 -0.3981 0.3208, -0.2638 -1.1303 0.3208, -0.2638 -1.2312 0.2896, -0.2638 -1.2321 0.2812, -0.2638 -1.1385 0.3216, -0.2638 -1.1463 0.3242, -0.2638 -1.1737 0.3363, -0.2638 -1.2115 0.3158, -0.2638 -1.2185 0.311, -0.2638 -1.2242 0.3048, -0.2638 -1.2285 0.2976, -0.2638 -1.2321 0.2791, -0.2638 -1.231 0.2696, -0.2638 -1.2276 0.2607, -0.2638 -1.2221 0.2529, -0.2638 -1.215 0.2466, -0.2638 -1.2065 0.2422, -0.3228 0.4276 0.0993, -0.3228 0.4324 0.0924, -0.3228 0.3435 0.0811, -0.3228 0.4386 0.0866, -0.3228 0.4458 0.0823, -0.3228 0.5188 0.0034, -0.3228 -0.3191 0.5376, -0.3228 -0.3703 0.4531, -0.3228 -0.3239 0.5445, -0.3228 -0.3784 0.4593, -0.3228 -0.3537 0.5581, -0.3228 -0.3453 0.5572, -0.3228 -0.3373 0.5546, -0.3228 -0.33 0.5502, -0.3228 0.366 0.2052, -0.3228 0.3721 0.1995, -0.3228 0.3769 0.1926, -0.3228 0.7144 0.0394, -0.3228 0.7144 0.0, -0.3228 0.5347 0.0, -0.3228 -0.3736 0.3294, -0.3228 -0.3673 0.3356, -0.3228 -0.1357 0.2167, -0.3228 -0.1539 0.2337, -0.3228 -0.3601 0.4354, -0.3228 -0.364 0.4449, -0.3228 0.4538 0.0796, -0.3228 0.4622 0.0787, -0.3228 0.5266 0.0009, -0.3228 -0.143 0.221, -0.3228 -0.3626 0.3431, -0.3228 -0.3597 0.3514, -0.3228 -0.3879 0.4633, -0.3228 -0.3981 0.4646, -0.3228 -1.2134 0.5581, -0.3228 -1.0503 0.4646, -0.3228 -1.0593 0.4636, -0.3228 0.675 0.0787, -0.3228 0.713 0.0496, -0.3228 0.6947 0.0735, -0.3228 0.7028 0.0672, -0.3228 0.7091 0.0591, -0.3228 -0.3981 0.3208, -0.3228 -0.3894 0.3218, -0.3228 -0.381 0.3247, -0.3228 -1.0863 0.4412, -0.3228 -1.2514 0.5289, -0.3228 -1.2475 0.5384, -0.3228 -0.1491 0.2268, -0.3228 -0.3587 0.3602, -0.3228 -0.3587 0.4253, -0.3228 -1.0679 0.4605, -0.3228 -1.0755 0.4556, -0.3228 -1.2236 0.5568, -0.3228 -1.0817 0.449, -0.3228 -1.2331 0.5529, -0.3228 -1.2413 0.5466, -0.3228 -1.1037 0.4021, -0.3228 -1.2294 0.4578, -0.3228 -1.2528 0.5188, -0.3228 -1.2528 0.4938, -0.3228 0.6852 0.0774, -0.3228 -0.1277 0.214, -0.3228 -0.1193 0.2131, -0.3228 0.3435 0.2047, -0.3228 0.3423 0.2131, -0.3228 0.3507 0.2122, -0.3228 0.3587 0.2096, -0.3228 -1.2372 0.4624, -0.3228 -1.2437 0.4687, -0.3228 -1.1385 0.3216, -0.3228 -1.1303 0.3208, -0.3228 -1.2487 0.4763, -0.3228 -1.2517 0.4848, -0.3228 -1.231 0.2696, -0.3228 -1.2321 0.2791, -0.3228 -1.1463 0.3242, -0.3228 -1.2321 0.2812, -0.3228 -1.2115 0.3158, -0.3228 -1.1737 0.3363, -0.3228 -1.2312 0.2896, -0.3228 -1.2285 0.2976, -0.3228 -1.2185 0.311, -0.3228 -1.2242 0.3048, -0.3228 -1.2065 0.2422, -0.3228 -1.215 0.2466, -0.3228 -1.2221 0.2529, -0.3228 -1.2276 0.2607, -0.4606 -0.8939 0.2047, -0.4606 -1.1973 0.24, -0.5197 -0.8939 0.2047, -0.5197 -1.1973 0.24, -0.4606 0.4386 0.0866, -0.4606 0.4324 0.0924, -0.4606 0.3435 0.0811, -0.4606 0.4622 0.0787, -0.4606 0.4538 0.0796, -0.4606 0.5188 0.0034, -0.4606 -1.0755 0.4556, -0.4606 -1.0679 0.4605, -0.4606 -1.2134 0.5581, -0.4606 -0.3537 0.5581, -0.4606 -0.3879 0.4633, -0.4606 -0.3453 0.5572, -0.4606 -0.3784 0.4593, -0.4606 -0.3373 0.5546, -0.4606 -0.33 0.5502, -0.4606 0.4458 0.0823, -0.4606 0.5347 0.0, -0.4606 0.7144 0.0, -0.4606 0.7144 0.0394, -0.4606 0.4276 0.0993, -0.4606 0.3769 0.1926, -0.4606 0.3721 0.1995, -0.4606 -1.2294 0.4578, -0.4606 -1.1037 0.4021, -0.4606 -1.0863 0.4412, -0.4606 -1.0593 0.4636, -0.4606 -1.0503 0.4646, -0.4606 -0.3981 0.4646, -0.4606 0.713 0.0496, -0.4606 0.7091 0.0591, -0.4606 0.675 0.0787, -0.4606 -1.2413 0.5466, -0.4606 -1.2475 0.5384, -0.4606 -1.2514 0.5289, -0.4606 -0.3587 0.3602, -0.4606 -0.3597 0.3514, -0.4606 -0.1491 0.2268, -0.4606 -0.3626 0.3431, -0.4606 -0.143 0.221, -0.4606 -0.3673 0.3356, -0.4606 -0.1357 0.2167, -0.4606 -0.3736 0.3294, -0.4606 -0.381 0.3247, -0.4606 0.5266 0.0009, -0.4606 -1.2528 0.5188, -0.4606 -1.2528 0.4938, -0.4606 -1.2517 0.4848, -0.4606 -1.0817 0.449, -0.4606 -1.2236 0.5568, -0.4606 -1.2331 0.5529, -0.4606 -0.3239 0.5445, -0.4606 -0.3703 0.4531, -0.4606 -0.3191 0.5376, -0.4606 -0.364 0.4449, -0.4606 -0.1539 0.2337, -0.4606 -0.3601 0.4354, -0.4606 -0.3587 0.4253, -0.4606 0.7028 0.0672, -0.4606 0.6947 0.0735, -0.4606 0.6852 0.0774, -0.4606 -0.1277 0.214, -0.4606 -0.1193 0.2131, -0.4606 0.3435 0.2047, -0.4606 0.3423 0.2131, -0.4606 -1.2487 0.4763, -0.4606 -1.2437 0.4687, -0.4606 -1.2372 0.4624, -0.4606 0.366 0.2052, -0.4606 0.3587 0.2096, -0.4606 0.3507 0.2122, -0.4606 -0.3894 0.3218, -0.4606 -0.3981 0.3208, -0.4606 -1.1303 0.3208, -0.4606 -1.2312 0.2896, -0.4606 -1.2321 0.2812, -0.4606 -1.1385 0.3216, -0.4606 -1.1463 0.3242, -0.4606 -1.1737 0.3363, -0.4606 -1.2115 0.3158, -0.4606 -1.2185 0.311, -0.4606 -1.2242 0.3048, -0.4606 -1.2285 0.2976, -0.4606 -1.2321 0.2791, -0.4606 -1.231 0.2696, -0.4606 -1.2276 0.2607, -0.4606 -1.2221 0.2529, -0.4606 -1.215 0.2466, -0.4606 -1.2065 0.2422, -0.5197 0.4276 0.0993, -0.5197 0.4324 0.0924, -0.5197 0.3435 0.0811, -0.5197 0.4386 0.0866, -0.5197 0.4458 0.0823, -0.5197 0.5188 0.0034, -0.5197 -0.3191 0.5376, -0.5197 -0.3703 0.4531, -0.5197 -0.3239 0.5445, -0.5197 -0.3784 0.4593, -0.5197 -0.3537 0.5581, -0.5197 -0.3453 0.5572, -0.5197 -0.3373 0.5546, -0.5197 -0.33 0.5502, -0.5197 0.366 0.2052, -0.5197 0.3721 0.1995, -0.5197 0.3769 0.1926, -0.5197 0.7144 0.0394, -0.5197 0.7144 0.0, -0.5197 0.5347 0.0, -0.5197 -0.3736 0.3294, -0.5197 -0.3673 0.3356, -0.5197 -0.1357 0.2167, -0.5197 -0.1539 0.2337, -0.5197 -0.3601 0.4354, -0.5197 -0.364 0.4449, -0.5197 0.4538 0.0796, -0.5197 0.4622 0.0787, -0.5197 0.5266 0.0009, -0.5197 -0.143 0.221, -0.5197 -0.3626 0.3431, -0.5197 -0.3597 0.3514, -0.5197 -0.3879 0.4633, -0.5197 -0.3981 0.4646, -0.5197 -1.2134 0.5581, -0.5197 -1.0503 0.4646, -0.5197 -1.0593 0.4636, -0.5197 0.675 0.0787, -0.5197 0.713 0.0496, -0.5197 0.6947 0.0735, -0.5197 0.7028 0.0672, -0.5197 0.7091 0.0591, -0.5197 -0.3981 0.3208, -0.5197 -0.3894 0.3218, -0.5197 -0.381 0.3247, -0.5197 -1.0863 0.4412, -0.5197 -1.2514 0.5289, -0.5197 -1.2475 0.5384, -0.5197 -0.1491 0.2268, -0.5197 -0.3587 0.3602, -0.5197 -0.3587 0.4253, -0.5197 -1.0679 0.4605, -0.5197 -1.0755 0.4556, -0.5197 -1.2236 0.5568, -0.5197 -1.0817 0.449, -0.5197 -1.2331 0.5529, -0.5197 -1.2413 0.5466, -0.5197 -1.1037 0.4021, -0.5197 -1.2294 0.4578, -0.5197 -1.2528 0.5188, -0.5197 -1.2528 0.4938, -0.5197 0.6852 0.0774, -0.5197 -0.1277 0.214, -0.5197 -0.1193 0.2131, -0.5197 0.3435 0.2047, -0.5197 0.3423 0.2131, -0.5197 0.3507 0.2122, -0.5197 0.3587 0.2096, -0.5197 -1.2372 0.4624, -0.5197 -1.2437 0.4687, -0.5197 -1.1385 0.3216, -0.5197 -1.1303 0.3208, -0.5197 -1.2487 0.4763, -0.5197 -1.2517 0.4848, -0.5197 -1.231 0.2696, -0.5197 -1.2321 0.2791, -0.5197 -1.1463 0.3242, -0.5197 -1.2321 0.2812, -0.5197 -1.2115 0.3158, -0.5197 -1.1737 0.3363, -0.5197 -1.2312 0.2896, -0.5197 -1.2285 0.2976, -0.5197 -1.2185 0.311, -0.5197 -1.2242 0.3048, -0.5197 -1.2065 0.2422, -0.5197 -1.215 0.2466, -0.5197 -1.2221 0.2529, -0.5197 -1.2276 0.2607, -0.6575 -0.8939 0.2047, -0.6575 -1.1973 0.24, -0.7165 -0.8939 0.2047, -0.7165 -1.1973 0.24, -0.6575 0.4386 0.0866, -0.6575 0.4324 0.0924, -0.6575 0.3435 0.0811, -0.6575 0.4622 0.0787, -0.6575 0.4538 0.0796, -0.6575 0.5188 0.0034, -0.6575 -1.0755 0.4556, -0.6575 -1.0679 0.4605, -0.6575 -1.2134 0.5581, -0.6575 -0.3537 0.5581, -0.6575 -0.3879 0.4633, -0.6575 -0.3453 0.5572, -0.6575 -0.3784 0.4593, -0.6575 -0.3373 0.5546, -0.6575 -0.33 0.5502, -0.6575 0.4458 0.0823, -0.6575 0.5347 0.0, -0.6575 0.7144 0.0, -0.6575 0.7144 0.0394, -0.6575 0.4276 0.0993, -0.6575 0.3769 0.1926, -0.6575 0.3721 0.1995, -0.6575 -1.2294 0.4578, -0.6575 -1.1037 0.4021, -0.6575 -1.0863 0.4412, -0.6575 -1.0593 0.4636, -0.6575 -1.0503 0.4646, -0.6575 -0.3981 0.4646, -0.6575 0.713 0.0496, -0.6575 0.7091 0.0591, -0.6575 0.675 0.0787, -0.6575 -1.2413 0.5466, -0.6575 -1.2475 0.5384, -0.6575 -1.2514 0.5289, -0.6575 -0.3587 0.3602, -0.6575 -0.3597 0.3514, -0.6575 -0.1491 0.2268, -0.6575 -0.3626 0.3431, -0.6575 -0.143 0.221, -0.6575 -0.3673 0.3356, -0.6575 -0.1357 0.2167, -0.6575 -0.3736 0.3294, -0.6575 -0.381 0.3247, -0.6575 0.5266 0.0009, -0.6575 -1.2528 0.5188, -0.6575 -1.2528 0.4938, -0.6575 -1.2517 0.4848, -0.6575 -1.0817 0.449, -0.6575 -1.2236 0.5568, -0.6575 -1.2331 0.5529, -0.6575 -0.3239 0.5445, -0.6575 -0.3703 0.4531, -0.6575 -0.3191 0.5376, -0.6575 -0.364 0.4449, -0.6575 -0.1539 0.2337, -0.6575 -0.3601 0.4354, -0.6575 -0.3587 0.4253, -0.6575 0.7028 0.0672, -0.6575 0.6947 0.0735, -0.6575 0.6852 0.0774, -0.6575 -0.1277 0.214, -0.6575 -0.1193 0.2131, -0.6575 0.3435 0.2047, -0.6575 0.3423 0.2131, -0.6575 -1.2487 0.4763, -0.6575 -1.2437 0.4687, -0.6575 -1.2372 0.4624, -0.6575 0.366 0.2052, -0.6575 0.3587 0.2096, -0.6575 0.3507 0.2122, -0.6575 -0.3894 0.3218, -0.6575 -0.3981 0.3208, -0.6575 -1.1303 0.3208, -0.6575 -1.2312 0.2896, -0.6575 -1.2321 0.2812, -0.6575 -1.1385 0.3216, -0.6575 -1.1463 0.3242, -0.6575 -1.1737 0.3363, -0.6575 -1.2115 0.3158, -0.6575 -1.2185 0.311, -0.6575 -1.2242 0.3048, -0.6575 -1.2285 0.2976, -0.6575 -1.2321 0.2791, -0.6575 -1.231 0.2696, -0.6575 -1.2276 0.2607, -0.6575 -1.2221 0.2529, -0.6575 -1.215 0.2466, -0.6575 -1.2065 0.2422, -0.7165 0.4276 0.0993, -0.7165 0.4324 0.0924, -0.7165 0.3435 0.0811, -0.7165 0.4386 0.0866, -0.7165 0.4458 0.0823, -0.7165 0.5188 0.0034, -0.7165 -0.3191 0.5376, -0.7165 -0.3703 0.4531, -0.7165 -0.3239 0.5445, -0.7165 -0.3784 0.4593, -0.7165 -0.3537 0.5581, -0.7165 -0.3453 0.5572, -0.7165 -0.3373 0.5546, -0.7165 -0.33 0.5502, -0.7165 0.366 0.2052, -0.7165 0.3721 0.1995, -0.7165 0.3769 0.1926, -0.7165 0.7144 0.0394, -0.7165 0.7144 0.0, -0.7165 0.5347 0.0, -0.7165 -0.3736 0.3294, -0.7165 -0.3673 0.3356, -0.7165 -0.1357 0.2167, -0.7165 -0.1539 0.2337, -0.7165 -0.3601 0.4354, -0.7165 -0.364 0.4449, -0.7165 0.4538 0.0796, -0.7165 0.4622 0.0787, -0.7165 0.5266 0.0009, -0.7165 -0.143 0.221, -0.7165 -0.3626 0.3431, -0.7165 -0.3597 0.3514, -0.7165 -0.3879 0.4633, -0.7165 -0.3981 0.4646, -0.7165 -1.2134 0.5581, -0.7165 -1.0503 0.4646, -0.7165 -1.0593 0.4636, -0.7165 0.675 0.0787, -0.7165 0.713 0.0496, -0.7165 0.6947 0.0735, -0.7165 0.7028 0.0672, -0.7165 0.7091 0.0591, -0.7165 -0.3981 0.3208, -0.7165 -0.3894 0.3218, -0.7165 -0.381 0.3247, -0.7165 -1.0863 0.4412, -0.7165 -1.2514 0.5289, -0.7165 -1.2475 0.5384, -0.7165 -0.1491 0.2268, -0.7165 -0.3587 0.3602, -0.7165 -0.3587 0.4253, -0.7165 -1.0679 0.4605, -0.7165 -1.0755 0.4556, -0.7165 -1.2236 0.5568, -0.7165 -1.0817 0.449, -0.7165 -1.2331 0.5529, -0.7165 -1.2413 0.5466, -0.7165 -1.1037 0.4021, -0.7165 -1.2294 0.4578, -0.7165 -1.2528 0.5188, -0.7165 -1.2528 0.4938, -0.7165 0.6852 0.0774, -0.7165 -0.1277 0.214, -0.7165 -0.1193 0.2131, -0.7165 0.3435 0.2047, -0.7165 0.3423 0.2131, -0.7165 0.3507 0.2122, -0.7165 0.3587 0.2096, -0.7165 -1.2372 0.4624, -0.7165 -1.2437 0.4687, -0.7165 -1.1385 0.3216, -0.7165 -1.1303 0.3208, -0.7165 -1.2487 0.4763, -0.7165 -1.2517 0.4848, -0.7165 -1.231 0.2696, -0.7165 -1.2321 0.2791, -0.7165 -1.1463 0.3242, -0.7165 -1.2321 0.2812, -0.7165 -1.2115 0.3158, -0.7165 -1.1737 0.3363, -0.7165 -1.2312 0.2896, -0.7165 -1.2285 0.2976, -0.7165 -1.2185 0.311, -0.7165 -1.2242 0.3048, -0.7165 -1.2065 0.2422, -0.7165 -1.215 0.2466, -0.7165 -1.2221 0.2529, -0.7165 -1.2276 0.2607, -0.8543 -0.8939 0.2047, -0.8543 -1.1973 0.24, -0.9134 -0.8939 0.2047, -0.9134 -1.1973 0.24, -0.8543 0.4386 0.0866, -0.8543 0.4324 0.0924, -0.8543 0.3435 0.0811, -0.8543 0.4622 0.0787, -0.8543 0.4538 0.0796, -0.8543 0.5188 0.0034, -0.8543 -1.0755 0.4556, -0.8543 -1.0679 0.4605, -0.8543 -1.2134 0.5581, -0.8543 -0.3537 0.5581, -0.8543 -0.3879 0.4633, -0.8543 -0.3453 0.5572, -0.8543 -0.3784 0.4593, -0.8543 -0.3373 0.5546, -0.8543 -0.33 0.5502, -0.8543 0.4458 0.0823, -0.8543 0.5347 0.0, -0.8543 0.7144 0.0, -0.8543 0.7144 0.0394, -0.8543 0.4276 0.0993, -0.8543 0.3769 0.1926, -0.8543 0.3721 0.1995, -0.8543 -1.2294 0.4578, -0.8543 -1.1037 0.4021, -0.8543 -1.0863 0.4412, -0.8543 -1.0593 0.4636, -0.8543 -1.0503 0.4646, -0.8543 -0.3981 0.4646, -0.8543 0.713 0.0496, -0.8543 0.7091 0.0591, -0.8543 0.675 0.0787, -0.8543 -1.2413 0.5466, -0.8543 -1.2475 0.5384, -0.8543 -1.2514 0.5289, -0.8543 -0.3587 0.3602, -0.8543 -0.3597 0.3514, -0.8543 -0.1491 0.2268, -0.8543 -0.3626 0.3431, -0.8543 -0.143 0.221, -0.8543 -0.3673 0.3356, -0.8543 -0.1357 0.2167, -0.8543 -0.3736 0.3294, -0.8543 -0.381 0.3247, -0.8543 0.5266 0.0009, -0.8543 -1.2528 0.5188, -0.8543 -1.2528 0.4938, -0.8543 -1.2517 0.4848, -0.8543 -1.0817 0.449, -0.8543 -1.2236 0.5568, -0.8543 -1.2331 0.5529, -0.8543 -0.3239 0.5445, -0.8543 -0.3703 0.4531, -0.8543 -0.3191 0.5376, -0.8543 -0.364 0.4449, -0.8543 -0.1539 0.2337, -0.8543 -0.3601 0.4354, -0.8543 -0.3587 0.4253, -0.8543 0.7028 0.0672, -0.8543 0.6947 0.0735, -0.8543 0.6852 0.0774, -0.8543 -0.1277 0.214, -0.8543 -0.1193 0.2131, -0.8543 0.3435 0.2047, -0.8543 0.3423 0.2131, -0.8543 -1.2487 0.4763, -0.8543 -1.2437 0.4687, -0.8543 -1.2372 0.4624, -0.8543 0.366 0.2052, -0.8543 0.3587 0.2096, -0.8543 0.3507 0.2122, -0.8543 -0.3894 0.3218, -0.8543 -0.3981 0.3208, -0.8543 -1.1303 0.3208, -0.8543 -1.2312 0.2896, -0.8543 -1.2321 0.2812, -0.8543 -1.1385 0.3216, -0.8543 -1.1463 0.3242, -0.8543 -1.1737 0.3363, -0.8543 -1.2115 0.3158, -0.8543 -1.2185 0.311, -0.8543 -1.2242 0.3048, -0.8543 -1.2285 0.2976, -0.8543 -1.2321 0.2791, -0.8543 -1.231 0.2696, -0.8543 -1.2276 0.2607, -0.8543 -1.2221 0.2529, -0.8543 -1.215 0.2466, -0.8543 -1.2065 0.2422, -0.9134 0.4276 0.0993, -0.9134 0.4324 0.0924, -0.9134 0.3435 0.0811, -0.9134 0.4386 0.0866, -0.9134 0.4458 0.0823, -0.9134 0.5188 0.0034, -0.9134 -0.3191 0.5376, -0.9134 -0.3703 0.4531, -0.9134 -0.3239 0.5445, -0.9134 -0.3784 0.4593, -0.9134 -0.3537 0.5581, -0.9134 -0.3453 0.5572, -0.9134 -0.3373 0.5546, -0.9134 -0.33 0.5502, -0.9134 0.366 0.2052, -0.9134 0.3721 0.1995, -0.9134 0.3769 0.1926, -0.9134 0.7144 0.0394, -0.9134 0.7144 0.0, -0.9134 0.5347 0.0, -0.9134 -0.3736 0.3294, -0.9134 -0.3673 0.3356, -0.9134 -0.1357 0.2167, -0.9134 -0.1539 0.2337, -0.9134 -0.3601 0.4354, -0.9134 -0.364 0.4449, -0.9134 0.4538 0.0796, -0.9134 0.4622 0.0787, -0.9134 0.5266 0.0009, -0.9134 -0.143 0.221, -0.9134 -0.3626 0.3431, -0.9134 -0.3597 0.3514, -0.9134 -0.3879 0.4633, -0.9134 -0.3981 0.4646, -0.9134 -1.2134 0.5581, -0.9134 -1.0503 0.4646, -0.9134 -1.0593 0.4636, -0.9134 0.675 0.0787, -0.9134 0.713 0.0496, -0.9134 0.6947 0.0735, -0.9134 0.7028 0.0672, -0.9134 0.7091 0.0591, -0.9134 -0.3981 0.3208, -0.9134 -0.3894 0.3218, -0.9134 -0.381 0.3247, -0.9134 -1.0863 0.4412, -0.9134 -1.2514 0.5289, -0.9134 -1.2475 0.5384, -0.9134 -0.1491 0.2268, -0.9134 -0.3587 0.3602, -0.9134 -0.3587 0.4253, -0.9134 -1.0679 0.4605, -0.9134 -1.0755 0.4556, -0.9134 -1.2236 0.5568, -0.9134 -1.0817 0.449, -0.9134 -1.2331 0.5529, -0.9134 -1.2413 0.5466, -0.9134 -1.1037 0.4021, -0.9134 -1.2294 0.4578, -0.9134 -1.2528 0.5188, -0.9134 -1.2528 0.4938, -0.9134 0.6852 0.0774, -0.9134 -0.1277 0.214, -0.9134 -0.1193 0.2131, -0.9134 0.3435 0.2047, -0.9134 0.3423 0.2131, -0.9134 0.3507 0.2122, -0.9134 0.3587 0.2096, -0.9134 -1.2372 0.4624, -0.9134 -1.2437 0.4687, -0.9134 -1.1385 0.3216, -0.9134 -1.1303 0.3208, -0.9134 -1.2487 0.4763, -0.9134 -1.2517 0.4848, -0.9134 -1.231 0.2696, -0.9134 -1.2321 0.2791, -0.9134 -1.1463 0.3242, -0.9134 -1.2321 0.2812, -0.9134 -1.2115 0.3158, -0.9134 -1.1737 0.3363, -0.9134 -1.2312 0.2896, -0.9134 -1.2285 0.2976, -0.9134 -1.2185 0.311, -0.9134 -1.2242 0.3048, -0.9134 -1.2065 0.2422, -0.9134 -1.215 0.2466, -0.9134 -1.2221 0.2529, -0.9134 -1.2276 0.2607, -1.0512 -0.8939 0.2047, -1.0512 -1.1973 0.24, -1.1102 -0.8939 0.2047, -1.1102 -1.1973 0.24, -1.0512 0.4386 0.0866, -1.0512 0.4324 0.0924, -1.0512 0.3435 0.0811, -1.0512 0.4622 0.0787, -1.0512 0.4538 0.0796, -1.0512 0.5188 0.0034, -1.0512 -1.0755 0.4556, -1.0512 -1.0679 0.4605, -1.0512 -1.2134 0.5581, -1.0512 -0.3537 0.5581, -1.0512 -0.3879 0.4633, -1.0512 -0.3453 0.5572, -1.0512 -0.3784 0.4593, -1.0512 -0.3373 0.5546, -1.0512 -0.33 0.5502, -1.0512 0.4458 0.0823, -1.0512 0.5347 0.0, -1.0512 0.7144 0.0, -1.0512 0.7144 0.0394, -1.0512 0.4276 0.0993, -1.0512 0.3769 0.1926, -1.0512 0.3721 0.1995, -1.0512 -1.2294 0.4578, -1.0512 -1.1037 0.4021, -1.0512 -1.0863 0.4412, -1.0512 -1.0593 0.4636, -1.0512 -1.0503 0.4646, -1.0512 -0.3981 0.4646, -1.0512 0.713 0.0496, -1.0512 0.7091 0.0591, -1.0512 0.675 0.0787, -1.0512 -1.2413 0.5466, -1.0512 -1.2475 0.5384, -1.0512 -1.2514 0.5289, -1.0512 -0.3587 0.3602, -1.0512 -0.3597 0.3514, -1.0512 -0.1491 0.2268, -1.0512 -0.3626 0.3431, -1.0512 -0.143 0.221, -1.0512 -0.3673 0.3356, -1.0512 -0.1357 0.2167, -1.0512 -0.3736 0.3294, -1.0512 -0.381 0.3247, -1.0512 0.5266 0.0009, -1.0512 -1.2528 0.5188, -1.0512 -1.2528 0.4938, -1.0512 -1.2517 0.4848, -1.0512 -1.0817 0.449, -1.0512 -1.2236 0.5568, -1.0512 -1.2331 0.5529, -1.0512 -0.3239 0.5445, -1.0512 -0.3703 0.4531, -1.0512 -0.3191 0.5376, -1.0512 -0.364 0.4449, -1.0512 -0.1539 0.2337, -1.0512 -0.3601 0.4354, -1.0512 -0.3587 0.4253, -1.0512 0.7028 0.0672, -1.0512 0.6947 0.0735, -1.0512 0.6852 0.0774, -1.0512 -0.1277 0.214, -1.0512 -0.1193 0.2131, -1.0512 0.3435 0.2047, -1.0512 0.3423 0.2131, -1.0512 -1.2487 0.4763, -1.0512 -1.2437 0.4687, -1.0512 -1.2372 0.4624, -1.0512 0.366 0.2052, -1.0512 0.3587 0.2096, -1.0512 0.3507 0.2122, -1.0512 -0.3894 0.3218, -1.0512 -0.3981 0.3208, -1.0512 -1.1303 0.3208, -1.0512 -1.2312 0.2896, -1.0512 -1.2321 0.2812, -1.0512 -1.1385 0.3216, -1.0512 -1.1463 0.3242, -1.0512 -1.1737 0.3363, -1.0512 -1.2115 0.3158, -1.0512 -1.2185 0.311, -1.0512 -1.2242 0.3048, -1.0512 -1.2285 0.2976, -1.0512 -1.2321 0.2791, -1.0512 -1.231 0.2696, -1.0512 -1.2276 0.2607, -1.0512 -1.2221 0.2529, -1.0512 -1.215 0.2466, -1.0512 -1.2065 0.2422, -1.1102 0.4276 0.0993, -1.1102 0.4324 0.0924, -1.1102 0.3435 0.0811, -1.1102 0.4386 0.0866, -1.1102 0.4458 0.0823, -1.1102 0.5188 0.0034, -1.1102 -0.3191 0.5376, -1.1102 -0.3703 0.4531, -1.1102 -0.3239 0.5445, -1.1102 -0.3784 0.4593, -1.1102 -0.3537 0.5581, -1.1102 -0.3453 0.5572, -1.1102 -0.3373 0.5546, -1.1102 -0.33 0.5502, -1.1102 0.366 0.2052, -1.1102 0.3721 0.1995, -1.1102 0.3769 0.1926, -1.1102 0.7144 0.0394, -1.1102 0.7144 0.0, -1.1102 0.5347 0.0, -1.1102 -0.3736 0.3294, -1.1102 -0.3673 0.3356, -1.1102 -0.1357 0.2167, -1.1102 -0.1539 0.2337, -1.1102 -0.3601 0.4354, -1.1102 -0.364 0.4449, -1.1102 0.4538 0.0796, -1.1102 0.4622 0.0787, -1.1102 0.5266 0.0009, -1.1102 -0.143 0.221, -1.1102 -0.3626 0.3431, -1.1102 -0.3597 0.3514, -1.1102 -0.3879 0.4633, -1.1102 -0.3981 0.4646, -1.1102 -1.2134 0.5581, -1.1102 -1.0503 0.4646, -1.1102 -1.0593 0.4636, -1.1102 0.675 0.0787, -1.1102 0.713 0.0496, -1.1102 0.6947 0.0735, -1.1102 0.7028 0.0672, -1.1102 0.7091 0.0591, -1.1102 -0.3981 0.3208, -1.1102 -0.3894 0.3218, -1.1102 -0.381 0.3247, -1.1102 -1.0863 0.4412, -1.1102 -1.2514 0.5289, -1.1102 -1.2475 0.5384, -1.1102 -0.1491 0.2268, -1.1102 -0.3587 0.3602, -1.1102 -0.3587 0.4253, -1.1102 -1.0679 0.4605, -1.1102 -1.0755 0.4556, -1.1102 -1.2236 0.5568, -1.1102 -1.0817 0.449, -1.1102 -1.2331 0.5529, -1.1102 -1.2413 0.5466, -1.1102 -1.1037 0.4021, -1.1102 -1.2294 0.4578, -1.1102 -1.2528 0.5188, -1.1102 -1.2528 0.4938, -1.1102 0.6852 0.0774, -1.1102 -0.1277 0.214, -1.1102 -0.1193 0.2131, -1.1102 0.3435 0.2047, -1.1102 0.3423 0.2131, -1.1102 0.3507 0.2122, -1.1102 0.3587 0.2096, -1.1102 -1.2372 0.4624, -1.1102 -1.2437 0.4687, -1.1102 -1.1385 0.3216, -1.1102 -1.1303 0.3208, -1.1102 -1.2487 0.4763, -1.1102 -1.2517 0.4848, -1.1102 -1.231 0.2696, -1.1102 -1.2321 0.2791, -1.1102 -1.1463 0.3242, -1.1102 -1.2321 0.2812, -1.1102 -1.2115 0.3158, -1.1102 -1.1737 0.3363, -1.1102 -1.2312 0.2896, -1.1102 -1.2285 0.2976, -1.1102 -1.2185 0.311, -1.1102 -1.2242 0.3048, -1.1102 -1.2065 0.2422, -1.1102 -1.215 0.2466, -1.1102 -1.2221 0.2529, -1.1102 -1.2276 0.2607, -1.248 -0.8939 0.2047, -1.248 -1.1973 0.24, -1.3071 -0.8939 0.2047, -1.3071 -1.1973 0.24, -1.248 0.4386 0.0866, -1.248 0.4324 0.0924, -1.248 0.3435 0.0811, -1.248 0.4622 0.0787, -1.248 0.4538 0.0796, -1.248 0.5188 0.0034, -1.248 -1.0755 0.4556, -1.248 -1.0679 0.4605, -1.248 -1.2134 0.5581, -1.248 -0.3537 0.5581, -1.248 -0.3879 0.4633, -1.248 -0.3453 0.5572, -1.248 -0.3784 0.4593, -1.248 -0.3373 0.5546, -1.248 -0.33 0.5502, -1.248 0.4458 0.0823, -1.248 0.5347 0.0, -1.248 0.7144 0.0, -1.248 0.7144 0.0394, -1.248 0.4276 0.0993, -1.248 0.3769 0.1926, -1.248 0.3721 0.1995, -1.248 -1.2294 0.4578, -1.248 -1.1037 0.4021, -1.248 -1.0863 0.4412, -1.248 -1.0593 0.4636, -1.248 -1.0503 0.4646, -1.248 -0.3981 0.4646, -1.248 0.713 0.0496, -1.248 0.7091 0.0591, -1.248 0.675 0.0787, -1.248 -1.2413 0.5466, -1.248 -1.2475 0.5384, -1.248 -1.2514 0.5289, -1.248 -0.3587 0.3602, -1.248 -0.3597 0.3514, -1.248 -0.1491 0.2268, -1.248 -0.3626 0.3431, -1.248 -0.143 0.221, -1.248 -0.3673 0.3356, -1.248 -0.1357 0.2167, -1.248 -0.3736 0.3294, -1.248 -0.381 0.3247, -1.248 0.5266 0.0009, -1.248 -1.2528 0.5188, -1.248 -1.2528 0.4938, -1.248 -1.2517 0.4848, -1.248 -1.0817 0.449, -1.248 -1.2236 0.5568, -1.248 -1.2331 0.5529, -1.248 -0.3239 0.5445, -1.248 -0.3703 0.4531, -1.248 -0.3191 0.5376, -1.248 -0.364 0.4449, -1.248 -0.1539 0.2337, -1.248 -0.3601 0.4354, -1.248 -0.3587 0.4253, -1.248 0.7028 0.0672, -1.248 0.6947 0.0735, -1.248 0.6852 0.0774, -1.248 -0.1277 0.214, -1.248 -0.1193 0.2131, -1.248 0.3435 0.2047, -1.248 0.3423 0.2131, -1.248 -1.2487 0.4763, -1.248 -1.2437 0.4687, -1.248 -1.2372 0.4624, -1.248 0.366 0.2052, -1.248 0.3587 0.2096, -1.248 0.3507 0.2122, -1.248 -0.3894 0.3218, -1.248 -0.3981 0.3208, -1.248 -1.1303 0.3208, -1.248 -1.2312 0.2896, -1.248 -1.2321 0.2812, -1.248 -1.1385 0.3216, -1.248 -1.1463 0.3242, -1.248 -1.1737 0.3363, -1.248 -1.2115 0.3158, -1.248 -1.2185 0.311, -1.248 -1.2242 0.3048, -1.248 -1.2285 0.2976, -1.248 -1.2321 0.2791, -1.248 -1.231 0.2696, -1.248 -1.2276 0.2607, -1.248 -1.2221 0.2529, -1.248 -1.215 0.2466, -1.248 -1.2065 0.2422, -1.3071 0.4276 0.0993, -1.3071 0.4324 0.0924, -1.3071 0.3435 0.0811, -1.3071 0.4386 0.0866, -1.3071 0.4458 0.0823, -1.3071 0.5188 0.0034, -1.3071 -0.3191 0.5376, -1.3071 -0.3703 0.4531, -1.3071 -0.3239 0.5445, -1.3071 -0.3784 0.4593, -1.3071 -0.3537 0.5581, -1.3071 -0.3453 0.5572, -1.3071 -0.3373 0.5546, -1.3071 -0.33 0.5502, -1.3071 0.366 0.2052, -1.3071 0.3721 0.1995, -1.3071 0.3769 0.1926, -1.3071 0.7144 0.0394, -1.3071 0.7144 0.0, -1.3071 0.5347 0.0, -1.3071 -0.3736 0.3294, -1.3071 -0.3673 0.3356, -1.3071 -0.1357 0.2167, -1.3071 -0.1539 0.2337, -1.3071 -0.3601 0.4354, -1.3071 -0.364 0.4449, -1.3071 0.4538 0.0796, -1.3071 0.4622 0.0787, -1.3071 0.5266 0.0009, -1.3071 -0.143 0.221, -1.3071 -0.3626 0.3431, -1.3071 -0.3597 0.3514, -1.3071 -0.3879 0.4633, -1.3071 -0.3981 0.4646, -1.3071 -1.2134 0.5581, -1.3071 -1.0503 0.4646, -1.3071 -1.0593 0.4636, -1.3071 0.675 0.0787, -1.3071 0.713 0.0496, -1.3071 0.6947 0.0735, -1.3071 0.7028 0.0672, -1.3071 0.7091 0.0591, -1.3071 -0.3981 0.3208, -1.3071 -0.3894 0.3218, -1.3071 -0.381 0.3247, -1.3071 -1.0863 0.4412, -1.3071 -1.2514 0.5289, -1.3071 -1.2475 0.5384, -1.3071 -0.1491 0.2268, -1.3071 -0.3587 0.3602, -1.3071 -0.3587 0.4253, -1.3071 -1.0679 0.4605, -1.3071 -1.0755 0.4556, -1.3071 -1.2236 0.5568, -1.3071 -1.0817 0.449, -1.3071 -1.2331 0.5529, -1.3071 -1.2413 0.5466, -1.3071 -1.1037 0.4021, -1.3071 -1.2294 0.4578, -1.3071 -1.2528 0.5188, -1.3071 -1.2528 0.4938, -1.3071 0.6852 0.0774, -1.3071 -0.1277 0.214, -1.3071 -0.1193 0.2131, -1.3071 0.3435 0.2047, -1.3071 0.3423 0.2131, -1.3071 0.3507 0.2122, -1.3071 0.3587 0.2096, -1.3071 -1.2372 0.4624, -1.3071 -1.2437 0.4687, -1.3071 -1.1385 0.3216, -1.3071 -1.1303 0.3208, -1.3071 -1.2487 0.4763, -1.3071 -1.2517 0.4848, -1.3071 -1.231 0.2696, -1.3071 -1.2321 0.2791, -1.3071 -1.1463 0.3242, -1.3071 -1.2321 0.2812, -1.3071 -1.2115 0.3158, -1.3071 -1.1737 0.3363, -1.3071 -1.2312 0.2896, -1.3071 -1.2285 0.2976, -1.3071 -1.2185 0.311, -1.3071 -1.2242 0.3048, -1.3071 -1.2065 0.2422, -1.3071 -1.215 0.2466, -1.3071 -1.2221 0.2529, -1.3071 -1.2276 0.2607, -1.4449 -0.8939 0.2047, -1.4449 -1.1973 0.24, -1.5039 -0.8939 0.2047, -1.5039 -1.1973 0.24, -1.4449 0.4386 0.0866, -1.4449 0.4324 0.0924, -1.4449 0.3435 0.0811, -1.4449 0.4622 0.0787, -1.4449 0.4538 0.0796, -1.4449 0.5188 0.0034, -1.4449 -1.0755 0.4556, -1.4449 -1.0679 0.4605, -1.4449 -1.2134 0.5581, -1.4449 -0.3537 0.5581, -1.4449 -0.3879 0.4633, -1.4449 -0.3453 0.5572, -1.4449 -0.3784 0.4593, -1.4449 -0.3373 0.5546, -1.4449 -0.33 0.5502, -1.4449 0.4458 0.0823, -1.4449 0.5347 0.0, -1.4449 0.7144 0.0, -1.4449 0.7144 0.0394, -1.4449 0.4276 0.0993, -1.4449 0.3769 0.1926, -1.4449 0.3721 0.1995, -1.4449 -1.2294 0.4578, -1.4449 -1.1037 0.4021, -1.4449 -1.0863 0.4412, -1.4449 -1.0593 0.4636, -1.4449 -1.0503 0.4646, -1.4449 -0.3981 0.4646, -1.4449 0.713 0.0496, -1.4449 0.7091 0.0591, -1.4449 0.675 0.0787, -1.4449 -1.2413 0.5466, -1.4449 -1.2475 0.5384, -1.4449 -1.2514 0.5289, -1.4449 -0.3587 0.3602, -1.4449 -0.3597 0.3514, -1.4449 -0.1491 0.2268, -1.4449 -0.3626 0.3431, -1.4449 -0.143 0.221, -1.4449 -0.3673 0.3356, -1.4449 -0.1357 0.2167, -1.4449 -0.3736 0.3294, -1.4449 -0.381 0.3247, -1.4449 0.5266 0.0009, -1.4449 -1.2528 0.5188, -1.4449 -1.2528 0.4938, -1.4449 -1.2517 0.4848, -1.4449 -1.0817 0.449, -1.4449 -1.2236 0.5568, -1.4449 -1.2331 0.5529, -1.4449 -0.3239 0.5445, -1.4449 -0.3703 0.4531, -1.4449 -0.3191 0.5376, -1.4449 -0.364 0.4449, -1.4449 -0.1539 0.2337, -1.4449 -0.3601 0.4354, -1.4449 -0.3587 0.4253, -1.4449 0.7028 0.0672, -1.4449 0.6947 0.0735, -1.4449 0.6852 0.0774, -1.4449 -0.1277 0.214, -1.4449 -0.1193 0.2131, -1.4449 0.3435 0.2047, -1.4449 0.3423 0.2131, -1.4449 -1.2487 0.4763, -1.4449 -1.2437 0.4687, -1.4449 -1.2372 0.4624, -1.4449 0.366 0.2052, -1.4449 0.3587 0.2096, -1.4449 0.3507 0.2122, -1.4449 -0.3894 0.3218, -1.4449 -0.3981 0.3208, -1.4449 -1.1303 0.3208, -1.4449 -1.2312 0.2896, -1.4449 -1.2321 0.2812, -1.4449 -1.1385 0.3216, -1.4449 -1.1463 0.3242, -1.4449 -1.1737 0.3363, -1.4449 -1.2115 0.3158, -1.4449 -1.2185 0.311, -1.4449 -1.2242 0.3048, -1.4449 -1.2285 0.2976, -1.4449 -1.2321 0.2791, -1.4449 -1.231 0.2696, -1.4449 -1.2276 0.2607, -1.4449 -1.2221 0.2529, -1.4449 -1.215 0.2466, -1.4449 -1.2065 0.2422, -1.5039 0.4276 0.0993, -1.5039 0.4324 0.0924, -1.5039 0.3435 0.0811, -1.5039 0.4386 0.0866, -1.5039 0.4458 0.0823, -1.5039 0.5188 0.0034, -1.5039 -0.3191 0.5376, -1.5039 -0.3703 0.4531, -1.5039 -0.3239 0.5445, -1.5039 -0.3784 0.4593, -1.5039 -0.3537 0.5581, -1.5039 -0.3453 0.5572, -1.5039 -0.3373 0.5546, -1.5039 -0.33 0.5502, -1.5039 0.366 0.2052, -1.5039 0.3721 0.1995, -1.5039 0.3769 0.1926, -1.5039 0.7144 0.0394, -1.5039 0.7144 0.0, -1.5039 0.5347 0.0, -1.5039 -0.3736 0.3294, -1.5039 -0.3673 0.3356, -1.5039 -0.1357 0.2167, -1.5039 -0.1539 0.2337, -1.5039 -0.3601 0.4354, -1.5039 -0.364 0.4449, -1.5039 0.4538 0.0796, -1.5039 0.4622 0.0787, -1.5039 0.5266 0.0009, -1.5039 -0.143 0.221, -1.5039 -0.3626 0.3431, -1.5039 -0.3597 0.3514, -1.5039 -0.3879 0.4633, -1.5039 -0.3981 0.4646, -1.5039 -1.2134 0.5581, -1.5039 -1.0503 0.4646, -1.5039 -1.0593 0.4636, -1.5039 0.675 0.0787, -1.5039 0.713 0.0496, -1.5039 0.6947 0.0735, -1.5039 0.7028 0.0672, -1.5039 0.7091 0.0591, -1.5039 -0.3981 0.3208, -1.5039 -0.3894 0.3218, -1.5039 -0.381 0.3247, -1.5039 -1.0863 0.4412, -1.5039 -1.2514 0.5289, -1.5039 -1.2475 0.5384, -1.5039 -0.1491 0.2268, -1.5039 -0.3587 0.3602, -1.5039 -0.3587 0.4253, -1.5039 -1.0679 0.4605, -1.5039 -1.0755 0.4556, -1.5039 -1.2236 0.5568, -1.5039 -1.0817 0.449, -1.5039 -1.2331 0.5529, -1.5039 -1.2413 0.5466, -1.5039 -1.1037 0.4021, -1.5039 -1.2294 0.4578, -1.5039 -1.2528 0.5188, -1.5039 -1.2528 0.4938, -1.5039 0.6852 0.0774, -1.5039 -0.1277 0.214, -1.5039 -0.1193 0.2131, -1.5039 0.3435 0.2047, -1.5039 0.3423 0.2131, -1.5039 0.3507 0.2122, -1.5039 0.3587 0.2096, -1.5039 -1.2372 0.4624, -1.5039 -1.2437 0.4687, -1.5039 -1.1385 0.3216, -1.5039 -1.1303 0.3208, -1.5039 -1.2487 0.4763, -1.5039 -1.2517 0.4848, -1.5039 -1.231 0.2696, -1.5039 -1.2321 0.2791, -1.5039 -1.1463 0.3242, -1.5039 -1.2321 0.2812, -1.5039 -1.2115 0.3158, -1.5039 -1.1737 0.3363, -1.5039 -1.2312 0.2896, -1.5039 -1.2285 0.2976, -1.5039 -1.2185 0.311, -1.5039 -1.2242 0.3048, -1.5039 -1.2065 0.2422, -1.5039 -1.215 0.2466, -1.5039 -1.2221 0.2529, -1.5039 -1.2276 0.2607, -1.6417 -0.8939 0.2047, -1.6417 -1.1973 0.24, -1.7008 -0.8939 0.2047, -1.7008 -1.1973 0.24, -1.6417 0.4386 0.0866, -1.6417 0.4324 0.0924, -1.6417 0.3435 0.0811, -1.6417 0.4622 0.0787, -1.6417 0.4538 0.0796, -1.6417 0.5188 0.0034, -1.6417 -1.0755 0.4556, -1.6417 -1.0679 0.4605, -1.6417 -1.2134 0.5581, -1.6417 -0.3537 0.5581, -1.6417 -0.3879 0.4633, -1.6417 -0.3453 0.5572, -1.6417 -0.3784 0.4593, -1.6417 -0.3373 0.5546, -1.6417 -0.33 0.5502, -1.6417 0.4458 0.0823, -1.6417 0.5347 0.0, -1.6417 0.7144 0.0, -1.6417 0.7144 0.0394, -1.6417 0.4276 0.0993, -1.6417 0.3769 0.1926, -1.6417 0.3721 0.1995, -1.6417 -1.2294 0.4578, -1.6417 -1.1037 0.4021, -1.6417 -1.0863 0.4412, -1.6417 -1.0593 0.4636, -1.6417 -1.0503 0.4646, -1.6417 -0.3981 0.4646, -1.6417 0.713 0.0496, -1.6417 0.7091 0.0591, -1.6417 0.675 0.0787, -1.6417 -1.2413 0.5466, -1.6417 -1.2475 0.5384, -1.6417 -1.2514 0.5289, -1.6417 -0.3587 0.3602, -1.6417 -0.3597 0.3514, -1.6417 -0.1491 0.2268, -1.6417 -0.3626 0.3431, -1.6417 -0.143 0.221, -1.6417 -0.3673 0.3356, -1.6417 -0.1357 0.2167, -1.6417 -0.3736 0.3294, -1.6417 -0.381 0.3247, -1.6417 0.5266 0.0009, -1.6417 -1.2528 0.5188, -1.6417 -1.2528 0.4938, -1.6417 -1.2517 0.4848, -1.6417 -1.0817 0.449, -1.6417 -1.2236 0.5568, -1.6417 -1.2331 0.5529, -1.6417 -0.3239 0.5445, -1.6417 -0.3703 0.4531, -1.6417 -0.3191 0.5376, -1.6417 -0.364 0.4449, -1.6417 -0.1539 0.2337, -1.6417 -0.3601 0.4354, -1.6417 -0.3587 0.4253, -1.6417 0.7028 0.0672, -1.6417 0.6947 0.0735, -1.6417 0.6852 0.0774, -1.6417 -0.1277 0.214, -1.6417 -0.1193 0.2131, -1.6417 0.3435 0.2047, -1.6417 0.3423 0.2131, -1.6417 -1.2487 0.4763, -1.6417 -1.2437 0.4687, -1.6417 -1.2372 0.4624, -1.6417 0.366 0.2052, -1.6417 0.3587 0.2096, -1.6417 0.3507 0.2122, -1.6417 -0.3894 0.3218, -1.6417 -0.3981 0.3208, -1.6417 -1.1303 0.3208, -1.6417 -1.2312 0.2896, -1.6417 -1.2321 0.2812, -1.6417 -1.1385 0.3216, -1.6417 -1.1463 0.3242, -1.6417 -1.1737 0.3363, -1.6417 -1.2115 0.3158, -1.6417 -1.2185 0.311, -1.6417 -1.2242 0.3048, -1.6417 -1.2285 0.2976, -1.6417 -1.2321 0.2791, -1.6417 -1.231 0.2696, -1.6417 -1.2276 0.2607, -1.6417 -1.2221 0.2529, -1.6417 -1.215 0.2466, -1.6417 -1.2065 0.2422, -1.7008 0.4276 0.0993, -1.7008 0.4324 0.0924, -1.7008 0.3435 0.0811, -1.7008 0.4386 0.0866, -1.7008 0.4458 0.0823, -1.7008 0.5188 0.0034, -1.7008 -0.3191 0.5376, -1.7008 -0.3703 0.4531, -1.7008 -0.3239 0.5445, -1.7008 -0.3784 0.4593, -1.7008 -0.3537 0.5581, -1.7008 -0.3453 0.5572, -1.7008 -0.3373 0.5546, -1.7008 -0.33 0.5502, -1.7008 0.366 0.2052, -1.7008 0.3721 0.1995, -1.7008 0.3769 0.1926, -1.7008 0.7144 0.0394, -1.7008 0.7144 0.0, -1.7008 0.5347 0.0, -1.7008 -0.3736 0.3294, -1.7008 -0.3673 0.3356, -1.7008 -0.1357 0.2167, -1.7008 -0.1539 0.2337, -1.7008 -0.3601 0.4354, -1.7008 -0.364 0.4449, -1.7008 0.4538 0.0796, -1.7008 0.4622 0.0787, -1.7008 0.5266 0.0009, -1.7008 -0.143 0.221, -1.7008 -0.3626 0.3431, -1.7008 -0.3597 0.3514, -1.7008 -0.3879 0.4633, -1.7008 -0.3981 0.4646, -1.7008 -1.2134 0.5581, -1.7008 -1.0503 0.4646, -1.7008 -1.0593 0.4636, -1.7008 0.675 0.0787, -1.7008 0.713 0.0496, -1.7008 0.6947 0.0735, -1.7008 0.7028 0.0672, -1.7008 0.7091 0.0591, -1.7008 -0.3981 0.3208, -1.7008 -0.3894 0.3218, -1.7008 -0.381 0.3247, -1.7008 -1.0863 0.4412, -1.7008 -1.2514 0.5289, -1.7008 -1.2475 0.5384, -1.7008 -0.1491 0.2268, -1.7008 -0.3587 0.3602, -1.7008 -0.3587 0.4253, -1.7008 -1.0679 0.4605, -1.7008 -1.0755 0.4556, -1.7008 -1.2236 0.5568, -1.7008 -1.0817 0.449, -1.7008 -1.2331 0.5529, -1.7008 -1.2413 0.5466, -1.7008 -1.1037 0.4021, -1.7008 -1.2294 0.4578, -1.7008 -1.2528 0.5188, -1.7008 -1.2528 0.4938, -1.7008 0.6852 0.0774, -1.7008 -0.1277 0.214, -1.7008 -0.1193 0.2131, -1.7008 0.3435 0.2047, -1.7008 0.3423 0.2131, -1.7008 0.3507 0.2122, -1.7008 0.3587 0.2096, -1.7008 -1.2372 0.4624, -1.7008 -1.2437 0.4687, -1.7008 -1.1385 0.3216, -1.7008 -1.1303 0.3208, -1.7008 -1.2487 0.4763, -1.7008 -1.2517 0.4848, -1.7008 -1.231 0.2696, -1.7008 -1.2321 0.2791, -1.7008 -1.1463 0.3242, -1.7008 -1.2321 0.2812, -1.7008 -1.2115 0.3158, -1.7008 -1.1737 0.3363, -1.7008 -1.2312 0.2896, -1.7008 -1.2285 0.2976, -1.7008 -1.2185 0.311, -1.7008 -1.2242 0.3048, -1.7008 -1.2065 0.2422, -1.7008 -1.215 0.2466, -1.7008 -1.2221 0.2529, -1.7008 -1.2276 0.2607, -1.8386 -0.8939 0.2047, -1.8386 -1.1973 0.24, -1.8976 -0.8939 0.2047, -1.8976 -1.1973 0.24, -1.8386 0.4386 0.0866, -1.8386 0.4324 0.0924, -1.8386 0.3435 0.0811, -1.8386 0.4622 0.0787, -1.8386 0.4538 0.0796, -1.8386 0.5188 0.0034, -1.8386 -1.0755 0.4556, -1.8386 -1.0679 0.4605, -1.8386 -1.2134 0.5581, -1.8386 -0.3537 0.5581, -1.8386 -0.3879 0.4633, -1.8386 -0.3453 0.5572, -1.8386 -0.3784 0.4593, -1.8386 -0.3373 0.5546, -1.8386 -0.33 0.5502, -1.8386 0.4458 0.0823, -1.8386 0.5347 0.0, -1.8386 0.7144 0.0, -1.8386 0.7144 0.0394, -1.8386 0.4276 0.0993, -1.8386 0.3769 0.1926, -1.8386 0.3721 0.1995, -1.8386 -1.2294 0.4578, -1.8386 -1.1037 0.4021, -1.8386 -1.0863 0.4412, -1.8386 -1.0593 0.4636, -1.8386 -1.0503 0.4646, -1.8386 -0.3981 0.4646, -1.8386 0.713 0.0496, -1.8386 0.7091 0.0591, -1.8386 0.675 0.0787, -1.8386 -1.2413 0.5466, -1.8386 -1.2475 0.5384, -1.8386 -1.2514 0.5289, -1.8386 -0.3587 0.3602, -1.8386 -0.3597 0.3514, -1.8386 -0.1491 0.2268, -1.8386 -0.3626 0.3431, -1.8386 -0.143 0.221, -1.8386 -0.3673 0.3356, -1.8386 -0.1357 0.2167, -1.8386 -0.3736 0.3294, -1.8386 -0.381 0.3247, -1.8386 0.5266 0.0009, -1.8386 -1.2528 0.5188, -1.8386 -1.2528 0.4938, -1.8386 -1.2517 0.4848, -1.8386 -1.0817 0.449, -1.8386 -1.2236 0.5568, -1.8386 -1.2331 0.5529, -1.8386 -0.3239 0.5445, -1.8386 -0.3703 0.4531, -1.8386 -0.3191 0.5376, -1.8386 -0.364 0.4449, -1.8386 -0.1539 0.2337, -1.8386 -0.3601 0.4354, -1.8386 -0.3587 0.4253, -1.8386 0.7028 0.0672, -1.8386 0.6947 0.0735, -1.8386 0.6852 0.0774, -1.8386 -0.1277 0.214, -1.8386 -0.1193 0.2131, -1.8386 0.3435 0.2047, -1.8386 0.3423 0.2131, -1.8386 -1.2487 0.4763, -1.8386 -1.2437 0.4687, -1.8386 -1.2372 0.4624, -1.8386 0.366 0.2052, -1.8386 0.3587 0.2096, -1.8386 0.3507 0.2122, -1.8386 -0.3894 0.3218, -1.8386 -0.3981 0.3208, -1.8386 -1.1303 0.3208, -1.8386 -1.2312 0.2896, -1.8386 -1.2321 0.2812, -1.8386 -1.1385 0.3216, -1.8386 -1.1463 0.3242, -1.8386 -1.1737 0.3363, -1.8386 -1.2115 0.3158, -1.8386 -1.2185 0.311, -1.8386 -1.2242 0.3048, -1.8386 -1.2285 0.2976, -1.8386 -1.2321 0.2791, -1.8386 -1.231 0.2696, -1.8386 -1.2276 0.2607, -1.8386 -1.2221 0.2529, -1.8386 -1.215 0.2466, -1.8386 -1.2065 0.2422, -1.8976 0.4276 0.0993, -1.8976 0.4324 0.0924, -1.8976 0.3435 0.0811, -1.8976 0.4386 0.0866, -1.8976 0.4458 0.0823, -1.8976 0.5188 0.0034, -1.8976 -0.3191 0.5376, -1.8976 -0.3703 0.4531, -1.8976 -0.3239 0.5445, -1.8976 -0.3784 0.4593, -1.8976 -0.3537 0.5581, -1.8976 -0.3453 0.5572, -1.8976 -0.3373 0.5546, -1.8976 -0.33 0.5502, -1.8976 0.366 0.2052, -1.8976 0.3721 0.1995, -1.8976 0.3769 0.1926, -1.8976 0.7144 0.0394, -1.8976 0.7144 0.0, -1.8976 0.5347 0.0, -1.8976 -0.3736 0.3294, -1.8976 -0.3673 0.3356, -1.8976 -0.1357 0.2167, -1.8976 -0.1539 0.2337, -1.8976 -0.3601 0.4354, -1.8976 -0.364 0.4449, -1.8976 0.4538 0.0796, -1.8976 0.4622 0.0787, -1.8976 0.5266 0.0009, -1.8976 -0.143 0.221, -1.8976 -0.3626 0.3431, -1.8976 -0.3597 0.3514, -1.8976 -0.3879 0.4633, -1.8976 -0.3981 0.4646, -1.8976 -1.2134 0.5581, -1.8976 -1.0503 0.4646, -1.8976 -1.0593 0.4636, -1.8976 0.675 0.0787, -1.8976 0.713 0.0496, -1.8976 0.6947 0.0735, -1.8976 0.7028 0.0672, -1.8976 0.7091 0.0591, -1.8976 -0.3981 0.3208, -1.8976 -0.3894 0.3218, -1.8976 -0.381 0.3247, -1.8976 -1.0863 0.4412, -1.8976 -1.2514 0.5289, -1.8976 -1.2475 0.5384, -1.8976 -0.1491 0.2268, -1.8976 -0.3587 0.3602, -1.8976 -0.3587 0.4253, -1.8976 -1.0679 0.4605, -1.8976 -1.0755 0.4556, -1.8976 -1.2236 0.5568, -1.8976 -1.0817 0.449, -1.8976 -1.2331 0.5529, -1.8976 -1.2413 0.5466, -1.8976 -1.1037 0.4021, -1.8976 -1.2294 0.4578, -1.8976 -1.2528 0.5188, -1.8976 -1.2528 0.4938, -1.8976 0.6852 0.0774, -1.8976 -0.1277 0.214, -1.8976 -0.1193 0.2131, -1.8976 0.3435 0.2047, -1.8976 0.3423 0.2131, -1.8976 0.3507 0.2122, -1.8976 0.3587 0.2096, -1.8976 -1.2372 0.4624, -1.8976 -1.2437 0.4687, -1.8976 -1.1385 0.3216, -1.8976 -1.1303 0.3208, -1.8976 -1.2487 0.4763, -1.8976 -1.2517 0.4848, -1.8976 -1.231 0.2696, -1.8976 -1.2321 0.2791, -1.8976 -1.1463 0.3242, -1.8976 -1.2321 0.2812, -1.8976 -1.2115 0.3158, -1.8976 -1.1737 0.3363, -1.8976 -1.2312 0.2896, -1.8976 -1.2285 0.2976, -1.8976 -1.2185 0.311, -1.8976 -1.2242 0.3048, -1.8976 -1.2065 0.2422, -1.8976 -1.215 0.2466, -1.8976 -1.2221 0.2529, -1.8976 -1.2276 0.2607, -2.0354 -0.8939 0.2047, -2.0354 -1.1973 0.24, -2.0945 -0.8939 0.2047, -2.0945 -1.1973 0.24, -2.0354 0.4386 0.0866, -2.0354 0.4324 0.0924, -2.0354 0.3435 0.0811, -2.0354 0.4622 0.0787, -2.0354 0.4538 0.0796, -2.0354 0.5188 0.0034, -2.0354 -1.0755 0.4556, -2.0354 -1.0679 0.4605, -2.0354 -1.2134 0.5581, -2.0354 -0.3537 0.5581, -2.0354 -0.3879 0.4633, -2.0354 -0.3453 0.5572, -2.0354 -0.3784 0.4593, -2.0354 -0.3373 0.5546, -2.0354 -0.33 0.5502, -2.0354 0.4458 0.0823, -2.0354 0.5347 0.0, -2.0354 0.7144 0.0, -2.0354 0.7144 0.0394, -2.0354 0.4276 0.0993, -2.0354 0.3769 0.1926, -2.0354 0.3721 0.1995, -2.0354 -1.2294 0.4578, -2.0354 -1.1037 0.4021, -2.0354 -1.0863 0.4412, -2.0354 -1.0593 0.4636, -2.0354 -1.0503 0.4646, -2.0354 -0.3981 0.4646, -2.0354 0.713 0.0496, -2.0354 0.7091 0.0591, -2.0354 0.675 0.0787, -2.0354 -1.2413 0.5466, -2.0354 -1.2475 0.5384, -2.0354 -1.2514 0.5289, -2.0354 -0.3587 0.3602, -2.0354 -0.3597 0.3514, -2.0354 -0.1491 0.2268, -2.0354 -0.3626 0.3431, -2.0354 -0.143 0.221, -2.0354 -0.3673 0.3356, -2.0354 -0.1357 0.2167, -2.0354 -0.3736 0.3294, -2.0354 -0.381 0.3247, -2.0354 0.5266 0.0009, -2.0354 -1.2528 0.5188, -2.0354 -1.2528 0.4938, -2.0354 -1.2517 0.4848, -2.0354 -1.0817 0.449, -2.0354 -1.2236 0.5568, -2.0354 -1.2331 0.5529, -2.0354 -0.3239 0.5445, -2.0354 -0.3703 0.4531, -2.0354 -0.3191 0.5376, -2.0354 -0.364 0.4449, -2.0354 -0.1539 0.2337, -2.0354 -0.3601 0.4354, -2.0354 -0.3587 0.4253, -2.0354 0.7028 0.0672, -2.0354 0.6947 0.0735, -2.0354 0.6852 0.0774, -2.0354 -0.1277 0.214, -2.0354 -0.1193 0.2131, -2.0354 0.3435 0.2047, -2.0354 0.3423 0.2131, -2.0354 -1.2487 0.4763, -2.0354 -1.2437 0.4687, -2.0354 -1.2372 0.4624, -2.0354 0.366 0.2052, -2.0354 0.3587 0.2096, -2.0354 0.3507 0.2122, -2.0354 -0.3894 0.3218, -2.0354 -0.3981 0.3208, -2.0354 -1.1303 0.3208, -2.0354 -1.2312 0.2896, -2.0354 -1.2321 0.2812, -2.0354 -1.1385 0.3216, -2.0354 -1.1463 0.3242, -2.0354 -1.1737 0.3363, -2.0354 -1.2115 0.3158, -2.0354 -1.2185 0.311, -2.0354 -1.2242 0.3048, -2.0354 -1.2285 0.2976, -2.0354 -1.2321 0.2791, -2.0354 -1.231 0.2696, -2.0354 -1.2276 0.2607, -2.0354 -1.2221 0.2529, -2.0354 -1.215 0.2466, -2.0354 -1.2065 0.2422, -2.0945 0.4276 0.0993, -2.0945 0.4324 0.0924, -2.0945 0.3435 0.0811, -2.0945 0.4386 0.0866, -2.0945 0.4458 0.0823, -2.0945 0.5188 0.0034, -2.0945 -0.3191 0.5376, -2.0945 -0.3703 0.4531, -2.0945 -0.3239 0.5445, -2.0945 -0.3784 0.4593, -2.0945 -0.3537 0.5581, -2.0945 -0.3453 0.5572, -2.0945 -0.3373 0.5546, -2.0945 -0.33 0.5502, -2.0945 0.366 0.2052, -2.0945 0.3721 0.1995, -2.0945 0.3769 0.1926, -2.0945 0.7144 0.0394, -2.0945 0.7144 0.0, -2.0945 0.5347 0.0, -2.0945 -0.3736 0.3294, -2.0945 -0.3673 0.3356, -2.0945 -0.1357 0.2167, -2.0945 -0.1539 0.2337, -2.0945 -0.3601 0.4354, -2.0945 -0.364 0.4449, -2.0945 0.4538 0.0796, -2.0945 0.4622 0.0787, -2.0945 0.5266 0.0009, -2.0945 -0.143 0.221, -2.0945 -0.3626 0.3431, -2.0945 -0.3597 0.3514, -2.0945 -0.3879 0.4633, -2.0945 -0.3981 0.4646, -2.0945 -1.2134 0.5581, -2.0945 -1.0503 0.4646, -2.0945 -1.0593 0.4636, -2.0945 0.675 0.0787, -2.0945 0.713 0.0496, -2.0945 0.6947 0.0735, -2.0945 0.7028 0.0672, -2.0945 0.7091 0.0591, -2.0945 -0.3981 0.3208, -2.0945 -0.3894 0.3218, -2.0945 -0.381 0.3247, -2.0945 -1.0863 0.4412, -2.0945 -1.2514 0.5289, -2.0945 -1.2475 0.5384, -2.0945 -0.1491 0.2268, -2.0945 -0.3587 0.3602, -2.0945 -0.3587 0.4253, -2.0945 -1.0679 0.4605, -2.0945 -1.0755 0.4556, -2.0945 -1.2236 0.5568, -2.0945 -1.0817 0.449, -2.0945 -1.2331 0.5529, -2.0945 -1.2413 0.5466, -2.0945 -1.1037 0.4021, -2.0945 -1.2294 0.4578, -2.0945 -1.2528 0.5188, -2.0945 -1.2528 0.4938, -2.0945 0.6852 0.0774, -2.0945 -0.1277 0.214, -2.0945 -0.1193 0.2131, -2.0945 0.3435 0.2047, -2.0945 0.3423 0.2131, -2.0945 0.3507 0.2122, -2.0945 0.3587 0.2096, -2.0945 -1.2372 0.4624, -2.0945 -1.2437 0.4687, -2.0945 -1.1385 0.3216, -2.0945 -1.1303 0.3208, -2.0945 -1.2487 0.4763, -2.0945 -1.2517 0.4848, -2.0945 -1.231 0.2696, -2.0945 -1.2321 0.2791, -2.0945 -1.1463 0.3242, -2.0945 -1.2321 0.2812, -2.0945 -1.2115 0.3158, -2.0945 -1.1737 0.3363, -2.0945 -1.2312 0.2896, -2.0945 -1.2285 0.2976, -2.0945 -1.2185 0.311, -2.0945 -1.2242 0.3048, -2.0945 -1.2065 0.2422, -2.0945 -1.215 0.2466, -2.0945 -1.2221 0.2529, -2.0945 -1.2276 0.2607, -2.2323 -0.8939 0.2047, -2.2323 -1.1973 0.24, -2.2913 -0.8939 0.2047, -2.2913 -1.1973 0.24, -2.2323 0.4386 0.0866, -2.2323 0.4324 0.0924, -2.2323 0.3435 0.0811, -2.2323 0.4622 0.0787, -2.2323 0.4538 0.0796, -2.2323 0.5188 0.0034, -2.2323 -1.0755 0.4556, -2.2323 -1.0679 0.4605, -2.2323 -1.2134 0.5581, -2.2323 -0.3537 0.5581, -2.2323 -0.3879 0.4633, -2.2323 -0.3453 0.5572, -2.2323 -0.3784 0.4593, -2.2323 -0.3373 0.5546, -2.2323 -0.33 0.5502, -2.2323 0.4458 0.0823, -2.2323 0.5347 0.0, -2.2323 0.7144 0.0, -2.2323 0.7144 0.0394, -2.2323 0.4276 0.0993, -2.2323 0.3769 0.1926, -2.2323 0.3721 0.1995, -2.2323 -1.2294 0.4578, -2.2323 -1.1037 0.4021, -2.2323 -1.0863 0.4412, -2.2323 -1.0593 0.4636, -2.2323 -1.0503 0.4646, -2.2323 -0.3981 0.4646, -2.2323 0.713 0.0496, -2.2323 0.7091 0.0591, -2.2323 0.675 0.0787, -2.2323 -1.2413 0.5466, -2.2323 -1.2475 0.5384, -2.2323 -1.2514 0.5289, -2.2323 -0.3587 0.3602, -2.2323 -0.3597 0.3514, -2.2323 -0.1491 0.2268, -2.2323 -0.3626 0.3431, -2.2323 -0.143 0.221, -2.2323 -0.3673 0.3356, -2.2323 -0.1357 0.2167, -2.2323 -0.3736 0.3294, -2.2323 -0.381 0.3247, -2.2323 0.5266 0.0009, -2.2323 -1.2528 0.5188, -2.2323 -1.2528 0.4938, -2.2323 -1.2517 0.4848, -2.2323 -1.0817 0.449, -2.2323 -1.2236 0.5568, -2.2323 -1.2331 0.5529, -2.2323 -0.3239 0.5445, -2.2323 -0.3703 0.4531, -2.2323 -0.3191 0.5376, -2.2323 -0.364 0.4449, -2.2323 -0.1539 0.2337, -2.2323 -0.3601 0.4354, -2.2323 -0.3587 0.4253, -2.2323 0.7028 0.0672, -2.2323 0.6947 0.0735, -2.2323 0.6852 0.0774, -2.2323 -0.1277 0.214, -2.2323 -0.1193 0.2131, -2.2323 0.3435 0.2047, -2.2323 0.3423 0.2131, -2.2323 -1.2487 0.4763, -2.2323 -1.2437 0.4687, -2.2323 -1.2372 0.4624, -2.2323 0.366 0.2052, -2.2323 0.3587 0.2096, -2.2323 0.3507 0.2122, -2.2323 -0.3894 0.3218, -2.2323 -0.3981 0.3208, -2.2323 -1.1303 0.3208, -2.2323 -1.2312 0.2896, -2.2323 -1.2321 0.2812, -2.2323 -1.1385 0.3216, -2.2323 -1.1463 0.3242, -2.2323 -1.1737 0.3363, -2.2323 -1.2115 0.3158, -2.2323 -1.2185 0.311, -2.2323 -1.2242 0.3048, -2.2323 -1.2285 0.2976, -2.2323 -1.2321 0.2791, -2.2323 -1.231 0.2696, -2.2323 -1.2276 0.2607, -2.2323 -1.2221 0.2529, -2.2323 -1.215 0.2466, -2.2323 -1.2065 0.2422, -2.2913 0.4276 0.0993, -2.2913 0.4324 0.0924, -2.2913 0.3435 0.0811, -2.2913 0.4386 0.0866, -2.2913 0.4458 0.0823, -2.2913 0.5188 0.0034, -2.2913 -0.3191 0.5376, -2.2913 -0.3703 0.4531, -2.2913 -0.3239 0.5445, -2.2913 -0.3784 0.4593, -2.2913 -0.3537 0.5581, -2.2913 -0.3453 0.5572, -2.2913 -0.3373 0.5546, -2.2913 -0.33 0.5502, -2.2913 0.366 0.2052, -2.2913 0.3721 0.1995, -2.2913 0.3769 0.1926, -2.2913 0.7144 0.0394, -2.2913 0.7144 0.0, -2.2913 0.5347 0.0, -2.2913 -0.3736 0.3294, -2.2913 -0.3673 0.3356, -2.2913 -0.1357 0.2167, -2.2913 -0.1539 0.2337, -2.2913 -0.3601 0.4354, -2.2913 -0.364 0.4449, -2.2913 0.4538 0.0796, -2.2913 0.4622 0.0787, -2.2913 0.5266 0.0009, -2.2913 -0.143 0.221, -2.2913 -0.3626 0.3431, -2.2913 -0.3597 0.3514, -2.2913 -0.3879 0.4633, -2.2913 -0.3981 0.4646, -2.2913 -1.2134 0.5581, -2.2913 -1.0503 0.4646, -2.2913 -1.0593 0.4636, -2.2913 0.675 0.0787, -2.2913 0.713 0.0496, -2.2913 0.6947 0.0735, -2.2913 0.7028 0.0672, -2.2913 0.7091 0.0591, -2.2913 -0.3981 0.3208, -2.2913 -0.3894 0.3218, -2.2913 -0.381 0.3247, -2.2913 -1.0863 0.4412, -2.2913 -1.2514 0.5289, -2.2913 -1.2475 0.5384, -2.2913 -0.1491 0.2268, -2.2913 -0.3587 0.3602, -2.2913 -0.3587 0.4253, -2.2913 -1.0679 0.4605, -2.2913 -1.0755 0.4556, -2.2913 -1.2236 0.5568, -2.2913 -1.0817 0.449, -2.2913 -1.2331 0.5529, -2.2913 -1.2413 0.5466, -2.2913 -1.1037 0.4021, -2.2913 -1.2294 0.4578, -2.2913 -1.2528 0.5188, -2.2913 -1.2528 0.4938, -2.2913 0.6852 0.0774, -2.2913 -0.1277 0.214, -2.2913 -0.1193 0.2131, -2.2913 0.3435 0.2047, -2.2913 0.3423 0.2131, -2.2913 0.3507 0.2122, -2.2913 0.3587 0.2096, -2.2913 -1.2372 0.4624, -2.2913 -1.2437 0.4687, -2.2913 -1.1385 0.3216, -2.2913 -1.1303 0.3208, -2.2913 -1.2487 0.4763, -2.2913 -1.2517 0.4848, -2.2913 -1.231 0.2696, -2.2913 -1.2321 0.2791, -2.2913 -1.1463 0.3242, -2.2913 -1.2321 0.2812, -2.2913 -1.2115 0.3158, -2.2913 -1.1737 0.3363, -2.2913 -1.2312 0.2896, -2.2913 -1.2285 0.2976, -2.2913 -1.2185 0.311, -2.2913 -1.2242 0.3048, -2.2913 -1.2065 0.2422, -2.2913 -1.215 0.2466, -2.2913 -1.2221 0.2529, -2.2913 -1.2276 0.2607, -2.4291 -0.8939 0.2047, -2.4291 -1.1973 0.24, -2.4882 -0.8939 0.2047, -2.4882 -1.1973 0.24, -2.4291 0.4386 0.0866, -2.4291 0.4324 0.0924, -2.4291 0.3435 0.0811, -2.4291 0.4622 0.0787, -2.4291 0.4538 0.0796, -2.4291 0.5188 0.0034, -2.4291 -1.0755 0.4556, -2.4291 -1.0679 0.4605, -2.4291 -1.2134 0.5581, -2.4291 -0.3537 0.5581, -2.4291 -0.3879 0.4633, -2.4291 -0.3453 0.5572, -2.4291 -0.3784 0.4593, -2.4291 -0.3373 0.5546, -2.4291 -0.33 0.5502, -2.4291 0.4458 0.0823, -2.4291 0.5347 0.0, -2.4291 0.7144 0.0, -2.4291 0.7144 0.0394, -2.4291 0.4276 0.0993, -2.4291 0.3769 0.1926, -2.4291 0.3721 0.1995, -2.4291 -1.2294 0.4578, -2.4291 -1.1037 0.4021, -2.4291 -1.0863 0.4412, -2.4291 -1.0593 0.4636, -2.4291 -1.0503 0.4646, -2.4291 -0.3981 0.4646, -2.4291 0.713 0.0496, -2.4291 0.7091 0.0591, -2.4291 0.675 0.0787, -2.4291 -1.2413 0.5466, -2.4291 -1.2475 0.5384, -2.4291 -1.2514 0.5289, -2.4291 -0.3587 0.3602, -2.4291 -0.3597 0.3514, -2.4291 -0.1491 0.2268, -2.4291 -0.3626 0.3431, -2.4291 -0.143 0.221, -2.4291 -0.3673 0.3356, -2.4291 -0.1357 0.2167, -2.4291 -0.3736 0.3294, -2.4291 -0.381 0.3247, -2.4291 0.5266 0.0009, -2.4291 -1.2528 0.5188, -2.4291 -1.2528 0.4938, -2.4291 -1.2517 0.4848, -2.4291 -1.0817 0.449, -2.4291 -1.2236 0.5568, -2.4291 -1.2331 0.5529, -2.4291 -0.3239 0.5445, -2.4291 -0.3703 0.4531, -2.4291 -0.3191 0.5376, -2.4291 -0.364 0.4449, -2.4291 -0.1539 0.2337, -2.4291 -0.3601 0.4354, -2.4291 -0.3587 0.4253, -2.4291 0.7028 0.0672, -2.4291 0.6947 0.0735, -2.4291 0.6852 0.0774, -2.4291 -0.1277 0.214, -2.4291 -0.1193 0.2131, -2.4291 0.3435 0.2047, -2.4291 0.3423 0.2131, -2.4291 -1.2487 0.4763, -2.4291 -1.2437 0.4687, -2.4291 -1.2372 0.4624, -2.4291 0.366 0.2052, -2.4291 0.3587 0.2096, -2.4291 0.3507 0.2122, -2.4291 -0.3894 0.3218, -2.4291 -0.3981 0.3208, -2.4291 -1.1303 0.3208, -2.4291 -1.2312 0.2896, -2.4291 -1.2321 0.2812, -2.4291 -1.1385 0.3216, -2.4291 -1.1463 0.3242, -2.4291 -1.1737 0.3363, -2.4291 -1.2115 0.3158, -2.4291 -1.2185 0.311, -2.4291 -1.2242 0.3048, -2.4291 -1.2285 0.2976, -2.4291 -1.2321 0.2791, -2.4291 -1.231 0.2696, -2.4291 -1.2276 0.2607, -2.4291 -1.2221 0.2529, -2.4291 -1.215 0.2466, -2.4291 -1.2065 0.2422, -2.4882 0.4276 0.0993, -2.4882 0.4324 0.0924, -2.4882 0.3435 0.0811, -2.4882 0.4386 0.0866, -2.4882 0.4458 0.0823, -2.4882 0.5188 0.0034, -2.4882 -0.3191 0.5376, -2.4882 -0.3703 0.4531, -2.4882 -0.3239 0.5445, -2.4882 -0.3784 0.4593, -2.4882 -0.3537 0.5581, -2.4882 -0.3453 0.5572, -2.4882 -0.3373 0.5546, -2.4882 -0.33 0.5502, -2.4882 0.366 0.2052, -2.4882 0.3721 0.1995, -2.4882 0.3769 0.1926, -2.4882 0.7144 0.0394, -2.4882 0.7144 0.0, -2.4882 0.5347 0.0, -2.4882 -0.3736 0.3294, -2.4882 -0.3673 0.3356, -2.4882 -0.1357 0.2167, -2.4882 -0.1539 0.2337, -2.4882 -0.3601 0.4354, -2.4882 -0.364 0.4449, -2.4882 0.4538 0.0796, -2.4882 0.4622 0.0787, -2.4882 0.5266 0.0009, -2.4882 -0.143 0.221, -2.4882 -0.3626 0.3431, -2.4882 -0.3597 0.3514, -2.4882 -0.3879 0.4633, -2.4882 -0.3981 0.4646, -2.4882 -1.2134 0.5581, -2.4882 -1.0503 0.4646, -2.4882 -1.0593 0.4636, -2.4882 0.675 0.0787, -2.4882 0.713 0.0496, -2.4882 0.6947 0.0735, -2.4882 0.7028 0.0672, -2.4882 0.7091 0.0591, -2.4882 -0.3981 0.3208, -2.4882 -0.3894 0.3218, -2.4882 -0.381 0.3247, -2.4882 -1.0863 0.4412, -2.4882 -1.2514 0.5289, -2.4882 -1.2475 0.5384, -2.4882 -0.1491 0.2268, -2.4882 -0.3587 0.3602, -2.4882 -0.3587 0.4253, -2.4882 -1.0679 0.4605, -2.4882 -1.0755 0.4556, -2.4882 -1.2236 0.5568, -2.4882 -1.0817 0.449, -2.4882 -1.2331 0.5529, -2.4882 -1.2413 0.5466, -2.4882 -1.1037 0.4021, -2.4882 -1.2294 0.4578, -2.4882 -1.2528 0.5188, -2.4882 -1.2528 0.4938, -2.4882 0.6852 0.0774, -2.4882 -0.1277 0.214, -2.4882 -0.1193 0.2131, -2.4882 0.3435 0.2047, -2.4882 0.3423 0.2131, -2.4882 0.3507 0.2122, -2.4882 0.3587 0.2096, -2.4882 -1.2372 0.4624, -2.4882 -1.2437 0.4687, -2.4882 -1.1385 0.3216, -2.4882 -1.1303 0.3208, -2.4882 -1.2487 0.4763, -2.4882 -1.2517 0.4848, -2.4882 -1.231 0.2696, -2.4882 -1.2321 0.2791, -2.4882 -1.1463 0.3242, -2.4882 -1.2321 0.2812, -2.4882 -1.2115 0.3158, -2.4882 -1.1737 0.3363, -2.4882 -1.2312 0.2896, -2.4882 -1.2285 0.2976, -2.4882 -1.2185 0.311, -2.4882 -1.2242 0.3048, -2.4882 -1.2065 0.2422, -2.4882 -1.215 0.2466, -2.4882 -1.2221 0.2529, -2.4882 -1.2276 0.2607, -2.626 -0.8939 0.2047, -2.626 -1.1973 0.24, -2.685 -0.8939 0.2047, -2.685 -1.1973 0.24, -2.626 0.4386 0.0866, -2.626 0.4324 0.0924, -2.626 0.3435 0.0811, -2.626 0.4622 0.0787, -2.626 0.4538 0.0796, -2.626 0.5188 0.0034, -2.626 -1.0755 0.4556, -2.626 -1.0679 0.4605, -2.626 -1.2134 0.5581, -2.626 -0.3537 0.5581, -2.626 -0.3879 0.4633, -2.626 -0.3453 0.5572, -2.626 -0.3784 0.4593, -2.626 -0.3373 0.5546, -2.626 -0.33 0.5502, -2.626 0.4458 0.0823, -2.626 0.5347 0.0, -2.626 0.7144 0.0, -2.626 0.7144 0.0394, -2.626 0.4276 0.0993, -2.626 0.3769 0.1926, -2.626 0.3721 0.1995, -2.626 -1.2294 0.4578, -2.626 -1.1037 0.4021, -2.626 -1.0863 0.4412, -2.626 -1.0593 0.4636, -2.626 -1.0503 0.4646, -2.626 -0.3981 0.4646, -2.626 0.713 0.0496, -2.626 0.7091 0.0591, -2.626 0.675 0.0787, -2.626 -1.2413 0.5466, -2.626 -1.2475 0.5384, -2.626 -1.2514 0.5289, -2.626 -0.3587 0.3602, -2.626 -0.3597 0.3514, -2.626 -0.1491 0.2268, -2.626 -0.3626 0.3431, -2.626 -0.143 0.221, -2.626 -0.3673 0.3356, -2.626 -0.1357 0.2167, -2.626 -0.3736 0.3294, -2.626 -0.381 0.3247, -2.626 0.5266 0.0009, -2.626 -1.2528 0.5188, -2.626 -1.2528 0.4938, -2.626 -1.2517 0.4848, -2.626 -1.0817 0.449, -2.626 -1.2236 0.5568, -2.626 -1.2331 0.5529, -2.626 -0.3239 0.5445, -2.626 -0.3703 0.4531, -2.626 -0.3191 0.5376, -2.626 -0.364 0.4449, -2.626 -0.1539 0.2337, -2.626 -0.3601 0.4354, -2.626 -0.3587 0.4253, -2.626 0.7028 0.0672, -2.626 0.6947 0.0735, -2.626 0.6852 0.0774, -2.626 -0.1277 0.214, -2.626 -0.1193 0.2131, -2.626 0.3435 0.2047, -2.626 0.3423 0.2131, -2.626 -1.2487 0.4763, -2.626 -1.2437 0.4687, -2.626 -1.2372 0.4624, -2.626 0.366 0.2052, -2.626 0.3587 0.2096, -2.626 0.3507 0.2122, -2.626 -0.3894 0.3218, -2.626 -0.3981 0.3208, -2.626 -1.1303 0.3208, -2.626 -1.2312 0.2896, -2.626 -1.2321 0.2812, -2.626 -1.1385 0.3216, -2.626 -1.1463 0.3242, -2.626 -1.1737 0.3363, -2.626 -1.2115 0.3158, -2.626 -1.2185 0.311, -2.626 -1.2242 0.3048, -2.626 -1.2285 0.2976, -2.626 -1.2321 0.2791, -2.626 -1.231 0.2696, -2.626 -1.2276 0.2607, -2.626 -1.2221 0.2529, -2.626 -1.215 0.2466, -2.626 -1.2065 0.2422, -2.685 0.4276 0.0993, -2.685 0.4324 0.0924, -2.685 0.3435 0.0811, -2.685 0.4386 0.0866, -2.685 0.4458 0.0823, -2.685 0.5188 0.0034, -2.685 -0.3191 0.5376, -2.685 -0.3703 0.4531, -2.685 -0.3239 0.5445, -2.685 -0.3784 0.4593, -2.685 -0.3537 0.5581, -2.685 -0.3453 0.5572, -2.685 -0.3373 0.5546, -2.685 -0.33 0.5502, -2.685 0.366 0.2052, -2.685 0.3721 0.1995, -2.685 0.3769 0.1926, -2.685 0.7144 0.0394, -2.685 0.7144 0.0, -2.685 0.5347 0.0, -2.685 -0.3736 0.3294, -2.685 -0.3673 0.3356, -2.685 -0.1357 0.2167, -2.685 -0.1539 0.2337, -2.685 -0.3601 0.4354, -2.685 -0.364 0.4449, -2.685 0.4538 0.0796, -2.685 0.4622 0.0787, -2.685 0.5266 0.0009, -2.685 -0.143 0.221, -2.685 -0.3626 0.3431, -2.685 -0.3597 0.3514, -2.685 -0.3879 0.4633, -2.685 -0.3981 0.4646, -2.685 -1.2134 0.5581, -2.685 -1.0503 0.4646, -2.685 -1.0593 0.4636, -2.685 0.675 0.0787, -2.685 0.713 0.0496, -2.685 0.6947 0.0735, -2.685 0.7028 0.0672, -2.685 0.7091 0.0591, -2.685 -0.3981 0.3208, -2.685 -0.3894 0.3218, -2.685 -0.381 0.3247, -2.685 -1.0863 0.4412, -2.685 -1.2514 0.5289, -2.685 -1.2475 0.5384, -2.685 -0.1491 0.2268, -2.685 -0.3587 0.3602, -2.685 -0.3587 0.4253, -2.685 -1.0679 0.4605, -2.685 -1.0755 0.4556, -2.685 -1.2236 0.5568, -2.685 -1.0817 0.449, -2.685 -1.2331 0.5529, -2.685 -1.2413 0.5466, -2.685 -1.1037 0.4021, -2.685 -1.2294 0.4578, -2.685 -1.2528 0.5188, -2.685 -1.2528 0.4938, -2.685 0.6852 0.0774, -2.685 -0.1277 0.214, -2.685 -0.1193 0.2131, -2.685 0.3435 0.2047, -2.685 0.3423 0.2131, -2.685 0.3507 0.2122, -2.685 0.3587 0.2096, -2.685 -1.2372 0.4624, -2.685 -1.2437 0.4687, -2.685 -1.1385 0.3216, -2.685 -1.1303 0.3208, -2.685 -1.2487 0.4763, -2.685 -1.2517 0.4848, -2.685 -1.231 0.2696, -2.685 -1.2321 0.2791, -2.685 -1.1463 0.3242, -2.685 -1.2321 0.2812, -2.685 -1.2115 0.3158, -2.685 -1.1737 0.3363, -2.685 -1.2312 0.2896, -2.685 -1.2285 0.2976, -2.685 -1.2185 0.311, -2.685 -1.2242 0.3048, -2.685 -1.2065 0.2422, -2.685 -1.215 0.2466, -2.685 -1.2221 0.2529, -2.685 -1.2276 0.2607, -2.8228 -0.8939 0.2047, -2.8228 -1.1973 0.24, -2.8819 -0.8939 0.2047, -2.8819 -1.1973 0.24, -2.8228 0.4386 0.0866, -2.8228 0.4324 0.0924, -2.8228 0.3435 0.0811, -2.8228 0.4622 0.0787, -2.8228 0.4538 0.0796, -2.8228 0.5188 0.0034, -2.8228 -1.0755 0.4556, -2.8228 -1.0679 0.4605, -2.8228 -1.2134 0.5581, -2.8228 -0.3537 0.5581, -2.8228 -0.3879 0.4633, -2.8228 -0.3453 0.5572, -2.8228 -0.3784 0.4593, -2.8228 -0.3373 0.5546, -2.8228 -0.33 0.5502, -2.8228 0.4458 0.0823, -2.8228 0.5347 0.0, -2.8228 0.7144 0.0, -2.8228 0.7144 0.0394, -2.8228 0.4276 0.0993, -2.8228 0.3769 0.1926, -2.8228 0.3721 0.1995, -2.8228 -1.2294 0.4578, -2.8228 -1.1037 0.4021, -2.8228 -1.0863 0.4412, -2.8228 -1.0593 0.4636, -2.8228 -1.0503 0.4646, -2.8228 -0.3981 0.4646, -2.8228 0.713 0.0496, -2.8228 0.7091 0.0591, -2.8228 0.675 0.0787, -2.8228 -1.2413 0.5466, -2.8228 -1.2475 0.5384, -2.8228 -1.2514 0.5289, -2.8228 -0.3587 0.3602, -2.8228 -0.3597 0.3514, -2.8228 -0.1491 0.2268, -2.8228 -0.3626 0.3431, -2.8228 -0.143 0.221, -2.8228 -0.3673 0.3356, -2.8228 -0.1357 0.2167, -2.8228 -0.3736 0.3294, -2.8228 -0.381 0.3247, -2.8228 0.5266 0.0009, -2.8228 -1.2528 0.5188, -2.8228 -1.2528 0.4938, -2.8228 -1.2517 0.4848, -2.8228 -1.0817 0.449, -2.8228 -1.2236 0.5568, -2.8228 -1.2331 0.5529, -2.8228 -0.3239 0.5445, -2.8228 -0.3703 0.4531, -2.8228 -0.3191 0.5376, -2.8228 -0.364 0.4449, -2.8228 -0.1539 0.2337, -2.8228 -0.3601 0.4354, -2.8228 -0.3587 0.4253, -2.8228 0.7028 0.0672, -2.8228 0.6947 0.0735, -2.8228 0.6852 0.0774, -2.8228 -0.1277 0.214, -2.8228 -0.1193 0.2131, -2.8228 0.3435 0.2047, -2.8228 0.3423 0.2131, -2.8228 -1.2487 0.4763, -2.8228 -1.2437 0.4687, -2.8228 -1.2372 0.4624, -2.8228 0.366 0.2052, -2.8228 0.3587 0.2096, -2.8228 0.3507 0.2122, -2.8228 -0.3894 0.3218, -2.8228 -0.3981 0.3208, -2.8228 -1.1303 0.3208, -2.8228 -1.2312 0.2896, -2.8228 -1.2321 0.2812, -2.8228 -1.1385 0.3216, -2.8228 -1.1463 0.3242, -2.8228 -1.1737 0.3363, -2.8228 -1.2115 0.3158, -2.8228 -1.2185 0.311, -2.8228 -1.2242 0.3048, -2.8228 -1.2285 0.2976, -2.8228 -1.2321 0.2791, -2.8228 -1.231 0.2696, -2.8228 -1.2276 0.2607, -2.8228 -1.2221 0.2529, -2.8228 -1.215 0.2466, -2.8228 -1.2065 0.2422, -2.8819 0.4276 0.0993, -2.8819 0.4324 0.0924, -2.8819 0.3435 0.0811, -2.8819 0.4386 0.0866, -2.8819 0.4458 0.0823, -2.8819 0.5188 0.0034, -2.8819 -0.3191 0.5376, -2.8819 -0.3703 0.4531, -2.8819 -0.3239 0.5445, -2.8819 -0.3784 0.4593, -2.8819 -0.3537 0.5581, -2.8819 -0.3453 0.5572, -2.8819 -0.3373 0.5546, -2.8819 -0.33 0.5502, -2.8819 0.366 0.2052, -2.8819 0.3721 0.1995, -2.8819 0.3769 0.1926, -2.8819 0.7144 0.0394, -2.8819 0.7144 0.0, -2.8819 0.5347 0.0, -2.8819 -0.3736 0.3294, -2.8819 -0.3673 0.3356, -2.8819 -0.1357 0.2167, -2.8819 -0.1539 0.2337, -2.8819 -0.3601 0.4354, -2.8819 -0.364 0.4449, -2.8819 0.4538 0.0796, -2.8819 0.4622 0.0787, -2.8819 0.5266 0.0009, -2.8819 -0.143 0.221, -2.8819 -0.3626 0.3431, -2.8819 -0.3597 0.3514, -2.8819 -0.3879 0.4633, -2.8819 -0.3981 0.4646, -2.8819 -1.2134 0.5581, -2.8819 -1.0503 0.4646, -2.8819 -1.0593 0.4636, -2.8819 0.675 0.0787, -2.8819 0.713 0.0496, -2.8819 0.6947 0.0735, -2.8819 0.7028 0.0672, -2.8819 0.7091 0.0591, -2.8819 -0.3981 0.3208, -2.8819 -0.3894 0.3218, -2.8819 -0.381 0.3247, -2.8819 -1.0863 0.4412, -2.8819 -1.2514 0.5289, -2.8819 -1.2475 0.5384, -2.8819 -0.1491 0.2268, -2.8819 -0.3587 0.3602, -2.8819 -0.3587 0.4253, -2.8819 -1.0679 0.4605, -2.8819 -1.0755 0.4556, -2.8819 -1.2236 0.5568, -2.8819 -1.0817 0.449, -2.8819 -1.2331 0.5529, -2.8819 -1.2413 0.5466, -2.8819 -1.1037 0.4021, -2.8819 -1.2294 0.4578, -2.8819 -1.2528 0.5188, -2.8819 -1.2528 0.4938, -2.8819 0.6852 0.0774, -2.8819 -0.1277 0.214, -2.8819 -0.1193 0.2131, -2.8819 0.3435 0.2047, -2.8819 0.3423 0.2131, -2.8819 0.3507 0.2122, -2.8819 0.3587 0.2096, -2.8819 -1.2372 0.4624, -2.8819 -1.2437 0.4687, -2.8819 -1.1385 0.3216, -2.8819 -1.1303 0.3208, -2.8819 -1.2487 0.4763, -2.8819 -1.2517 0.4848, -2.8819 -1.231 0.2696, -2.8819 -1.2321 0.2791, -2.8819 -1.1463 0.3242, -2.8819 -1.2321 0.2812, -2.8819 -1.2115 0.3158, -2.8819 -1.1737 0.3363, -2.8819 -1.2312 0.2896, -2.8819 -1.2285 0.2976, -2.8819 -1.2185 0.311, -2.8819 -1.2242 0.3048, -2.8819 -1.2065 0.2422, -2.8819 -1.215 0.2466, -2.8819 -1.2221 0.2529, -2.8819 -1.2276 0.2607, -3.0197 -0.8939 0.2047, -3.0197 -1.1973 0.24, -3.0787 -0.8939 0.2047, -3.0787 -1.1973 0.24, -3.0197 0.4386 0.0866, -3.0197 0.4324 0.0924, -3.0197 0.3435 0.0811, -3.0197 0.4622 0.0787, -3.0197 0.4538 0.0796, -3.0197 0.5188 0.0034, -3.0197 -1.0755 0.4556, -3.0197 -1.0679 0.4605, -3.0197 -1.2134 0.5581, -3.0197 -0.3537 0.5581, -3.0197 -0.3879 0.4633, -3.0197 -0.3453 0.5572, -3.0197 -0.3784 0.4593, -3.0197 -0.3373 0.5546, -3.0197 -0.33 0.5502, -3.0197 0.4458 0.0823, -3.0197 0.5347 0.0, -3.0197 0.7144 0.0, -3.0197 0.7144 0.0394, -3.0197 0.4276 0.0993, -3.0197 0.3769 0.1926, -3.0197 0.3721 0.1995, -3.0197 -1.2294 0.4578, -3.0197 -1.1037 0.4021, -3.0197 -1.0863 0.4412, -3.0197 -1.0593 0.4636, -3.0197 -1.0503 0.4646, -3.0197 -0.3981 0.4646, -3.0197 0.713 0.0496, -3.0197 0.7091 0.0591, -3.0197 0.675 0.0787, -3.0197 -1.2413 0.5466, -3.0197 -1.2475 0.5384, -3.0197 -1.2514 0.5289, -3.0197 -0.3587 0.3602, -3.0197 -0.3597 0.3514, -3.0197 -0.1491 0.2268, -3.0197 -0.3626 0.3431, -3.0197 -0.143 0.221, -3.0197 -0.3673 0.3356, -3.0197 -0.1357 0.2167, -3.0197 -0.3736 0.3294, -3.0197 -0.381 0.3247, -3.0197 0.5266 0.0009, -3.0197 -1.2528 0.5188, -3.0197 -1.2528 0.4938, -3.0197 -1.2517 0.4848, -3.0197 -1.0817 0.449, -3.0197 -1.2236 0.5568, -3.0197 -1.2331 0.5529, -3.0197 -0.3239 0.5445, -3.0197 -0.3703 0.4531, -3.0197 -0.3191 0.5376, -3.0197 -0.364 0.4449, -3.0197 -0.1539 0.2337, -3.0197 -0.3601 0.4354, -3.0197 -0.3587 0.4253, -3.0197 0.7028 0.0672, -3.0197 0.6947 0.0735, -3.0197 0.6852 0.0774, -3.0197 -0.1277 0.214, -3.0197 -0.1193 0.2131, -3.0197 0.3435 0.2047, -3.0197 0.3423 0.2131, -3.0197 -1.2487 0.4763, -3.0197 -1.2437 0.4687, -3.0197 -1.2372 0.4624, -3.0197 0.366 0.2052, -3.0197 0.3587 0.2096, -3.0197 0.3507 0.2122, -3.0197 -0.3894 0.3218, -3.0197 -0.3981 0.3208, -3.0197 -1.1303 0.3208, -3.0197 -1.2312 0.2896, -3.0197 -1.2321 0.2812, -3.0197 -1.1385 0.3216, -3.0197 -1.1463 0.3242, -3.0197 -1.1737 0.3363, -3.0197 -1.2115 0.3158, -3.0197 -1.2185 0.311, -3.0197 -1.2242 0.3048, -3.0197 -1.2285 0.2976, -3.0197 -1.2321 0.2791, -3.0197 -1.231 0.2696, -3.0197 -1.2276 0.2607, -3.0197 -1.2221 0.2529, -3.0197 -1.215 0.2466, -3.0197 -1.2065 0.2422, -3.0787 0.4276 0.0993, -3.0787 0.4324 0.0924, -3.0787 0.3435 0.0811, -3.0787 0.4386 0.0866, -3.0787 0.4458 0.0823, -3.0787 0.5188 0.0034, -3.0787 -0.3191 0.5376, -3.0787 -0.3703 0.4531, -3.0787 -0.3239 0.5445, -3.0787 -0.3784 0.4593, -3.0787 -0.3537 0.5581, -3.0787 -0.3453 0.5572, -3.0787 -0.3373 0.5546, -3.0787 -0.33 0.5502, -3.0787 0.366 0.2052, -3.0787 0.3721 0.1995, -3.0787 0.3769 0.1926, -3.0787 0.7144 0.0394, -3.0787 0.7144 0.0, -3.0787 0.5347 0.0, -3.0787 -0.3736 0.3294, -3.0787 -0.3673 0.3356, -3.0787 -0.1357 0.2167, -3.0787 -0.1539 0.2337, -3.0787 -0.3601 0.4354, -3.0787 -0.364 0.4449, -3.0787 0.4538 0.0796, -3.0787 0.4622 0.0787, -3.0787 0.5266 0.0009, -3.0787 -0.143 0.221, -3.0787 -0.3626 0.3431, -3.0787 -0.3597 0.3514, -3.0787 -0.3879 0.4633, -3.0787 -0.3981 0.4646, -3.0787 -1.2134 0.5581, -3.0787 -1.0503 0.4646, -3.0787 -1.0593 0.4636, -3.0787 0.675 0.0787, -3.0787 0.713 0.0496, -3.0787 0.6947 0.0735, -3.0787 0.7028 0.0672, -3.0787 0.7091 0.0591, -3.0787 -0.3981 0.3208, -3.0787 -0.3894 0.3218, -3.0787 -0.381 0.3247, -3.0787 -1.0863 0.4412, -3.0787 -1.2514 0.5289, -3.0787 -1.2475 0.5384, -3.0787 -0.1491 0.2268, -3.0787 -0.3587 0.3602, -3.0787 -0.3587 0.4253, -3.0787 -1.0679 0.4605, -3.0787 -1.0755 0.4556, -3.0787 -1.2236 0.5568, -3.0787 -1.0817 0.449, -3.0787 -1.2331 0.5529, -3.0787 -1.2413 0.5466, -3.0787 -1.1037 0.4021, -3.0787 -1.2294 0.4578, -3.0787 -1.2528 0.5188, -3.0787 -1.2528 0.4938, -3.0787 0.6852 0.0774, -3.0787 -0.1277 0.214, -3.0787 -0.1193 0.2131, -3.0787 0.3435 0.2047, -3.0787 0.3423 0.2131, -3.0787 0.3507 0.2122, -3.0787 0.3587 0.2096, -3.0787 -1.2372 0.4624, -3.0787 -1.2437 0.4687, -3.0787 -1.1385 0.3216, -3.0787 -1.1303 0.3208, -3.0787 -1.2487 0.4763, -3.0787 -1.2517 0.4848, -3.0787 -1.231 0.2696, -3.0787 -1.2321 0.2791, -3.0787 -1.1463 0.3242, -3.0787 -1.2321 0.2812, -3.0787 -1.2115 0.3158, -3.0787 -1.1737 0.3363, -3.0787 -1.2312 0.2896, -3.0787 -1.2285 0.2976, -3.0787 -1.2185 0.311, -3.0787 -1.2242 0.3048, -3.0787 -1.2065 0.2422, -3.0787 -1.215 0.2466, -3.0787 -1.2221 0.2529, -3.0787 -1.2276 0.2607
            ]
        }
        coordIndex [
            0,1,2,-1,2,1,3,-1,4,5,6,-1,7,8,9,-1,10,11,12,-1,13,14,15,-1,15,14,16,-1,15,16,17,-1,17,16,18,-1,9,8,6,-1,6,8,19,-1,6,19,4,-1,20,21,22,-1,5,23,6,-1,6,23,24,-1,6,24,25,-1,26,27,28,-1,11,29,12,-1,12,29,30,-1,12,30,13,-1,13,30,31,-1,13,31,14,-1,32,33,34,-1,35,36,28,-1,28,36,37,-1,28,37,26,-1,38,39,40,-1,40,39,41,-1,40,41,42,-1,42,41,43,-1,42,43,44,-1,44,43,45,-1,44,45,46,-1,9,47,7,-1,7,47,20,-1,7,20,34,-1,34,20,22,-1,34,22,32,-1,37,48,26,-1,26,48,49,-1,26,49,50,-1,10,12,51,-1,51,12,52,-1,51,52,28,-1,28,52,53,-1,28,53,35,-1,18,16,54,-1,54,16,55,-1,54,55,56,-1,56,55,57,-1,56,57,58,-1,58,57,59,-1,58,59,40,-1,40,59,60,-1,40,60,38,-1,61,62,33,-1,33,62,63,-1,33,63,34,-1,64,0,65,-1,65,0,66,-1,65,66,67,-1,50,68,26,-1,26,68,69,-1,26,69,70,-1,25,71,6,-1,6,71,72,-1,6,72,66,-1,66,72,73,-1,66,73,67,-1,46,74,44,-1,44,74,75,-1,44,75,76,-1,77,78,1,-1,64,44,0,-1,0,44,76,-1,0,76,1,-1,1,76,79,-1,1,79,80,-1,80,81,1,-1,1,81,82,-1,1,82,83,-1,83,84,1,-1,1,84,85,-1,1,85,77,-1,78,86,1,-1,1,86,87,-1,1,87,88,-1,89,90,88,-1,88,90,91,-1,88,91,1,-1,92,93,94,-1,93,95,94,-1,94,95,96,-1,94,96,97,-1,98,99,100,-1,100,99,101,-1,102,103,101,-1,103,104,101,-1,101,104,105,-1,101,105,100,-1,106,107,94,-1,94,107,108,-1,94,108,92,-1,109,110,111,-1,112,113,114,-1,115,116,98,-1,98,116,117,-1,98,117,99,-1,96,118,97,-1,97,118,119,-1,97,119,120,-1,120,119,111,-1,114,113,121,-1,115,122,123,-1,101,124,102,-1,102,124,125,-1,102,125,126,-1,126,125,127,-1,126,127,128,-1,111,119,109,-1,109,119,129,-1,109,129,130,-1,131,132,133,-1,134,135,114,-1,114,135,136,-1,114,136,112,-1,137,138,139,-1,122,115,113,-1,113,115,140,-1,113,140,121,-1,123,141,115,-1,115,141,142,-1,115,142,116,-1,128,143,126,-1,126,143,144,-1,126,144,145,-1,145,144,146,-1,145,146,147,-1,147,146,137,-1,147,137,148,-1,148,137,139,-1,137,149,138,-1,138,149,150,-1,138,150,151,-1,151,150,152,-1,130,129,133,-1,133,129,153,-1,133,153,131,-1,114,154,2,-1,2,154,155,-1,2,155,156,-1,155,157,156,-1,156,157,158,-1,156,158,94,-1,94,158,159,-1,94,159,106,-1,150,160,161,-1,3,162,163,-1,161,164,150,-1,150,164,165,-1,150,165,152,-1,166,167,168,-1,167,169,168,-1,168,169,170,-1,168,170,171,-1,169,172,170,-1,170,172,173,-1,170,173,174,-1,174,173,175,-1,134,114,163,-1,163,114,2,-1,163,2,3,-1,162,3,168,-1,168,3,176,-1,168,176,177,-1,177,178,168,-1,168,178,179,-1,168,179,166,-1,21,20,110,-1,110,20,111,-1,22,21,109,-1,109,21,110,-1,22,109,130,-1,22,130,32,-1,32,130,133,-1,32,133,33,-1,33,133,132,-1,33,132,61,-1,61,132,131,-1,61,131,62,-1,62,131,153,-1,62,153,63,-1,63,153,129,-1,63,129,34,-1,7,34,119,-1,119,34,129,-1,7,119,8,-1,8,119,118,-1,8,118,19,-1,19,118,96,-1,19,96,4,-1,4,96,95,-1,4,95,5,-1,5,95,93,-1,5,93,23,-1,23,93,92,-1,24,23,108,-1,108,23,92,-1,24,108,107,-1,24,107,25,-1,25,107,106,-1,25,106,71,-1,71,106,159,-1,71,159,72,-1,72,159,158,-1,72,158,73,-1,73,158,157,-1,73,157,67,-1,65,67,155,-1,155,67,157,-1,65,155,64,-1,64,155,154,-1,64,154,44,-1,44,154,114,-1,44,114,42,-1,42,114,121,-1,42,121,40,-1,40,121,140,-1,40,140,58,-1,58,140,115,-1,56,58,98,-1,98,58,115,-1,56,98,100,-1,56,100,54,-1,54,100,105,-1,54,105,18,-1,18,105,104,-1,18,104,17,-1,17,104,103,-1,17,103,15,-1,15,103,102,-1,15,102,13,-1,12,13,126,-1,126,13,102,-1,12,126,145,-1,12,145,52,-1,52,145,147,-1,52,147,53,-1,53,147,148,-1,53,148,35,-1,35,148,139,-1,35,139,36,-1,36,139,138,-1,36,138,37,-1,37,138,151,-1,37,151,48,-1,49,48,152,-1,152,48,151,-1,49,152,165,-1,49,165,50,-1,50,165,164,-1,50,164,68,-1,68,164,161,-1,68,161,69,-1,69,161,160,-1,69,160,70,-1,70,160,150,-1,70,150,26,-1,27,26,149,-1,149,26,150,-1,28,27,137,-1,137,27,149,-1,28,137,51,-1,51,137,146,-1,51,146,10,-1,10,146,144,-1,10,144,11,-1,11,144,143,-1,11,143,29,-1,29,143,128,-1,29,128,30,-1,30,128,127,-1,31,30,125,-1,125,30,127,-1,31,125,14,-1,14,125,124,-1,14,124,16,-1,16,124,101,-1,16,101,55,-1,55,101,99,-1,55,99,57,-1,57,99,117,-1,57,117,59,-1,59,117,116,-1,59,116,60,-1,60,116,142,-1,38,60,141,-1,141,60,142,-1,38,141,39,-1,39,141,123,-1,39,123,41,-1,41,123,122,-1,41,122,43,-1,43,122,113,-1,43,113,45,-1,45,113,112,-1,45,112,46,-1,46,112,136,-1,46,136,74,-1,74,136,135,-1,74,135,75,-1,75,135,134,-1,76,75,163,-1,163,75,134,-1,76,163,79,-1,79,163,162,-1,79,162,80,-1,80,162,168,-1,81,80,171,-1,171,80,168,-1,82,81,170,-1,170,81,171,-1,82,170,174,-1,82,174,83,-1,83,174,175,-1,83,175,84,-1,84,175,173,-1,84,173,85,-1,85,173,172,-1,85,172,77,-1,77,172,169,-1,77,169,78,-1,86,78,167,-1,167,78,169,-1,86,167,166,-1,86,166,87,-1,87,166,179,-1,87,179,88,-1,88,179,178,-1,88,178,89,-1,89,178,177,-1,89,177,90,-1,90,177,176,-1,90,176,91,-1,91,176,3,-1,91,3,1,-1,97,9,94,-1,94,9,6,-1,9,97,120,-1,9,120,47,-1,47,120,111,-1,47,111,20,-1,180,181,182,-1,182,181,183,-1,184,185,186,-1,187,188,189,-1,190,191,192,-1,193,194,195,-1,195,194,196,-1,195,196,197,-1,197,196,198,-1,189,188,186,-1,186,188,199,-1,186,199,184,-1,200,201,202,-1,185,203,186,-1,186,203,204,-1,186,204,205,-1,206,207,208,-1,191,209,192,-1,192,209,210,-1,192,210,193,-1,193,210,211,-1,193,211,194,-1,212,213,214,-1,215,216,208,-1,208,216,217,-1,208,217,206,-1,218,219,220,-1,220,219,221,-1,220,221,222,-1,222,221,223,-1,222,223,224,-1,224,223,225,-1,224,225,226,-1,189,227,187,-1,187,227,200,-1,187,200,214,-1,214,200,202,-1,214,202,212,-1,217,228,206,-1,206,228,229,-1,206,229,230,-1,190,192,231,-1,231,192,232,-1,231,232,208,-1,208,232,233,-1,208,233,215,-1,198,196,234,-1,234,196,235,-1,234,235,236,-1,236,235,237,-1,236,237,238,-1,238,237,239,-1,238,239,220,-1,220,239,240,-1,220,240,218,-1,241,242,213,-1,213,242,243,-1,213,243,214,-1,244,180,245,-1,245,180,246,-1,245,246,247,-1,230,248,206,-1,206,248,249,-1,206,249,250,-1,205,251,186,-1,186,251,252,-1,186,252,246,-1,246,252,253,-1,246,253,247,-1,226,254,224,-1,224,254,255,-1,224,255,256,-1,257,258,181,-1,244,224,180,-1,180,224,256,-1,180,256,181,-1,181,256,259,-1,181,259,260,-1,260,261,181,-1,181,261,262,-1,181,262,263,-1,263,264,181,-1,181,264,265,-1,181,265,257,-1,258,266,181,-1,181,266,267,-1,181,267,268,-1,269,270,268,-1,268,270,271,-1,268,271,181,-1,272,273,274,-1,273,275,274,-1,274,275,276,-1,274,276,277,-1,278,279,280,-1,280,279,281,-1,282,283,281,-1,283,284,281,-1,281,284,285,-1,281,285,280,-1,286,287,274,-1,274,287,288,-1,274,288,272,-1,289,290,291,-1,292,293,294,-1,295,296,278,-1,278,296,297,-1,278,297,279,-1,276,298,277,-1,277,298,299,-1,277,299,300,-1,300,299,291,-1,294,293,301,-1,295,302,303,-1,281,304,282,-1,282,304,305,-1,282,305,306,-1,306,305,307,-1,306,307,308,-1,291,299,289,-1,289,299,309,-1,289,309,310,-1,311,312,313,-1,314,315,294,-1,294,315,316,-1,294,316,292,-1,317,318,319,-1,302,295,293,-1,293,295,320,-1,293,320,301,-1,303,321,295,-1,295,321,322,-1,295,322,296,-1,308,323,306,-1,306,323,324,-1,306,324,325,-1,325,324,326,-1,325,326,327,-1,327,326,317,-1,327,317,328,-1,328,317,319,-1,317,329,318,-1,318,329,330,-1,318,330,331,-1,331,330,332,-1,310,309,313,-1,313,309,333,-1,313,333,311,-1,294,334,182,-1,182,334,335,-1,182,335,336,-1,335,337,336,-1,336,337,338,-1,336,338,274,-1,274,338,339,-1,274,339,286,-1,330,340,341,-1,183,342,343,-1,341,344,330,-1,330,344,345,-1,330,345,332,-1,346,347,348,-1,347,349,348,-1,348,349,350,-1,348,350,351,-1,349,352,350,-1,350,352,353,-1,350,353,354,-1,354,353,355,-1,314,294,343,-1,343,294,182,-1,343,182,183,-1,342,183,348,-1,348,183,356,-1,348,356,357,-1,357,358,348,-1,348,358,359,-1,348,359,346,-1,201,200,290,-1,290,200,291,-1,202,201,289,-1,289,201,290,-1,202,289,310,-1,202,310,212,-1,212,310,313,-1,212,313,213,-1,213,313,312,-1,213,312,241,-1,241,312,311,-1,241,311,242,-1,242,311,333,-1,242,333,243,-1,243,333,309,-1,243,309,214,-1,187,214,299,-1,299,214,309,-1,187,299,188,-1,188,299,298,-1,188,298,199,-1,199,298,276,-1,199,276,184,-1,184,276,275,-1,184,275,185,-1,185,275,273,-1,185,273,203,-1,203,273,272,-1,204,203,288,-1,288,203,272,-1,204,288,287,-1,204,287,205,-1,205,287,286,-1,205,286,251,-1,251,286,339,-1,251,339,252,-1,252,339,338,-1,252,338,253,-1,253,338,337,-1,253,337,247,-1,245,247,335,-1,335,247,337,-1,245,335,244,-1,244,335,334,-1,244,334,224,-1,224,334,294,-1,224,294,222,-1,222,294,301,-1,222,301,220,-1,220,301,320,-1,220,320,238,-1,238,320,295,-1,236,238,278,-1,278,238,295,-1,236,278,280,-1,236,280,234,-1,234,280,285,-1,234,285,198,-1,198,285,284,-1,198,284,197,-1,197,284,283,-1,197,283,195,-1,195,283,282,-1,195,282,193,-1,192,193,306,-1,306,193,282,-1,192,306,325,-1,192,325,232,-1,232,325,327,-1,232,327,233,-1,233,327,328,-1,233,328,215,-1,215,328,319,-1,215,319,216,-1,216,319,318,-1,216,318,217,-1,217,318,331,-1,217,331,228,-1,229,228,332,-1,332,228,331,-1,229,332,345,-1,229,345,230,-1,230,345,344,-1,230,344,248,-1,248,344,341,-1,248,341,249,-1,249,341,340,-1,249,340,250,-1,250,340,330,-1,250,330,206,-1,207,206,329,-1,329,206,330,-1,208,207,317,-1,317,207,329,-1,208,317,231,-1,231,317,326,-1,231,326,190,-1,190,326,324,-1,190,324,191,-1,191,324,323,-1,191,323,209,-1,209,323,308,-1,209,308,210,-1,210,308,307,-1,211,210,305,-1,305,210,307,-1,211,305,194,-1,194,305,304,-1,194,304,196,-1,196,304,281,-1,196,281,235,-1,235,281,279,-1,235,279,237,-1,237,279,297,-1,237,297,239,-1,239,297,296,-1,239,296,240,-1,240,296,322,-1,218,240,321,-1,321,240,322,-1,218,321,219,-1,219,321,303,-1,219,303,221,-1,221,303,302,-1,221,302,223,-1,223,302,293,-1,223,293,225,-1,225,293,292,-1,225,292,226,-1,226,292,316,-1,226,316,254,-1,254,316,315,-1,254,315,255,-1,255,315,314,-1,256,255,343,-1,343,255,314,-1,256,343,259,-1,259,343,342,-1,259,342,260,-1,260,342,348,-1,261,260,351,-1,351,260,348,-1,262,261,350,-1,350,261,351,-1,262,350,354,-1,262,354,263,-1,263,354,355,-1,263,355,264,-1,264,355,353,-1,264,353,265,-1,265,353,352,-1,265,352,257,-1,257,352,349,-1,257,349,258,-1,266,258,347,-1,347,258,349,-1,266,347,346,-1,266,346,267,-1,267,346,359,-1,267,359,268,-1,268,359,358,-1,268,358,269,-1,269,358,357,-1,269,357,270,-1,270,357,356,-1,270,356,271,-1,271,356,183,-1,271,183,181,-1,277,189,274,-1,274,189,186,-1,189,277,300,-1,189,300,227,-1,227,300,291,-1,227,291,200,-1,360,361,362,-1,362,361,363,-1,364,365,366,-1,367,368,369,-1,370,371,372,-1,373,374,375,-1,375,374,376,-1,375,376,377,-1,377,376,378,-1,369,368,366,-1,366,368,379,-1,366,379,364,-1,380,381,382,-1,365,383,366,-1,366,383,384,-1,366,384,385,-1,386,387,388,-1,371,389,372,-1,372,389,390,-1,372,390,373,-1,373,390,391,-1,373,391,374,-1,392,393,394,-1,395,396,388,-1,388,396,397,-1,388,397,386,-1,398,399,400,-1,400,399,401,-1,400,401,402,-1,402,401,403,-1,402,403,404,-1,404,403,405,-1,404,405,406,-1,369,407,367,-1,367,407,380,-1,367,380,394,-1,394,380,382,-1,394,382,392,-1,397,408,386,-1,386,408,409,-1,386,409,410,-1,370,372,411,-1,411,372,412,-1,411,412,388,-1,388,412,413,-1,388,413,395,-1,378,376,414,-1,414,376,415,-1,414,415,416,-1,416,415,417,-1,416,417,418,-1,418,417,419,-1,418,419,400,-1,400,419,420,-1,400,420,398,-1,421,422,393,-1,393,422,423,-1,393,423,394,-1,424,360,425,-1,425,360,426,-1,425,426,427,-1,410,428,386,-1,386,428,429,-1,386,429,430,-1,385,431,366,-1,366,431,432,-1,366,432,426,-1,426,432,433,-1,426,433,427,-1,406,434,404,-1,404,434,435,-1,404,435,436,-1,437,438,361,-1,424,404,360,-1,360,404,436,-1,360,436,361,-1,361,436,439,-1,361,439,440,-1,440,441,361,-1,361,441,442,-1,361,442,443,-1,443,444,361,-1,361,444,445,-1,361,445,437,-1,438,446,361,-1,361,446,447,-1,361,447,448,-1,449,450,448,-1,448,450,451,-1,448,451,361,-1,452,453,454,-1,453,455,454,-1,454,455,456,-1,454,456,457,-1,458,459,460,-1,460,459,461,-1,462,463,461,-1,463,464,461,-1,461,464,465,-1,461,465,460,-1,466,467,454,-1,454,467,468,-1,454,468,452,-1,469,470,471,-1,472,473,474,-1,475,476,458,-1,458,476,477,-1,458,477,459,-1,456,478,457,-1,457,478,479,-1,457,479,480,-1,480,479,471,-1,474,473,481,-1,475,482,483,-1,461,484,462,-1,462,484,485,-1,462,485,486,-1,486,485,487,-1,486,487,488,-1,471,479,469,-1,469,479,489,-1,469,489,490,-1,491,492,493,-1,494,495,474,-1,474,495,496,-1,474,496,472,-1,497,498,499,-1,482,475,473,-1,473,475,500,-1,473,500,481,-1,483,501,475,-1,475,501,502,-1,475,502,476,-1,488,503,486,-1,486,503,504,-1,486,504,505,-1,505,504,506,-1,505,506,507,-1,507,506,497,-1,507,497,508,-1,508,497,499,-1,497,509,498,-1,498,509,510,-1,498,510,511,-1,511,510,512,-1,490,489,493,-1,493,489,513,-1,493,513,491,-1,474,514,362,-1,362,514,515,-1,362,515,516,-1,515,517,516,-1,516,517,518,-1,516,518,454,-1,454,518,519,-1,454,519,466,-1,510,520,521,-1,363,522,523,-1,521,524,510,-1,510,524,525,-1,510,525,512,-1,526,527,528,-1,527,529,528,-1,528,529,530,-1,528,530,531,-1,529,532,530,-1,530,532,533,-1,530,533,534,-1,534,533,535,-1,494,474,523,-1,523,474,362,-1,523,362,363,-1,522,363,528,-1,528,363,536,-1,528,536,537,-1,537,538,528,-1,528,538,539,-1,528,539,526,-1,381,380,470,-1,470,380,471,-1,382,381,469,-1,469,381,470,-1,382,469,490,-1,382,490,392,-1,392,490,493,-1,392,493,393,-1,393,493,492,-1,393,492,421,-1,421,492,491,-1,421,491,422,-1,422,491,513,-1,422,513,423,-1,423,513,489,-1,423,489,394,-1,367,394,479,-1,479,394,489,-1,367,479,368,-1,368,479,478,-1,368,478,379,-1,379,478,456,-1,379,456,364,-1,364,456,455,-1,364,455,365,-1,365,455,453,-1,365,453,383,-1,383,453,452,-1,384,383,468,-1,468,383,452,-1,384,468,467,-1,384,467,385,-1,385,467,466,-1,385,466,431,-1,431,466,519,-1,431,519,432,-1,432,519,518,-1,432,518,433,-1,433,518,517,-1,433,517,427,-1,425,427,515,-1,515,427,517,-1,425,515,424,-1,424,515,514,-1,424,514,404,-1,404,514,474,-1,404,474,402,-1,402,474,481,-1,402,481,400,-1,400,481,500,-1,400,500,418,-1,418,500,475,-1,416,418,458,-1,458,418,475,-1,416,458,460,-1,416,460,414,-1,414,460,465,-1,414,465,378,-1,378,465,464,-1,378,464,377,-1,377,464,463,-1,377,463,375,-1,375,463,462,-1,375,462,373,-1,372,373,486,-1,486,373,462,-1,372,486,505,-1,372,505,412,-1,412,505,507,-1,412,507,413,-1,413,507,508,-1,413,508,395,-1,395,508,499,-1,395,499,396,-1,396,499,498,-1,396,498,397,-1,397,498,511,-1,397,511,408,-1,409,408,512,-1,512,408,511,-1,409,512,525,-1,409,525,410,-1,410,525,524,-1,410,524,428,-1,428,524,521,-1,428,521,429,-1,429,521,520,-1,429,520,430,-1,430,520,510,-1,430,510,386,-1,387,386,509,-1,509,386,510,-1,388,387,497,-1,497,387,509,-1,388,497,411,-1,411,497,506,-1,411,506,370,-1,370,506,504,-1,370,504,371,-1,371,504,503,-1,371,503,389,-1,389,503,488,-1,389,488,390,-1,390,488,487,-1,391,390,485,-1,485,390,487,-1,391,485,374,-1,374,485,484,-1,374,484,376,-1,376,484,461,-1,376,461,415,-1,415,461,459,-1,415,459,417,-1,417,459,477,-1,417,477,419,-1,419,477,476,-1,419,476,420,-1,420,476,502,-1,398,420,501,-1,501,420,502,-1,398,501,399,-1,399,501,483,-1,399,483,401,-1,401,483,482,-1,401,482,403,-1,403,482,473,-1,403,473,405,-1,405,473,472,-1,405,472,406,-1,406,472,496,-1,406,496,434,-1,434,496,495,-1,434,495,435,-1,435,495,494,-1,436,435,523,-1,523,435,494,-1,436,523,439,-1,439,523,522,-1,439,522,440,-1,440,522,528,-1,441,440,531,-1,531,440,528,-1,442,441,530,-1,530,441,531,-1,442,530,534,-1,442,534,443,-1,443,534,535,-1,443,535,444,-1,444,535,533,-1,444,533,445,-1,445,533,532,-1,445,532,437,-1,437,532,529,-1,437,529,438,-1,446,438,527,-1,527,438,529,-1,446,527,526,-1,446,526,447,-1,447,526,539,-1,447,539,448,-1,448,539,538,-1,448,538,449,-1,449,538,537,-1,449,537,450,-1,450,537,536,-1,450,536,451,-1,451,536,363,-1,451,363,361,-1,457,369,454,-1,454,369,366,-1,369,457,480,-1,369,480,407,-1,407,480,471,-1,407,471,380,-1,540,541,542,-1,542,541,543,-1,544,545,546,-1,547,548,549,-1,550,551,552,-1,553,554,555,-1,555,554,556,-1,555,556,557,-1,557,556,558,-1,549,548,546,-1,546,548,559,-1,546,559,544,-1,560,561,562,-1,545,563,546,-1,546,563,564,-1,546,564,565,-1,566,567,568,-1,551,569,552,-1,552,569,570,-1,552,570,553,-1,553,570,571,-1,553,571,554,-1,572,573,574,-1,575,576,568,-1,568,576,577,-1,568,577,566,-1,578,579,580,-1,580,579,581,-1,580,581,582,-1,582,581,583,-1,582,583,584,-1,584,583,585,-1,584,585,586,-1,549,587,547,-1,547,587,560,-1,547,560,574,-1,574,560,562,-1,574,562,572,-1,577,588,566,-1,566,588,589,-1,566,589,590,-1,550,552,591,-1,591,552,592,-1,591,592,568,-1,568,592,593,-1,568,593,575,-1,558,556,594,-1,594,556,595,-1,594,595,596,-1,596,595,597,-1,596,597,598,-1,598,597,599,-1,598,599,580,-1,580,599,600,-1,580,600,578,-1,601,602,573,-1,573,602,603,-1,573,603,574,-1,604,540,605,-1,605,540,606,-1,605,606,607,-1,590,608,566,-1,566,608,609,-1,566,609,610,-1,565,611,546,-1,546,611,612,-1,546,612,606,-1,606,612,613,-1,606,613,607,-1,586,614,584,-1,584,614,615,-1,584,615,616,-1,617,618,541,-1,604,584,540,-1,540,584,616,-1,540,616,541,-1,541,616,619,-1,541,619,620,-1,620,621,541,-1,541,621,622,-1,541,622,623,-1,623,624,541,-1,541,624,625,-1,541,625,617,-1,618,626,541,-1,541,626,627,-1,541,627,628,-1,629,630,628,-1,628,630,631,-1,628,631,541,-1,632,633,634,-1,633,635,634,-1,634,635,636,-1,634,636,637,-1,638,639,640,-1,640,639,641,-1,642,643,641,-1,643,644,641,-1,641,644,645,-1,641,645,640,-1,646,647,634,-1,634,647,648,-1,634,648,632,-1,649,650,651,-1,652,653,654,-1,655,656,638,-1,638,656,657,-1,638,657,639,-1,636,658,637,-1,637,658,659,-1,637,659,660,-1,660,659,651,-1,654,653,661,-1,655,662,663,-1,641,664,642,-1,642,664,665,-1,642,665,666,-1,666,665,667,-1,666,667,668,-1,651,659,649,-1,649,659,669,-1,649,669,670,-1,671,672,673,-1,674,675,654,-1,654,675,676,-1,654,676,652,-1,677,678,679,-1,662,655,653,-1,653,655,680,-1,653,680,661,-1,663,681,655,-1,655,681,682,-1,655,682,656,-1,668,683,666,-1,666,683,684,-1,666,684,685,-1,685,684,686,-1,685,686,687,-1,687,686,677,-1,687,677,688,-1,688,677,679,-1,677,689,678,-1,678,689,690,-1,678,690,691,-1,691,690,692,-1,670,669,673,-1,673,669,693,-1,673,693,671,-1,654,694,542,-1,542,694,695,-1,542,695,696,-1,695,697,696,-1,696,697,698,-1,696,698,634,-1,634,698,699,-1,634,699,646,-1,690,700,701,-1,543,702,703,-1,701,704,690,-1,690,704,705,-1,690,705,692,-1,706,707,708,-1,707,709,708,-1,708,709,710,-1,708,710,711,-1,709,712,710,-1,710,712,713,-1,710,713,714,-1,714,713,715,-1,674,654,703,-1,703,654,542,-1,703,542,543,-1,702,543,708,-1,708,543,716,-1,708,716,717,-1,717,718,708,-1,708,718,719,-1,708,719,706,-1,561,560,650,-1,650,560,651,-1,562,561,649,-1,649,561,650,-1,562,649,670,-1,562,670,572,-1,572,670,673,-1,572,673,573,-1,573,673,672,-1,573,672,601,-1,601,672,671,-1,601,671,602,-1,602,671,693,-1,602,693,603,-1,603,693,669,-1,603,669,574,-1,547,574,659,-1,659,574,669,-1,547,659,548,-1,548,659,658,-1,548,658,559,-1,559,658,636,-1,559,636,544,-1,544,636,635,-1,544,635,545,-1,545,635,633,-1,545,633,563,-1,563,633,632,-1,564,563,648,-1,648,563,632,-1,564,648,647,-1,564,647,565,-1,565,647,646,-1,565,646,611,-1,611,646,699,-1,611,699,612,-1,612,699,698,-1,612,698,613,-1,613,698,697,-1,613,697,607,-1,605,607,695,-1,695,607,697,-1,605,695,604,-1,604,695,694,-1,604,694,584,-1,584,694,654,-1,584,654,582,-1,582,654,661,-1,582,661,580,-1,580,661,680,-1,580,680,598,-1,598,680,655,-1,596,598,638,-1,638,598,655,-1,596,638,640,-1,596,640,594,-1,594,640,645,-1,594,645,558,-1,558,645,644,-1,558,644,557,-1,557,644,643,-1,557,643,555,-1,555,643,642,-1,555,642,553,-1,552,553,666,-1,666,553,642,-1,552,666,685,-1,552,685,592,-1,592,685,687,-1,592,687,593,-1,593,687,688,-1,593,688,575,-1,575,688,679,-1,575,679,576,-1,576,679,678,-1,576,678,577,-1,577,678,691,-1,577,691,588,-1,589,588,692,-1,692,588,691,-1,589,692,705,-1,589,705,590,-1,590,705,704,-1,590,704,608,-1,608,704,701,-1,608,701,609,-1,609,701,700,-1,609,700,610,-1,610,700,690,-1,610,690,566,-1,567,566,689,-1,689,566,690,-1,568,567,677,-1,677,567,689,-1,568,677,591,-1,591,677,686,-1,591,686,550,-1,550,686,684,-1,550,684,551,-1,551,684,683,-1,551,683,569,-1,569,683,668,-1,569,668,570,-1,570,668,667,-1,571,570,665,-1,665,570,667,-1,571,665,554,-1,554,665,664,-1,554,664,556,-1,556,664,641,-1,556,641,595,-1,595,641,639,-1,595,639,597,-1,597,639,657,-1,597,657,599,-1,599,657,656,-1,599,656,600,-1,600,656,682,-1,578,600,681,-1,681,600,682,-1,578,681,579,-1,579,681,663,-1,579,663,581,-1,581,663,662,-1,581,662,583,-1,583,662,653,-1,583,653,585,-1,585,653,652,-1,585,652,586,-1,586,652,676,-1,586,676,614,-1,614,676,675,-1,614,675,615,-1,615,675,674,-1,616,615,703,-1,703,615,674,-1,616,703,619,-1,619,703,702,-1,619,702,620,-1,620,702,708,-1,621,620,711,-1,711,620,708,-1,622,621,710,-1,710,621,711,-1,622,710,714,-1,622,714,623,-1,623,714,715,-1,623,715,624,-1,624,715,713,-1,624,713,625,-1,625,713,712,-1,625,712,617,-1,617,712,709,-1,617,709,618,-1,626,618,707,-1,707,618,709,-1,626,707,706,-1,626,706,627,-1,627,706,719,-1,627,719,628,-1,628,719,718,-1,628,718,629,-1,629,718,717,-1,629,717,630,-1,630,717,716,-1,630,716,631,-1,631,716,543,-1,631,543,541,-1,637,549,634,-1,634,549,546,-1,549,637,660,-1,549,660,587,-1,587,660,651,-1,587,651,560,-1,720,721,722,-1,722,721,723,-1,724,725,726,-1,727,728,729,-1,730,731,732,-1,733,734,735,-1,735,734,736,-1,735,736,737,-1,737,736,738,-1,729,728,726,-1,726,728,739,-1,726,739,724,-1,740,741,742,-1,725,743,726,-1,726,743,744,-1,726,744,745,-1,746,747,748,-1,731,749,732,-1,732,749,750,-1,732,750,733,-1,733,750,751,-1,733,751,734,-1,752,753,754,-1,755,756,748,-1,748,756,757,-1,748,757,746,-1,758,759,760,-1,760,759,761,-1,760,761,762,-1,762,761,763,-1,762,763,764,-1,764,763,765,-1,764,765,766,-1,729,767,727,-1,727,767,740,-1,727,740,754,-1,754,740,742,-1,754,742,752,-1,757,768,746,-1,746,768,769,-1,746,769,770,-1,730,732,771,-1,771,732,772,-1,771,772,748,-1,748,772,773,-1,748,773,755,-1,738,736,774,-1,774,736,775,-1,774,775,776,-1,776,775,777,-1,776,777,778,-1,778,777,779,-1,778,779,760,-1,760,779,780,-1,760,780,758,-1,781,782,753,-1,753,782,783,-1,753,783,754,-1,784,720,785,-1,785,720,786,-1,785,786,787,-1,770,788,746,-1,746,788,789,-1,746,789,790,-1,745,791,726,-1,726,791,792,-1,726,792,786,-1,786,792,793,-1,786,793,787,-1,766,794,764,-1,764,794,795,-1,764,795,796,-1,797,798,721,-1,784,764,720,-1,720,764,796,-1,720,796,721,-1,721,796,799,-1,721,799,800,-1,800,801,721,-1,721,801,802,-1,721,802,803,-1,803,804,721,-1,721,804,805,-1,721,805,797,-1,798,806,721,-1,721,806,807,-1,721,807,808,-1,809,810,808,-1,808,810,811,-1,808,811,721,-1,812,813,814,-1,813,815,814,-1,814,815,816,-1,814,816,817,-1,818,819,820,-1,820,819,821,-1,822,823,821,-1,823,824,821,-1,821,824,825,-1,821,825,820,-1,826,827,814,-1,814,827,828,-1,814,828,812,-1,829,830,831,-1,832,833,834,-1,835,836,818,-1,818,836,837,-1,818,837,819,-1,816,838,817,-1,817,838,839,-1,817,839,840,-1,840,839,831,-1,834,833,841,-1,835,842,843,-1,821,844,822,-1,822,844,845,-1,822,845,846,-1,846,845,847,-1,846,847,848,-1,831,839,829,-1,829,839,849,-1,829,849,850,-1,851,852,853,-1,854,855,834,-1,834,855,856,-1,834,856,832,-1,857,858,859,-1,842,835,833,-1,833,835,860,-1,833,860,841,-1,843,861,835,-1,835,861,862,-1,835,862,836,-1,848,863,846,-1,846,863,864,-1,846,864,865,-1,865,864,866,-1,865,866,867,-1,867,866,857,-1,867,857,868,-1,868,857,859,-1,857,869,858,-1,858,869,870,-1,858,870,871,-1,871,870,872,-1,850,849,853,-1,853,849,873,-1,853,873,851,-1,834,874,722,-1,722,874,875,-1,722,875,876,-1,875,877,876,-1,876,877,878,-1,876,878,814,-1,814,878,879,-1,814,879,826,-1,870,880,881,-1,723,882,883,-1,881,884,870,-1,870,884,885,-1,870,885,872,-1,886,887,888,-1,887,889,888,-1,888,889,890,-1,888,890,891,-1,889,892,890,-1,890,892,893,-1,890,893,894,-1,894,893,895,-1,854,834,883,-1,883,834,722,-1,883,722,723,-1,882,723,888,-1,888,723,896,-1,888,896,897,-1,897,898,888,-1,888,898,899,-1,888,899,886,-1,741,740,830,-1,830,740,831,-1,742,741,829,-1,829,741,830,-1,742,829,850,-1,742,850,752,-1,752,850,853,-1,752,853,753,-1,753,853,852,-1,753,852,781,-1,781,852,851,-1,781,851,782,-1,782,851,873,-1,782,873,783,-1,783,873,849,-1,783,849,754,-1,727,754,839,-1,839,754,849,-1,727,839,728,-1,728,839,838,-1,728,838,739,-1,739,838,816,-1,739,816,724,-1,724,816,815,-1,724,815,725,-1,725,815,813,-1,725,813,743,-1,743,813,812,-1,744,743,828,-1,828,743,812,-1,744,828,827,-1,744,827,745,-1,745,827,826,-1,745,826,791,-1,791,826,879,-1,791,879,792,-1,792,879,878,-1,792,878,793,-1,793,878,877,-1,793,877,787,-1,785,787,875,-1,875,787,877,-1,785,875,784,-1,784,875,874,-1,784,874,764,-1,764,874,834,-1,764,834,762,-1,762,834,841,-1,762,841,760,-1,760,841,860,-1,760,860,778,-1,778,860,835,-1,776,778,818,-1,818,778,835,-1,776,818,820,-1,776,820,774,-1,774,820,825,-1,774,825,738,-1,738,825,824,-1,738,824,737,-1,737,824,823,-1,737,823,735,-1,735,823,822,-1,735,822,733,-1,732,733,846,-1,846,733,822,-1,732,846,865,-1,732,865,772,-1,772,865,867,-1,772,867,773,-1,773,867,868,-1,773,868,755,-1,755,868,859,-1,755,859,756,-1,756,859,858,-1,756,858,757,-1,757,858,871,-1,757,871,768,-1,769,768,872,-1,872,768,871,-1,769,872,885,-1,769,885,770,-1,770,885,884,-1,770,884,788,-1,788,884,881,-1,788,881,789,-1,789,881,880,-1,789,880,790,-1,790,880,870,-1,790,870,746,-1,747,746,869,-1,869,746,870,-1,748,747,857,-1,857,747,869,-1,748,857,771,-1,771,857,866,-1,771,866,730,-1,730,866,864,-1,730,864,731,-1,731,864,863,-1,731,863,749,-1,749,863,848,-1,749,848,750,-1,750,848,847,-1,751,750,845,-1,845,750,847,-1,751,845,734,-1,734,845,844,-1,734,844,736,-1,736,844,821,-1,736,821,775,-1,775,821,819,-1,775,819,777,-1,777,819,837,-1,777,837,779,-1,779,837,836,-1,779,836,780,-1,780,836,862,-1,758,780,861,-1,861,780,862,-1,758,861,759,-1,759,861,843,-1,759,843,761,-1,761,843,842,-1,761,842,763,-1,763,842,833,-1,763,833,765,-1,765,833,832,-1,765,832,766,-1,766,832,856,-1,766,856,794,-1,794,856,855,-1,794,855,795,-1,795,855,854,-1,796,795,883,-1,883,795,854,-1,796,883,799,-1,799,883,882,-1,799,882,800,-1,800,882,888,-1,801,800,891,-1,891,800,888,-1,802,801,890,-1,890,801,891,-1,802,890,894,-1,802,894,803,-1,803,894,895,-1,803,895,804,-1,804,895,893,-1,804,893,805,-1,805,893,892,-1,805,892,797,-1,797,892,889,-1,797,889,798,-1,806,798,887,-1,887,798,889,-1,806,887,886,-1,806,886,807,-1,807,886,899,-1,807,899,808,-1,808,899,898,-1,808,898,809,-1,809,898,897,-1,809,897,810,-1,810,897,896,-1,810,896,811,-1,811,896,723,-1,811,723,721,-1,817,729,814,-1,814,729,726,-1,729,817,840,-1,729,840,767,-1,767,840,831,-1,767,831,740,-1,900,901,902,-1,902,901,903,-1,904,905,906,-1,907,908,909,-1,910,911,912,-1,913,914,915,-1,915,914,916,-1,915,916,917,-1,917,916,918,-1,909,908,906,-1,906,908,919,-1,906,919,904,-1,920,921,922,-1,905,923,906,-1,906,923,924,-1,906,924,925,-1,926,927,928,-1,911,929,912,-1,912,929,930,-1,912,930,913,-1,913,930,931,-1,913,931,914,-1,932,933,934,-1,935,936,928,-1,928,936,937,-1,928,937,926,-1,938,939,940,-1,940,939,941,-1,940,941,942,-1,942,941,943,-1,942,943,944,-1,944,943,945,-1,944,945,946,-1,909,947,907,-1,907,947,920,-1,907,920,934,-1,934,920,922,-1,934,922,932,-1,937,948,926,-1,926,948,949,-1,926,949,950,-1,910,912,951,-1,951,912,952,-1,951,952,928,-1,928,952,953,-1,928,953,935,-1,918,916,954,-1,954,916,955,-1,954,955,956,-1,956,955,957,-1,956,957,958,-1,958,957,959,-1,958,959,940,-1,940,959,960,-1,940,960,938,-1,961,962,933,-1,933,962,963,-1,933,963,934,-1,964,900,965,-1,965,900,966,-1,965,966,967,-1,950,968,926,-1,926,968,969,-1,926,969,970,-1,925,971,906,-1,906,971,972,-1,906,972,966,-1,966,972,973,-1,966,973,967,-1,946,974,944,-1,944,974,975,-1,944,975,976,-1,977,978,901,-1,964,944,900,-1,900,944,976,-1,900,976,901,-1,901,976,979,-1,901,979,980,-1,980,981,901,-1,901,981,982,-1,901,982,983,-1,983,984,901,-1,901,984,985,-1,901,985,977,-1,978,986,901,-1,901,986,987,-1,901,987,988,-1,989,990,988,-1,988,990,991,-1,988,991,901,-1,992,993,994,-1,993,995,994,-1,994,995,996,-1,994,996,997,-1,998,999,1000,-1,1000,999,1001,-1,1002,1003,1001,-1,1003,1004,1001,-1,1001,1004,1005,-1,1001,1005,1000,-1,1006,1007,994,-1,994,1007,1008,-1,994,1008,992,-1,1009,1010,1011,-1,1012,1013,1014,-1,1015,1016,998,-1,998,1016,1017,-1,998,1017,999,-1,996,1018,997,-1,997,1018,1019,-1,997,1019,1020,-1,1020,1019,1011,-1,1014,1013,1021,-1,1015,1022,1023,-1,1001,1024,1002,-1,1002,1024,1025,-1,1002,1025,1026,-1,1026,1025,1027,-1,1026,1027,1028,-1,1011,1019,1009,-1,1009,1019,1029,-1,1009,1029,1030,-1,1031,1032,1033,-1,1034,1035,1014,-1,1014,1035,1036,-1,1014,1036,1012,-1,1037,1038,1039,-1,1022,1015,1013,-1,1013,1015,1040,-1,1013,1040,1021,-1,1023,1041,1015,-1,1015,1041,1042,-1,1015,1042,1016,-1,1028,1043,1026,-1,1026,1043,1044,-1,1026,1044,1045,-1,1045,1044,1046,-1,1045,1046,1047,-1,1047,1046,1037,-1,1047,1037,1048,-1,1048,1037,1039,-1,1037,1049,1038,-1,1038,1049,1050,-1,1038,1050,1051,-1,1051,1050,1052,-1,1030,1029,1033,-1,1033,1029,1053,-1,1033,1053,1031,-1,1014,1054,902,-1,902,1054,1055,-1,902,1055,1056,-1,1055,1057,1056,-1,1056,1057,1058,-1,1056,1058,994,-1,994,1058,1059,-1,994,1059,1006,-1,1050,1060,1061,-1,903,1062,1063,-1,1061,1064,1050,-1,1050,1064,1065,-1,1050,1065,1052,-1,1066,1067,1068,-1,1067,1069,1068,-1,1068,1069,1070,-1,1068,1070,1071,-1,1069,1072,1070,-1,1070,1072,1073,-1,1070,1073,1074,-1,1074,1073,1075,-1,1034,1014,1063,-1,1063,1014,902,-1,1063,902,903,-1,1062,903,1068,-1,1068,903,1076,-1,1068,1076,1077,-1,1077,1078,1068,-1,1068,1078,1079,-1,1068,1079,1066,-1,921,920,1010,-1,1010,920,1011,-1,922,921,1009,-1,1009,921,1010,-1,922,1009,1030,-1,922,1030,932,-1,932,1030,1033,-1,932,1033,933,-1,933,1033,1032,-1,933,1032,961,-1,961,1032,1031,-1,961,1031,962,-1,962,1031,1053,-1,962,1053,963,-1,963,1053,1029,-1,963,1029,934,-1,907,934,1019,-1,1019,934,1029,-1,907,1019,908,-1,908,1019,1018,-1,908,1018,919,-1,919,1018,996,-1,919,996,904,-1,904,996,995,-1,904,995,905,-1,905,995,993,-1,905,993,923,-1,923,993,992,-1,924,923,1008,-1,1008,923,992,-1,924,1008,1007,-1,924,1007,925,-1,925,1007,1006,-1,925,1006,971,-1,971,1006,1059,-1,971,1059,972,-1,972,1059,1058,-1,972,1058,973,-1,973,1058,1057,-1,973,1057,967,-1,965,967,1055,-1,1055,967,1057,-1,965,1055,964,-1,964,1055,1054,-1,964,1054,944,-1,944,1054,1014,-1,944,1014,942,-1,942,1014,1021,-1,942,1021,940,-1,940,1021,1040,-1,940,1040,958,-1,958,1040,1015,-1,956,958,998,-1,998,958,1015,-1,956,998,1000,-1,956,1000,954,-1,954,1000,1005,-1,954,1005,918,-1,918,1005,1004,-1,918,1004,917,-1,917,1004,1003,-1,917,1003,915,-1,915,1003,1002,-1,915,1002,913,-1,912,913,1026,-1,1026,913,1002,-1,912,1026,1045,-1,912,1045,952,-1,952,1045,1047,-1,952,1047,953,-1,953,1047,1048,-1,953,1048,935,-1,935,1048,1039,-1,935,1039,936,-1,936,1039,1038,-1,936,1038,937,-1,937,1038,1051,-1,937,1051,948,-1,949,948,1052,-1,1052,948,1051,-1,949,1052,1065,-1,949,1065,950,-1,950,1065,1064,-1,950,1064,968,-1,968,1064,1061,-1,968,1061,969,-1,969,1061,1060,-1,969,1060,970,-1,970,1060,1050,-1,970,1050,926,-1,927,926,1049,-1,1049,926,1050,-1,928,927,1037,-1,1037,927,1049,-1,928,1037,951,-1,951,1037,1046,-1,951,1046,910,-1,910,1046,1044,-1,910,1044,911,-1,911,1044,1043,-1,911,1043,929,-1,929,1043,1028,-1,929,1028,930,-1,930,1028,1027,-1,931,930,1025,-1,1025,930,1027,-1,931,1025,914,-1,914,1025,1024,-1,914,1024,916,-1,916,1024,1001,-1,916,1001,955,-1,955,1001,999,-1,955,999,957,-1,957,999,1017,-1,957,1017,959,-1,959,1017,1016,-1,959,1016,960,-1,960,1016,1042,-1,938,960,1041,-1,1041,960,1042,-1,938,1041,939,-1,939,1041,1023,-1,939,1023,941,-1,941,1023,1022,-1,941,1022,943,-1,943,1022,1013,-1,943,1013,945,-1,945,1013,1012,-1,945,1012,946,-1,946,1012,1036,-1,946,1036,974,-1,974,1036,1035,-1,974,1035,975,-1,975,1035,1034,-1,976,975,1063,-1,1063,975,1034,-1,976,1063,979,-1,979,1063,1062,-1,979,1062,980,-1,980,1062,1068,-1,981,980,1071,-1,1071,980,1068,-1,982,981,1070,-1,1070,981,1071,-1,982,1070,1074,-1,982,1074,983,-1,983,1074,1075,-1,983,1075,984,-1,984,1075,1073,-1,984,1073,985,-1,985,1073,1072,-1,985,1072,977,-1,977,1072,1069,-1,977,1069,978,-1,986,978,1067,-1,1067,978,1069,-1,986,1067,1066,-1,986,1066,987,-1,987,1066,1079,-1,987,1079,988,-1,988,1079,1078,-1,988,1078,989,-1,989,1078,1077,-1,989,1077,990,-1,990,1077,1076,-1,990,1076,991,-1,991,1076,903,-1,991,903,901,-1,997,909,994,-1,994,909,906,-1,909,997,1020,-1,909,1020,947,-1,947,1020,1011,-1,947,1011,920,-1,1080,1081,1082,-1,1082,1081,1083,-1,1084,1085,1086,-1,1087,1088,1089,-1,1090,1091,1092,-1,1093,1094,1095,-1,1095,1094,1096,-1,1095,1096,1097,-1,1097,1096,1098,-1,1089,1088,1086,-1,1086,1088,1099,-1,1086,1099,1084,-1,1100,1101,1102,-1,1085,1103,1086,-1,1086,1103,1104,-1,1086,1104,1105,-1,1106,1107,1108,-1,1091,1109,1092,-1,1092,1109,1110,-1,1092,1110,1093,-1,1093,1110,1111,-1,1093,1111,1094,-1,1112,1113,1114,-1,1115,1116,1108,-1,1108,1116,1117,-1,1108,1117,1106,-1,1118,1119,1120,-1,1120,1119,1121,-1,1120,1121,1122,-1,1122,1121,1123,-1,1122,1123,1124,-1,1124,1123,1125,-1,1124,1125,1126,-1,1089,1127,1087,-1,1087,1127,1100,-1,1087,1100,1114,-1,1114,1100,1102,-1,1114,1102,1112,-1,1117,1128,1106,-1,1106,1128,1129,-1,1106,1129,1130,-1,1090,1092,1131,-1,1131,1092,1132,-1,1131,1132,1108,-1,1108,1132,1133,-1,1108,1133,1115,-1,1098,1096,1134,-1,1134,1096,1135,-1,1134,1135,1136,-1,1136,1135,1137,-1,1136,1137,1138,-1,1138,1137,1139,-1,1138,1139,1120,-1,1120,1139,1140,-1,1120,1140,1118,-1,1141,1142,1113,-1,1113,1142,1143,-1,1113,1143,1114,-1,1144,1080,1145,-1,1145,1080,1146,-1,1145,1146,1147,-1,1130,1148,1106,-1,1106,1148,1149,-1,1106,1149,1150,-1,1105,1151,1086,-1,1086,1151,1152,-1,1086,1152,1146,-1,1146,1152,1153,-1,1146,1153,1147,-1,1126,1154,1124,-1,1124,1154,1155,-1,1124,1155,1156,-1,1157,1158,1081,-1,1144,1124,1080,-1,1080,1124,1156,-1,1080,1156,1081,-1,1081,1156,1159,-1,1081,1159,1160,-1,1160,1161,1081,-1,1081,1161,1162,-1,1081,1162,1163,-1,1163,1164,1081,-1,1081,1164,1165,-1,1081,1165,1157,-1,1158,1166,1081,-1,1081,1166,1167,-1,1081,1167,1168,-1,1169,1170,1168,-1,1168,1170,1171,-1,1168,1171,1081,-1,1172,1173,1174,-1,1173,1175,1174,-1,1174,1175,1176,-1,1174,1176,1177,-1,1178,1179,1180,-1,1180,1179,1181,-1,1182,1183,1181,-1,1183,1184,1181,-1,1181,1184,1185,-1,1181,1185,1180,-1,1186,1187,1174,-1,1174,1187,1188,-1,1174,1188,1172,-1,1189,1190,1191,-1,1192,1193,1194,-1,1195,1196,1178,-1,1178,1196,1197,-1,1178,1197,1179,-1,1176,1198,1177,-1,1177,1198,1199,-1,1177,1199,1200,-1,1200,1199,1191,-1,1194,1193,1201,-1,1195,1202,1203,-1,1181,1204,1182,-1,1182,1204,1205,-1,1182,1205,1206,-1,1206,1205,1207,-1,1206,1207,1208,-1,1191,1199,1189,-1,1189,1199,1209,-1,1189,1209,1210,-1,1211,1212,1213,-1,1214,1215,1194,-1,1194,1215,1216,-1,1194,1216,1192,-1,1217,1218,1219,-1,1202,1195,1193,-1,1193,1195,1220,-1,1193,1220,1201,-1,1203,1221,1195,-1,1195,1221,1222,-1,1195,1222,1196,-1,1208,1223,1206,-1,1206,1223,1224,-1,1206,1224,1225,-1,1225,1224,1226,-1,1225,1226,1227,-1,1227,1226,1217,-1,1227,1217,1228,-1,1228,1217,1219,-1,1217,1229,1218,-1,1218,1229,1230,-1,1218,1230,1231,-1,1231,1230,1232,-1,1210,1209,1213,-1,1213,1209,1233,-1,1213,1233,1211,-1,1194,1234,1082,-1,1082,1234,1235,-1,1082,1235,1236,-1,1235,1237,1236,-1,1236,1237,1238,-1,1236,1238,1174,-1,1174,1238,1239,-1,1174,1239,1186,-1,1230,1240,1241,-1,1083,1242,1243,-1,1241,1244,1230,-1,1230,1244,1245,-1,1230,1245,1232,-1,1246,1247,1248,-1,1247,1249,1248,-1,1248,1249,1250,-1,1248,1250,1251,-1,1249,1252,1250,-1,1250,1252,1253,-1,1250,1253,1254,-1,1254,1253,1255,-1,1214,1194,1243,-1,1243,1194,1082,-1,1243,1082,1083,-1,1242,1083,1248,-1,1248,1083,1256,-1,1248,1256,1257,-1,1257,1258,1248,-1,1248,1258,1259,-1,1248,1259,1246,-1,1101,1100,1190,-1,1190,1100,1191,-1,1102,1101,1189,-1,1189,1101,1190,-1,1102,1189,1210,-1,1102,1210,1112,-1,1112,1210,1213,-1,1112,1213,1113,-1,1113,1213,1212,-1,1113,1212,1141,-1,1141,1212,1211,-1,1141,1211,1142,-1,1142,1211,1233,-1,1142,1233,1143,-1,1143,1233,1209,-1,1143,1209,1114,-1,1087,1114,1199,-1,1199,1114,1209,-1,1087,1199,1088,-1,1088,1199,1198,-1,1088,1198,1099,-1,1099,1198,1176,-1,1099,1176,1084,-1,1084,1176,1175,-1,1084,1175,1085,-1,1085,1175,1173,-1,1085,1173,1103,-1,1103,1173,1172,-1,1104,1103,1188,-1,1188,1103,1172,-1,1104,1188,1187,-1,1104,1187,1105,-1,1105,1187,1186,-1,1105,1186,1151,-1,1151,1186,1239,-1,1151,1239,1152,-1,1152,1239,1238,-1,1152,1238,1153,-1,1153,1238,1237,-1,1153,1237,1147,-1,1145,1147,1235,-1,1235,1147,1237,-1,1145,1235,1144,-1,1144,1235,1234,-1,1144,1234,1124,-1,1124,1234,1194,-1,1124,1194,1122,-1,1122,1194,1201,-1,1122,1201,1120,-1,1120,1201,1220,-1,1120,1220,1138,-1,1138,1220,1195,-1,1136,1138,1178,-1,1178,1138,1195,-1,1136,1178,1180,-1,1136,1180,1134,-1,1134,1180,1185,-1,1134,1185,1098,-1,1098,1185,1184,-1,1098,1184,1097,-1,1097,1184,1183,-1,1097,1183,1095,-1,1095,1183,1182,-1,1095,1182,1093,-1,1092,1093,1206,-1,1206,1093,1182,-1,1092,1206,1225,-1,1092,1225,1132,-1,1132,1225,1227,-1,1132,1227,1133,-1,1133,1227,1228,-1,1133,1228,1115,-1,1115,1228,1219,-1,1115,1219,1116,-1,1116,1219,1218,-1,1116,1218,1117,-1,1117,1218,1231,-1,1117,1231,1128,-1,1129,1128,1232,-1,1232,1128,1231,-1,1129,1232,1245,-1,1129,1245,1130,-1,1130,1245,1244,-1,1130,1244,1148,-1,1148,1244,1241,-1,1148,1241,1149,-1,1149,1241,1240,-1,1149,1240,1150,-1,1150,1240,1230,-1,1150,1230,1106,-1,1107,1106,1229,-1,1229,1106,1230,-1,1108,1107,1217,-1,1217,1107,1229,-1,1108,1217,1131,-1,1131,1217,1226,-1,1131,1226,1090,-1,1090,1226,1224,-1,1090,1224,1091,-1,1091,1224,1223,-1,1091,1223,1109,-1,1109,1223,1208,-1,1109,1208,1110,-1,1110,1208,1207,-1,1111,1110,1205,-1,1205,1110,1207,-1,1111,1205,1094,-1,1094,1205,1204,-1,1094,1204,1096,-1,1096,1204,1181,-1,1096,1181,1135,-1,1135,1181,1179,-1,1135,1179,1137,-1,1137,1179,1197,-1,1137,1197,1139,-1,1139,1197,1196,-1,1139,1196,1140,-1,1140,1196,1222,-1,1118,1140,1221,-1,1221,1140,1222,-1,1118,1221,1119,-1,1119,1221,1203,-1,1119,1203,1121,-1,1121,1203,1202,-1,1121,1202,1123,-1,1123,1202,1193,-1,1123,1193,1125,-1,1125,1193,1192,-1,1125,1192,1126,-1,1126,1192,1216,-1,1126,1216,1154,-1,1154,1216,1215,-1,1154,1215,1155,-1,1155,1215,1214,-1,1156,1155,1243,-1,1243,1155,1214,-1,1156,1243,1159,-1,1159,1243,1242,-1,1159,1242,1160,-1,1160,1242,1248,-1,1161,1160,1251,-1,1251,1160,1248,-1,1162,1161,1250,-1,1250,1161,1251,-1,1162,1250,1254,-1,1162,1254,1163,-1,1163,1254,1255,-1,1163,1255,1164,-1,1164,1255,1253,-1,1164,1253,1165,-1,1165,1253,1252,-1,1165,1252,1157,-1,1157,1252,1249,-1,1157,1249,1158,-1,1166,1158,1247,-1,1247,1158,1249,-1,1166,1247,1246,-1,1166,1246,1167,-1,1167,1246,1259,-1,1167,1259,1168,-1,1168,1259,1258,-1,1168,1258,1169,-1,1169,1258,1257,-1,1169,1257,1170,-1,1170,1257,1256,-1,1170,1256,1171,-1,1171,1256,1083,-1,1171,1083,1081,-1,1177,1089,1174,-1,1174,1089,1086,-1,1089,1177,1200,-1,1089,1200,1127,-1,1127,1200,1191,-1,1127,1191,1100,-1,1260,1261,1262,-1,1262,1261,1263,-1,1264,1265,1266,-1,1267,1268,1269,-1,1270,1271,1272,-1,1273,1274,1275,-1,1275,1274,1276,-1,1275,1276,1277,-1,1277,1276,1278,-1,1269,1268,1266,-1,1266,1268,1279,-1,1266,1279,1264,-1,1280,1281,1282,-1,1265,1283,1266,-1,1266,1283,1284,-1,1266,1284,1285,-1,1286,1287,1288,-1,1271,1289,1272,-1,1272,1289,1290,-1,1272,1290,1273,-1,1273,1290,1291,-1,1273,1291,1274,-1,1292,1293,1294,-1,1295,1296,1288,-1,1288,1296,1297,-1,1288,1297,1286,-1,1298,1299,1300,-1,1300,1299,1301,-1,1300,1301,1302,-1,1302,1301,1303,-1,1302,1303,1304,-1,1304,1303,1305,-1,1304,1305,1306,-1,1269,1307,1267,-1,1267,1307,1280,-1,1267,1280,1294,-1,1294,1280,1282,-1,1294,1282,1292,-1,1297,1308,1286,-1,1286,1308,1309,-1,1286,1309,1310,-1,1270,1272,1311,-1,1311,1272,1312,-1,1311,1312,1288,-1,1288,1312,1313,-1,1288,1313,1295,-1,1278,1276,1314,-1,1314,1276,1315,-1,1314,1315,1316,-1,1316,1315,1317,-1,1316,1317,1318,-1,1318,1317,1319,-1,1318,1319,1300,-1,1300,1319,1320,-1,1300,1320,1298,-1,1321,1322,1293,-1,1293,1322,1323,-1,1293,1323,1294,-1,1324,1260,1325,-1,1325,1260,1326,-1,1325,1326,1327,-1,1310,1328,1286,-1,1286,1328,1329,-1,1286,1329,1330,-1,1285,1331,1266,-1,1266,1331,1332,-1,1266,1332,1326,-1,1326,1332,1333,-1,1326,1333,1327,-1,1306,1334,1304,-1,1304,1334,1335,-1,1304,1335,1336,-1,1337,1338,1261,-1,1324,1304,1260,-1,1260,1304,1336,-1,1260,1336,1261,-1,1261,1336,1339,-1,1261,1339,1340,-1,1340,1341,1261,-1,1261,1341,1342,-1,1261,1342,1343,-1,1343,1344,1261,-1,1261,1344,1345,-1,1261,1345,1337,-1,1338,1346,1261,-1,1261,1346,1347,-1,1261,1347,1348,-1,1349,1350,1348,-1,1348,1350,1351,-1,1348,1351,1261,-1,1352,1353,1354,-1,1353,1355,1354,-1,1354,1355,1356,-1,1354,1356,1357,-1,1358,1359,1360,-1,1360,1359,1361,-1,1362,1363,1361,-1,1363,1364,1361,-1,1361,1364,1365,-1,1361,1365,1360,-1,1366,1367,1354,-1,1354,1367,1368,-1,1354,1368,1352,-1,1369,1370,1371,-1,1372,1373,1374,-1,1375,1376,1358,-1,1358,1376,1377,-1,1358,1377,1359,-1,1356,1378,1357,-1,1357,1378,1379,-1,1357,1379,1380,-1,1380,1379,1371,-1,1374,1373,1381,-1,1375,1382,1383,-1,1361,1384,1362,-1,1362,1384,1385,-1,1362,1385,1386,-1,1386,1385,1387,-1,1386,1387,1388,-1,1371,1379,1369,-1,1369,1379,1389,-1,1369,1389,1390,-1,1391,1392,1393,-1,1394,1395,1374,-1,1374,1395,1396,-1,1374,1396,1372,-1,1397,1398,1399,-1,1382,1375,1373,-1,1373,1375,1400,-1,1373,1400,1381,-1,1383,1401,1375,-1,1375,1401,1402,-1,1375,1402,1376,-1,1388,1403,1386,-1,1386,1403,1404,-1,1386,1404,1405,-1,1405,1404,1406,-1,1405,1406,1407,-1,1407,1406,1397,-1,1407,1397,1408,-1,1408,1397,1399,-1,1397,1409,1398,-1,1398,1409,1410,-1,1398,1410,1411,-1,1411,1410,1412,-1,1390,1389,1393,-1,1393,1389,1413,-1,1393,1413,1391,-1,1374,1414,1262,-1,1262,1414,1415,-1,1262,1415,1416,-1,1415,1417,1416,-1,1416,1417,1418,-1,1416,1418,1354,-1,1354,1418,1419,-1,1354,1419,1366,-1,1410,1420,1421,-1,1263,1422,1423,-1,1421,1424,1410,-1,1410,1424,1425,-1,1410,1425,1412,-1,1426,1427,1428,-1,1427,1429,1428,-1,1428,1429,1430,-1,1428,1430,1431,-1,1429,1432,1430,-1,1430,1432,1433,-1,1430,1433,1434,-1,1434,1433,1435,-1,1394,1374,1423,-1,1423,1374,1262,-1,1423,1262,1263,-1,1422,1263,1428,-1,1428,1263,1436,-1,1428,1436,1437,-1,1437,1438,1428,-1,1428,1438,1439,-1,1428,1439,1426,-1,1281,1280,1370,-1,1370,1280,1371,-1,1282,1281,1369,-1,1369,1281,1370,-1,1282,1369,1390,-1,1282,1390,1292,-1,1292,1390,1393,-1,1292,1393,1293,-1,1293,1393,1392,-1,1293,1392,1321,-1,1321,1392,1391,-1,1321,1391,1322,-1,1322,1391,1413,-1,1322,1413,1323,-1,1323,1413,1389,-1,1323,1389,1294,-1,1267,1294,1379,-1,1379,1294,1389,-1,1267,1379,1268,-1,1268,1379,1378,-1,1268,1378,1279,-1,1279,1378,1356,-1,1279,1356,1264,-1,1264,1356,1355,-1,1264,1355,1265,-1,1265,1355,1353,-1,1265,1353,1283,-1,1283,1353,1352,-1,1284,1283,1368,-1,1368,1283,1352,-1,1284,1368,1367,-1,1284,1367,1285,-1,1285,1367,1366,-1,1285,1366,1331,-1,1331,1366,1419,-1,1331,1419,1332,-1,1332,1419,1418,-1,1332,1418,1333,-1,1333,1418,1417,-1,1333,1417,1327,-1,1325,1327,1415,-1,1415,1327,1417,-1,1325,1415,1324,-1,1324,1415,1414,-1,1324,1414,1304,-1,1304,1414,1374,-1,1304,1374,1302,-1,1302,1374,1381,-1,1302,1381,1300,-1,1300,1381,1400,-1,1300,1400,1318,-1,1318,1400,1375,-1,1316,1318,1358,-1,1358,1318,1375,-1,1316,1358,1360,-1,1316,1360,1314,-1,1314,1360,1365,-1,1314,1365,1278,-1,1278,1365,1364,-1,1278,1364,1277,-1,1277,1364,1363,-1,1277,1363,1275,-1,1275,1363,1362,-1,1275,1362,1273,-1,1272,1273,1386,-1,1386,1273,1362,-1,1272,1386,1405,-1,1272,1405,1312,-1,1312,1405,1407,-1,1312,1407,1313,-1,1313,1407,1408,-1,1313,1408,1295,-1,1295,1408,1399,-1,1295,1399,1296,-1,1296,1399,1398,-1,1296,1398,1297,-1,1297,1398,1411,-1,1297,1411,1308,-1,1309,1308,1412,-1,1412,1308,1411,-1,1309,1412,1425,-1,1309,1425,1310,-1,1310,1425,1424,-1,1310,1424,1328,-1,1328,1424,1421,-1,1328,1421,1329,-1,1329,1421,1420,-1,1329,1420,1330,-1,1330,1420,1410,-1,1330,1410,1286,-1,1287,1286,1409,-1,1409,1286,1410,-1,1288,1287,1397,-1,1397,1287,1409,-1,1288,1397,1311,-1,1311,1397,1406,-1,1311,1406,1270,-1,1270,1406,1404,-1,1270,1404,1271,-1,1271,1404,1403,-1,1271,1403,1289,-1,1289,1403,1388,-1,1289,1388,1290,-1,1290,1388,1387,-1,1291,1290,1385,-1,1385,1290,1387,-1,1291,1385,1274,-1,1274,1385,1384,-1,1274,1384,1276,-1,1276,1384,1361,-1,1276,1361,1315,-1,1315,1361,1359,-1,1315,1359,1317,-1,1317,1359,1377,-1,1317,1377,1319,-1,1319,1377,1376,-1,1319,1376,1320,-1,1320,1376,1402,-1,1298,1320,1401,-1,1401,1320,1402,-1,1298,1401,1299,-1,1299,1401,1383,-1,1299,1383,1301,-1,1301,1383,1382,-1,1301,1382,1303,-1,1303,1382,1373,-1,1303,1373,1305,-1,1305,1373,1372,-1,1305,1372,1306,-1,1306,1372,1396,-1,1306,1396,1334,-1,1334,1396,1395,-1,1334,1395,1335,-1,1335,1395,1394,-1,1336,1335,1423,-1,1423,1335,1394,-1,1336,1423,1339,-1,1339,1423,1422,-1,1339,1422,1340,-1,1340,1422,1428,-1,1341,1340,1431,-1,1431,1340,1428,-1,1342,1341,1430,-1,1430,1341,1431,-1,1342,1430,1434,-1,1342,1434,1343,-1,1343,1434,1435,-1,1343,1435,1344,-1,1344,1435,1433,-1,1344,1433,1345,-1,1345,1433,1432,-1,1345,1432,1337,-1,1337,1432,1429,-1,1337,1429,1338,-1,1346,1338,1427,-1,1427,1338,1429,-1,1346,1427,1426,-1,1346,1426,1347,-1,1347,1426,1439,-1,1347,1439,1348,-1,1348,1439,1438,-1,1348,1438,1349,-1,1349,1438,1437,-1,1349,1437,1350,-1,1350,1437,1436,-1,1350,1436,1351,-1,1351,1436,1263,-1,1351,1263,1261,-1,1357,1269,1354,-1,1354,1269,1266,-1,1269,1357,1380,-1,1269,1380,1307,-1,1307,1380,1371,-1,1307,1371,1280,-1,1440,1441,1442,-1,1442,1441,1443,-1,1444,1445,1446,-1,1447,1448,1449,-1,1450,1451,1452,-1,1453,1454,1455,-1,1455,1454,1456,-1,1455,1456,1457,-1,1457,1456,1458,-1,1449,1448,1446,-1,1446,1448,1459,-1,1446,1459,1444,-1,1460,1461,1462,-1,1445,1463,1446,-1,1446,1463,1464,-1,1446,1464,1465,-1,1466,1467,1468,-1,1451,1469,1452,-1,1452,1469,1470,-1,1452,1470,1453,-1,1453,1470,1471,-1,1453,1471,1454,-1,1472,1473,1474,-1,1475,1476,1468,-1,1468,1476,1477,-1,1468,1477,1466,-1,1478,1479,1480,-1,1480,1479,1481,-1,1480,1481,1482,-1,1482,1481,1483,-1,1482,1483,1484,-1,1484,1483,1485,-1,1484,1485,1486,-1,1449,1487,1447,-1,1447,1487,1460,-1,1447,1460,1474,-1,1474,1460,1462,-1,1474,1462,1472,-1,1477,1488,1466,-1,1466,1488,1489,-1,1466,1489,1490,-1,1450,1452,1491,-1,1491,1452,1492,-1,1491,1492,1468,-1,1468,1492,1493,-1,1468,1493,1475,-1,1458,1456,1494,-1,1494,1456,1495,-1,1494,1495,1496,-1,1496,1495,1497,-1,1496,1497,1498,-1,1498,1497,1499,-1,1498,1499,1480,-1,1480,1499,1500,-1,1480,1500,1478,-1,1501,1502,1473,-1,1473,1502,1503,-1,1473,1503,1474,-1,1504,1440,1505,-1,1505,1440,1506,-1,1505,1506,1507,-1,1490,1508,1466,-1,1466,1508,1509,-1,1466,1509,1510,-1,1465,1511,1446,-1,1446,1511,1512,-1,1446,1512,1506,-1,1506,1512,1513,-1,1506,1513,1507,-1,1486,1514,1484,-1,1484,1514,1515,-1,1484,1515,1516,-1,1517,1518,1441,-1,1504,1484,1440,-1,1440,1484,1516,-1,1440,1516,1441,-1,1441,1516,1519,-1,1441,1519,1520,-1,1520,1521,1441,-1,1441,1521,1522,-1,1441,1522,1523,-1,1523,1524,1441,-1,1441,1524,1525,-1,1441,1525,1517,-1,1518,1526,1441,-1,1441,1526,1527,-1,1441,1527,1528,-1,1529,1530,1528,-1,1528,1530,1531,-1,1528,1531,1441,-1,1532,1533,1534,-1,1533,1535,1534,-1,1534,1535,1536,-1,1534,1536,1537,-1,1538,1539,1540,-1,1540,1539,1541,-1,1542,1543,1541,-1,1543,1544,1541,-1,1541,1544,1545,-1,1541,1545,1540,-1,1546,1547,1534,-1,1534,1547,1548,-1,1534,1548,1532,-1,1549,1550,1551,-1,1552,1553,1554,-1,1555,1556,1538,-1,1538,1556,1557,-1,1538,1557,1539,-1,1536,1558,1537,-1,1537,1558,1559,-1,1537,1559,1560,-1,1560,1559,1551,-1,1554,1553,1561,-1,1555,1562,1563,-1,1541,1564,1542,-1,1542,1564,1565,-1,1542,1565,1566,-1,1566,1565,1567,-1,1566,1567,1568,-1,1551,1559,1549,-1,1549,1559,1569,-1,1549,1569,1570,-1,1571,1572,1573,-1,1574,1575,1554,-1,1554,1575,1576,-1,1554,1576,1552,-1,1577,1578,1579,-1,1562,1555,1553,-1,1553,1555,1580,-1,1553,1580,1561,-1,1563,1581,1555,-1,1555,1581,1582,-1,1555,1582,1556,-1,1568,1583,1566,-1,1566,1583,1584,-1,1566,1584,1585,-1,1585,1584,1586,-1,1585,1586,1587,-1,1587,1586,1577,-1,1587,1577,1588,-1,1588,1577,1579,-1,1577,1589,1578,-1,1578,1589,1590,-1,1578,1590,1591,-1,1591,1590,1592,-1,1570,1569,1573,-1,1573,1569,1593,-1,1573,1593,1571,-1,1554,1594,1442,-1,1442,1594,1595,-1,1442,1595,1596,-1,1595,1597,1596,-1,1596,1597,1598,-1,1596,1598,1534,-1,1534,1598,1599,-1,1534,1599,1546,-1,1590,1600,1601,-1,1443,1602,1603,-1,1601,1604,1590,-1,1590,1604,1605,-1,1590,1605,1592,-1,1606,1607,1608,-1,1607,1609,1608,-1,1608,1609,1610,-1,1608,1610,1611,-1,1609,1612,1610,-1,1610,1612,1613,-1,1610,1613,1614,-1,1614,1613,1615,-1,1574,1554,1603,-1,1603,1554,1442,-1,1603,1442,1443,-1,1602,1443,1608,-1,1608,1443,1616,-1,1608,1616,1617,-1,1617,1618,1608,-1,1608,1618,1619,-1,1608,1619,1606,-1,1461,1460,1550,-1,1550,1460,1551,-1,1462,1461,1549,-1,1549,1461,1550,-1,1462,1549,1570,-1,1462,1570,1472,-1,1472,1570,1573,-1,1472,1573,1473,-1,1473,1573,1572,-1,1473,1572,1501,-1,1501,1572,1571,-1,1501,1571,1502,-1,1502,1571,1593,-1,1502,1593,1503,-1,1503,1593,1569,-1,1503,1569,1474,-1,1447,1474,1559,-1,1559,1474,1569,-1,1447,1559,1448,-1,1448,1559,1558,-1,1448,1558,1459,-1,1459,1558,1536,-1,1459,1536,1444,-1,1444,1536,1535,-1,1444,1535,1445,-1,1445,1535,1533,-1,1445,1533,1463,-1,1463,1533,1532,-1,1464,1463,1548,-1,1548,1463,1532,-1,1464,1548,1547,-1,1464,1547,1465,-1,1465,1547,1546,-1,1465,1546,1511,-1,1511,1546,1599,-1,1511,1599,1512,-1,1512,1599,1598,-1,1512,1598,1513,-1,1513,1598,1597,-1,1513,1597,1507,-1,1505,1507,1595,-1,1595,1507,1597,-1,1505,1595,1504,-1,1504,1595,1594,-1,1504,1594,1484,-1,1484,1594,1554,-1,1484,1554,1482,-1,1482,1554,1561,-1,1482,1561,1480,-1,1480,1561,1580,-1,1480,1580,1498,-1,1498,1580,1555,-1,1496,1498,1538,-1,1538,1498,1555,-1,1496,1538,1540,-1,1496,1540,1494,-1,1494,1540,1545,-1,1494,1545,1458,-1,1458,1545,1544,-1,1458,1544,1457,-1,1457,1544,1543,-1,1457,1543,1455,-1,1455,1543,1542,-1,1455,1542,1453,-1,1452,1453,1566,-1,1566,1453,1542,-1,1452,1566,1585,-1,1452,1585,1492,-1,1492,1585,1587,-1,1492,1587,1493,-1,1493,1587,1588,-1,1493,1588,1475,-1,1475,1588,1579,-1,1475,1579,1476,-1,1476,1579,1578,-1,1476,1578,1477,-1,1477,1578,1591,-1,1477,1591,1488,-1,1489,1488,1592,-1,1592,1488,1591,-1,1489,1592,1605,-1,1489,1605,1490,-1,1490,1605,1604,-1,1490,1604,1508,-1,1508,1604,1601,-1,1508,1601,1509,-1,1509,1601,1600,-1,1509,1600,1510,-1,1510,1600,1590,-1,1510,1590,1466,-1,1467,1466,1589,-1,1589,1466,1590,-1,1468,1467,1577,-1,1577,1467,1589,-1,1468,1577,1491,-1,1491,1577,1586,-1,1491,1586,1450,-1,1450,1586,1584,-1,1450,1584,1451,-1,1451,1584,1583,-1,1451,1583,1469,-1,1469,1583,1568,-1,1469,1568,1470,-1,1470,1568,1567,-1,1471,1470,1565,-1,1565,1470,1567,-1,1471,1565,1454,-1,1454,1565,1564,-1,1454,1564,1456,-1,1456,1564,1541,-1,1456,1541,1495,-1,1495,1541,1539,-1,1495,1539,1497,-1,1497,1539,1557,-1,1497,1557,1499,-1,1499,1557,1556,-1,1499,1556,1500,-1,1500,1556,1582,-1,1478,1500,1581,-1,1581,1500,1582,-1,1478,1581,1479,-1,1479,1581,1563,-1,1479,1563,1481,-1,1481,1563,1562,-1,1481,1562,1483,-1,1483,1562,1553,-1,1483,1553,1485,-1,1485,1553,1552,-1,1485,1552,1486,-1,1486,1552,1576,-1,1486,1576,1514,-1,1514,1576,1575,-1,1514,1575,1515,-1,1515,1575,1574,-1,1516,1515,1603,-1,1603,1515,1574,-1,1516,1603,1519,-1,1519,1603,1602,-1,1519,1602,1520,-1,1520,1602,1608,-1,1521,1520,1611,-1,1611,1520,1608,-1,1522,1521,1610,-1,1610,1521,1611,-1,1522,1610,1614,-1,1522,1614,1523,-1,1523,1614,1615,-1,1523,1615,1524,-1,1524,1615,1613,-1,1524,1613,1525,-1,1525,1613,1612,-1,1525,1612,1517,-1,1517,1612,1609,-1,1517,1609,1518,-1,1526,1518,1607,-1,1607,1518,1609,-1,1526,1607,1606,-1,1526,1606,1527,-1,1527,1606,1619,-1,1527,1619,1528,-1,1528,1619,1618,-1,1528,1618,1529,-1,1529,1618,1617,-1,1529,1617,1530,-1,1530,1617,1616,-1,1530,1616,1531,-1,1531,1616,1443,-1,1531,1443,1441,-1,1537,1449,1534,-1,1534,1449,1446,-1,1449,1537,1560,-1,1449,1560,1487,-1,1487,1560,1551,-1,1487,1551,1460,-1,1620,1621,1622,-1,1622,1621,1623,-1,1624,1625,1626,-1,1627,1628,1629,-1,1630,1631,1632,-1,1633,1634,1635,-1,1635,1634,1636,-1,1635,1636,1637,-1,1637,1636,1638,-1,1629,1628,1626,-1,1626,1628,1639,-1,1626,1639,1624,-1,1640,1641,1642,-1,1625,1643,1626,-1,1626,1643,1644,-1,1626,1644,1645,-1,1646,1647,1648,-1,1631,1649,1632,-1,1632,1649,1650,-1,1632,1650,1633,-1,1633,1650,1651,-1,1633,1651,1634,-1,1652,1653,1654,-1,1655,1656,1648,-1,1648,1656,1657,-1,1648,1657,1646,-1,1658,1659,1660,-1,1660,1659,1661,-1,1660,1661,1662,-1,1662,1661,1663,-1,1662,1663,1664,-1,1664,1663,1665,-1,1664,1665,1666,-1,1629,1667,1627,-1,1627,1667,1640,-1,1627,1640,1654,-1,1654,1640,1642,-1,1654,1642,1652,-1,1657,1668,1646,-1,1646,1668,1669,-1,1646,1669,1670,-1,1630,1632,1671,-1,1671,1632,1672,-1,1671,1672,1648,-1,1648,1672,1673,-1,1648,1673,1655,-1,1638,1636,1674,-1,1674,1636,1675,-1,1674,1675,1676,-1,1676,1675,1677,-1,1676,1677,1678,-1,1678,1677,1679,-1,1678,1679,1660,-1,1660,1679,1680,-1,1660,1680,1658,-1,1681,1682,1653,-1,1653,1682,1683,-1,1653,1683,1654,-1,1684,1620,1685,-1,1685,1620,1686,-1,1685,1686,1687,-1,1670,1688,1646,-1,1646,1688,1689,-1,1646,1689,1690,-1,1645,1691,1626,-1,1626,1691,1692,-1,1626,1692,1686,-1,1686,1692,1693,-1,1686,1693,1687,-1,1666,1694,1664,-1,1664,1694,1695,-1,1664,1695,1696,-1,1697,1698,1621,-1,1684,1664,1620,-1,1620,1664,1696,-1,1620,1696,1621,-1,1621,1696,1699,-1,1621,1699,1700,-1,1700,1701,1621,-1,1621,1701,1702,-1,1621,1702,1703,-1,1703,1704,1621,-1,1621,1704,1705,-1,1621,1705,1697,-1,1698,1706,1621,-1,1621,1706,1707,-1,1621,1707,1708,-1,1709,1710,1708,-1,1708,1710,1711,-1,1708,1711,1621,-1,1712,1713,1714,-1,1713,1715,1714,-1,1714,1715,1716,-1,1714,1716,1717,-1,1718,1719,1720,-1,1720,1719,1721,-1,1722,1723,1721,-1,1723,1724,1721,-1,1721,1724,1725,-1,1721,1725,1720,-1,1726,1727,1714,-1,1714,1727,1728,-1,1714,1728,1712,-1,1729,1730,1731,-1,1732,1733,1734,-1,1735,1736,1718,-1,1718,1736,1737,-1,1718,1737,1719,-1,1716,1738,1717,-1,1717,1738,1739,-1,1717,1739,1740,-1,1740,1739,1731,-1,1734,1733,1741,-1,1735,1742,1743,-1,1721,1744,1722,-1,1722,1744,1745,-1,1722,1745,1746,-1,1746,1745,1747,-1,1746,1747,1748,-1,1731,1739,1729,-1,1729,1739,1749,-1,1729,1749,1750,-1,1751,1752,1753,-1,1754,1755,1734,-1,1734,1755,1756,-1,1734,1756,1732,-1,1757,1758,1759,-1,1742,1735,1733,-1,1733,1735,1760,-1,1733,1760,1741,-1,1743,1761,1735,-1,1735,1761,1762,-1,1735,1762,1736,-1,1748,1763,1746,-1,1746,1763,1764,-1,1746,1764,1765,-1,1765,1764,1766,-1,1765,1766,1767,-1,1767,1766,1757,-1,1767,1757,1768,-1,1768,1757,1759,-1,1757,1769,1758,-1,1758,1769,1770,-1,1758,1770,1771,-1,1771,1770,1772,-1,1750,1749,1753,-1,1753,1749,1773,-1,1753,1773,1751,-1,1734,1774,1622,-1,1622,1774,1775,-1,1622,1775,1776,-1,1775,1777,1776,-1,1776,1777,1778,-1,1776,1778,1714,-1,1714,1778,1779,-1,1714,1779,1726,-1,1770,1780,1781,-1,1623,1782,1783,-1,1781,1784,1770,-1,1770,1784,1785,-1,1770,1785,1772,-1,1786,1787,1788,-1,1787,1789,1788,-1,1788,1789,1790,-1,1788,1790,1791,-1,1789,1792,1790,-1,1790,1792,1793,-1,1790,1793,1794,-1,1794,1793,1795,-1,1754,1734,1783,-1,1783,1734,1622,-1,1783,1622,1623,-1,1782,1623,1788,-1,1788,1623,1796,-1,1788,1796,1797,-1,1797,1798,1788,-1,1788,1798,1799,-1,1788,1799,1786,-1,1641,1640,1730,-1,1730,1640,1731,-1,1642,1641,1729,-1,1729,1641,1730,-1,1642,1729,1750,-1,1642,1750,1652,-1,1652,1750,1753,-1,1652,1753,1653,-1,1653,1753,1752,-1,1653,1752,1681,-1,1681,1752,1751,-1,1681,1751,1682,-1,1682,1751,1773,-1,1682,1773,1683,-1,1683,1773,1749,-1,1683,1749,1654,-1,1627,1654,1739,-1,1739,1654,1749,-1,1627,1739,1628,-1,1628,1739,1738,-1,1628,1738,1639,-1,1639,1738,1716,-1,1639,1716,1624,-1,1624,1716,1715,-1,1624,1715,1625,-1,1625,1715,1713,-1,1625,1713,1643,-1,1643,1713,1712,-1,1644,1643,1728,-1,1728,1643,1712,-1,1644,1728,1727,-1,1644,1727,1645,-1,1645,1727,1726,-1,1645,1726,1691,-1,1691,1726,1779,-1,1691,1779,1692,-1,1692,1779,1778,-1,1692,1778,1693,-1,1693,1778,1777,-1,1693,1777,1687,-1,1685,1687,1775,-1,1775,1687,1777,-1,1685,1775,1684,-1,1684,1775,1774,-1,1684,1774,1664,-1,1664,1774,1734,-1,1664,1734,1662,-1,1662,1734,1741,-1,1662,1741,1660,-1,1660,1741,1760,-1,1660,1760,1678,-1,1678,1760,1735,-1,1676,1678,1718,-1,1718,1678,1735,-1,1676,1718,1720,-1,1676,1720,1674,-1,1674,1720,1725,-1,1674,1725,1638,-1,1638,1725,1724,-1,1638,1724,1637,-1,1637,1724,1723,-1,1637,1723,1635,-1,1635,1723,1722,-1,1635,1722,1633,-1,1632,1633,1746,-1,1746,1633,1722,-1,1632,1746,1765,-1,1632,1765,1672,-1,1672,1765,1767,-1,1672,1767,1673,-1,1673,1767,1768,-1,1673,1768,1655,-1,1655,1768,1759,-1,1655,1759,1656,-1,1656,1759,1758,-1,1656,1758,1657,-1,1657,1758,1771,-1,1657,1771,1668,-1,1669,1668,1772,-1,1772,1668,1771,-1,1669,1772,1785,-1,1669,1785,1670,-1,1670,1785,1784,-1,1670,1784,1688,-1,1688,1784,1781,-1,1688,1781,1689,-1,1689,1781,1780,-1,1689,1780,1690,-1,1690,1780,1770,-1,1690,1770,1646,-1,1647,1646,1769,-1,1769,1646,1770,-1,1648,1647,1757,-1,1757,1647,1769,-1,1648,1757,1671,-1,1671,1757,1766,-1,1671,1766,1630,-1,1630,1766,1764,-1,1630,1764,1631,-1,1631,1764,1763,-1,1631,1763,1649,-1,1649,1763,1748,-1,1649,1748,1650,-1,1650,1748,1747,-1,1651,1650,1745,-1,1745,1650,1747,-1,1651,1745,1634,-1,1634,1745,1744,-1,1634,1744,1636,-1,1636,1744,1721,-1,1636,1721,1675,-1,1675,1721,1719,-1,1675,1719,1677,-1,1677,1719,1737,-1,1677,1737,1679,-1,1679,1737,1736,-1,1679,1736,1680,-1,1680,1736,1762,-1,1658,1680,1761,-1,1761,1680,1762,-1,1658,1761,1659,-1,1659,1761,1743,-1,1659,1743,1661,-1,1661,1743,1742,-1,1661,1742,1663,-1,1663,1742,1733,-1,1663,1733,1665,-1,1665,1733,1732,-1,1665,1732,1666,-1,1666,1732,1756,-1,1666,1756,1694,-1,1694,1756,1755,-1,1694,1755,1695,-1,1695,1755,1754,-1,1696,1695,1783,-1,1783,1695,1754,-1,1696,1783,1699,-1,1699,1783,1782,-1,1699,1782,1700,-1,1700,1782,1788,-1,1701,1700,1791,-1,1791,1700,1788,-1,1702,1701,1790,-1,1790,1701,1791,-1,1702,1790,1794,-1,1702,1794,1703,-1,1703,1794,1795,-1,1703,1795,1704,-1,1704,1795,1793,-1,1704,1793,1705,-1,1705,1793,1792,-1,1705,1792,1697,-1,1697,1792,1789,-1,1697,1789,1698,-1,1706,1698,1787,-1,1787,1698,1789,-1,1706,1787,1786,-1,1706,1786,1707,-1,1707,1786,1799,-1,1707,1799,1708,-1,1708,1799,1798,-1,1708,1798,1709,-1,1709,1798,1797,-1,1709,1797,1710,-1,1710,1797,1796,-1,1710,1796,1711,-1,1711,1796,1623,-1,1711,1623,1621,-1,1717,1629,1714,-1,1714,1629,1626,-1,1629,1717,1740,-1,1629,1740,1667,-1,1667,1740,1731,-1,1667,1731,1640,-1,1800,1801,1802,-1,1802,1801,1803,-1,1804,1805,1806,-1,1807,1808,1809,-1,1810,1811,1812,-1,1813,1814,1815,-1,1815,1814,1816,-1,1815,1816,1817,-1,1817,1816,1818,-1,1809,1808,1806,-1,1806,1808,1819,-1,1806,1819,1804,-1,1820,1821,1822,-1,1805,1823,1806,-1,1806,1823,1824,-1,1806,1824,1825,-1,1826,1827,1828,-1,1811,1829,1812,-1,1812,1829,1830,-1,1812,1830,1813,-1,1813,1830,1831,-1,1813,1831,1814,-1,1832,1833,1834,-1,1835,1836,1828,-1,1828,1836,1837,-1,1828,1837,1826,-1,1838,1839,1840,-1,1840,1839,1841,-1,1840,1841,1842,-1,1842,1841,1843,-1,1842,1843,1844,-1,1844,1843,1845,-1,1844,1845,1846,-1,1809,1847,1807,-1,1807,1847,1820,-1,1807,1820,1834,-1,1834,1820,1822,-1,1834,1822,1832,-1,1837,1848,1826,-1,1826,1848,1849,-1,1826,1849,1850,-1,1810,1812,1851,-1,1851,1812,1852,-1,1851,1852,1828,-1,1828,1852,1853,-1,1828,1853,1835,-1,1818,1816,1854,-1,1854,1816,1855,-1,1854,1855,1856,-1,1856,1855,1857,-1,1856,1857,1858,-1,1858,1857,1859,-1,1858,1859,1840,-1,1840,1859,1860,-1,1840,1860,1838,-1,1861,1862,1833,-1,1833,1862,1863,-1,1833,1863,1834,-1,1864,1800,1865,-1,1865,1800,1866,-1,1865,1866,1867,-1,1850,1868,1826,-1,1826,1868,1869,-1,1826,1869,1870,-1,1825,1871,1806,-1,1806,1871,1872,-1,1806,1872,1866,-1,1866,1872,1873,-1,1866,1873,1867,-1,1846,1874,1844,-1,1844,1874,1875,-1,1844,1875,1876,-1,1877,1878,1801,-1,1864,1844,1800,-1,1800,1844,1876,-1,1800,1876,1801,-1,1801,1876,1879,-1,1801,1879,1880,-1,1880,1881,1801,-1,1801,1881,1882,-1,1801,1882,1883,-1,1883,1884,1801,-1,1801,1884,1885,-1,1801,1885,1877,-1,1878,1886,1801,-1,1801,1886,1887,-1,1801,1887,1888,-1,1889,1890,1888,-1,1888,1890,1891,-1,1888,1891,1801,-1,1892,1893,1894,-1,1893,1895,1894,-1,1894,1895,1896,-1,1894,1896,1897,-1,1898,1899,1900,-1,1900,1899,1901,-1,1902,1903,1901,-1,1903,1904,1901,-1,1901,1904,1905,-1,1901,1905,1900,-1,1906,1907,1894,-1,1894,1907,1908,-1,1894,1908,1892,-1,1909,1910,1911,-1,1912,1913,1914,-1,1915,1916,1898,-1,1898,1916,1917,-1,1898,1917,1899,-1,1896,1918,1897,-1,1897,1918,1919,-1,1897,1919,1920,-1,1920,1919,1911,-1,1914,1913,1921,-1,1915,1922,1923,-1,1901,1924,1902,-1,1902,1924,1925,-1,1902,1925,1926,-1,1926,1925,1927,-1,1926,1927,1928,-1,1911,1919,1909,-1,1909,1919,1929,-1,1909,1929,1930,-1,1931,1932,1933,-1,1934,1935,1914,-1,1914,1935,1936,-1,1914,1936,1912,-1,1937,1938,1939,-1,1922,1915,1913,-1,1913,1915,1940,-1,1913,1940,1921,-1,1923,1941,1915,-1,1915,1941,1942,-1,1915,1942,1916,-1,1928,1943,1926,-1,1926,1943,1944,-1,1926,1944,1945,-1,1945,1944,1946,-1,1945,1946,1947,-1,1947,1946,1937,-1,1947,1937,1948,-1,1948,1937,1939,-1,1937,1949,1938,-1,1938,1949,1950,-1,1938,1950,1951,-1,1951,1950,1952,-1,1930,1929,1933,-1,1933,1929,1953,-1,1933,1953,1931,-1,1914,1954,1802,-1,1802,1954,1955,-1,1802,1955,1956,-1,1955,1957,1956,-1,1956,1957,1958,-1,1956,1958,1894,-1,1894,1958,1959,-1,1894,1959,1906,-1,1950,1960,1961,-1,1803,1962,1963,-1,1961,1964,1950,-1,1950,1964,1965,-1,1950,1965,1952,-1,1966,1967,1968,-1,1967,1969,1968,-1,1968,1969,1970,-1,1968,1970,1971,-1,1969,1972,1970,-1,1970,1972,1973,-1,1970,1973,1974,-1,1974,1973,1975,-1,1934,1914,1963,-1,1963,1914,1802,-1,1963,1802,1803,-1,1962,1803,1968,-1,1968,1803,1976,-1,1968,1976,1977,-1,1977,1978,1968,-1,1968,1978,1979,-1,1968,1979,1966,-1,1821,1820,1910,-1,1910,1820,1911,-1,1822,1821,1909,-1,1909,1821,1910,-1,1822,1909,1930,-1,1822,1930,1832,-1,1832,1930,1933,-1,1832,1933,1833,-1,1833,1933,1932,-1,1833,1932,1861,-1,1861,1932,1931,-1,1861,1931,1862,-1,1862,1931,1953,-1,1862,1953,1863,-1,1863,1953,1929,-1,1863,1929,1834,-1,1807,1834,1919,-1,1919,1834,1929,-1,1807,1919,1808,-1,1808,1919,1918,-1,1808,1918,1819,-1,1819,1918,1896,-1,1819,1896,1804,-1,1804,1896,1895,-1,1804,1895,1805,-1,1805,1895,1893,-1,1805,1893,1823,-1,1823,1893,1892,-1,1824,1823,1908,-1,1908,1823,1892,-1,1824,1908,1907,-1,1824,1907,1825,-1,1825,1907,1906,-1,1825,1906,1871,-1,1871,1906,1959,-1,1871,1959,1872,-1,1872,1959,1958,-1,1872,1958,1873,-1,1873,1958,1957,-1,1873,1957,1867,-1,1865,1867,1955,-1,1955,1867,1957,-1,1865,1955,1864,-1,1864,1955,1954,-1,1864,1954,1844,-1,1844,1954,1914,-1,1844,1914,1842,-1,1842,1914,1921,-1,1842,1921,1840,-1,1840,1921,1940,-1,1840,1940,1858,-1,1858,1940,1915,-1,1856,1858,1898,-1,1898,1858,1915,-1,1856,1898,1900,-1,1856,1900,1854,-1,1854,1900,1905,-1,1854,1905,1818,-1,1818,1905,1904,-1,1818,1904,1817,-1,1817,1904,1903,-1,1817,1903,1815,-1,1815,1903,1902,-1,1815,1902,1813,-1,1812,1813,1926,-1,1926,1813,1902,-1,1812,1926,1945,-1,1812,1945,1852,-1,1852,1945,1947,-1,1852,1947,1853,-1,1853,1947,1948,-1,1853,1948,1835,-1,1835,1948,1939,-1,1835,1939,1836,-1,1836,1939,1938,-1,1836,1938,1837,-1,1837,1938,1951,-1,1837,1951,1848,-1,1849,1848,1952,-1,1952,1848,1951,-1,1849,1952,1965,-1,1849,1965,1850,-1,1850,1965,1964,-1,1850,1964,1868,-1,1868,1964,1961,-1,1868,1961,1869,-1,1869,1961,1960,-1,1869,1960,1870,-1,1870,1960,1950,-1,1870,1950,1826,-1,1827,1826,1949,-1,1949,1826,1950,-1,1828,1827,1937,-1,1937,1827,1949,-1,1828,1937,1851,-1,1851,1937,1946,-1,1851,1946,1810,-1,1810,1946,1944,-1,1810,1944,1811,-1,1811,1944,1943,-1,1811,1943,1829,-1,1829,1943,1928,-1,1829,1928,1830,-1,1830,1928,1927,-1,1831,1830,1925,-1,1925,1830,1927,-1,1831,1925,1814,-1,1814,1925,1924,-1,1814,1924,1816,-1,1816,1924,1901,-1,1816,1901,1855,-1,1855,1901,1899,-1,1855,1899,1857,-1,1857,1899,1917,-1,1857,1917,1859,-1,1859,1917,1916,-1,1859,1916,1860,-1,1860,1916,1942,-1,1838,1860,1941,-1,1941,1860,1942,-1,1838,1941,1839,-1,1839,1941,1923,-1,1839,1923,1841,-1,1841,1923,1922,-1,1841,1922,1843,-1,1843,1922,1913,-1,1843,1913,1845,-1,1845,1913,1912,-1,1845,1912,1846,-1,1846,1912,1936,-1,1846,1936,1874,-1,1874,1936,1935,-1,1874,1935,1875,-1,1875,1935,1934,-1,1876,1875,1963,-1,1963,1875,1934,-1,1876,1963,1879,-1,1879,1963,1962,-1,1879,1962,1880,-1,1880,1962,1968,-1,1881,1880,1971,-1,1971,1880,1968,-1,1882,1881,1970,-1,1970,1881,1971,-1,1882,1970,1974,-1,1882,1974,1883,-1,1883,1974,1975,-1,1883,1975,1884,-1,1884,1975,1973,-1,1884,1973,1885,-1,1885,1973,1972,-1,1885,1972,1877,-1,1877,1972,1969,-1,1877,1969,1878,-1,1886,1878,1967,-1,1967,1878,1969,-1,1886,1967,1966,-1,1886,1966,1887,-1,1887,1966,1979,-1,1887,1979,1888,-1,1888,1979,1978,-1,1888,1978,1889,-1,1889,1978,1977,-1,1889,1977,1890,-1,1890,1977,1976,-1,1890,1976,1891,-1,1891,1976,1803,-1,1891,1803,1801,-1,1897,1809,1894,-1,1894,1809,1806,-1,1809,1897,1920,-1,1809,1920,1847,-1,1847,1920,1911,-1,1847,1911,1820,-1,1980,1981,1982,-1,1982,1981,1983,-1,1984,1985,1986,-1,1987,1988,1989,-1,1990,1991,1992,-1,1993,1994,1995,-1,1995,1994,1996,-1,1995,1996,1997,-1,1997,1996,1998,-1,1989,1988,1986,-1,1986,1988,1999,-1,1986,1999,1984,-1,2000,2001,2002,-1,1985,2003,1986,-1,1986,2003,2004,-1,1986,2004,2005,-1,2006,2007,2008,-1,1991,2009,1992,-1,1992,2009,2010,-1,1992,2010,1993,-1,1993,2010,2011,-1,1993,2011,1994,-1,2012,2013,2014,-1,2015,2016,2008,-1,2008,2016,2017,-1,2008,2017,2006,-1,2018,2019,2020,-1,2020,2019,2021,-1,2020,2021,2022,-1,2022,2021,2023,-1,2022,2023,2024,-1,2024,2023,2025,-1,2024,2025,2026,-1,1989,2027,1987,-1,1987,2027,2000,-1,1987,2000,2014,-1,2014,2000,2002,-1,2014,2002,2012,-1,2017,2028,2006,-1,2006,2028,2029,-1,2006,2029,2030,-1,1990,1992,2031,-1,2031,1992,2032,-1,2031,2032,2008,-1,2008,2032,2033,-1,2008,2033,2015,-1,1998,1996,2034,-1,2034,1996,2035,-1,2034,2035,2036,-1,2036,2035,2037,-1,2036,2037,2038,-1,2038,2037,2039,-1,2038,2039,2020,-1,2020,2039,2040,-1,2020,2040,2018,-1,2041,2042,2013,-1,2013,2042,2043,-1,2013,2043,2014,-1,2044,1980,2045,-1,2045,1980,2046,-1,2045,2046,2047,-1,2030,2048,2006,-1,2006,2048,2049,-1,2006,2049,2050,-1,2005,2051,1986,-1,1986,2051,2052,-1,1986,2052,2046,-1,2046,2052,2053,-1,2046,2053,2047,-1,2026,2054,2024,-1,2024,2054,2055,-1,2024,2055,2056,-1,2057,2058,1981,-1,2044,2024,1980,-1,1980,2024,2056,-1,1980,2056,1981,-1,1981,2056,2059,-1,1981,2059,2060,-1,2060,2061,1981,-1,1981,2061,2062,-1,1981,2062,2063,-1,2063,2064,1981,-1,1981,2064,2065,-1,1981,2065,2057,-1,2058,2066,1981,-1,1981,2066,2067,-1,1981,2067,2068,-1,2069,2070,2068,-1,2068,2070,2071,-1,2068,2071,1981,-1,2072,2073,2074,-1,2073,2075,2074,-1,2074,2075,2076,-1,2074,2076,2077,-1,2078,2079,2080,-1,2080,2079,2081,-1,2082,2083,2081,-1,2083,2084,2081,-1,2081,2084,2085,-1,2081,2085,2080,-1,2086,2087,2074,-1,2074,2087,2088,-1,2074,2088,2072,-1,2089,2090,2091,-1,2092,2093,2094,-1,2095,2096,2078,-1,2078,2096,2097,-1,2078,2097,2079,-1,2076,2098,2077,-1,2077,2098,2099,-1,2077,2099,2100,-1,2100,2099,2091,-1,2094,2093,2101,-1,2095,2102,2103,-1,2081,2104,2082,-1,2082,2104,2105,-1,2082,2105,2106,-1,2106,2105,2107,-1,2106,2107,2108,-1,2091,2099,2089,-1,2089,2099,2109,-1,2089,2109,2110,-1,2111,2112,2113,-1,2114,2115,2094,-1,2094,2115,2116,-1,2094,2116,2092,-1,2117,2118,2119,-1,2102,2095,2093,-1,2093,2095,2120,-1,2093,2120,2101,-1,2103,2121,2095,-1,2095,2121,2122,-1,2095,2122,2096,-1,2108,2123,2106,-1,2106,2123,2124,-1,2106,2124,2125,-1,2125,2124,2126,-1,2125,2126,2127,-1,2127,2126,2117,-1,2127,2117,2128,-1,2128,2117,2119,-1,2117,2129,2118,-1,2118,2129,2130,-1,2118,2130,2131,-1,2131,2130,2132,-1,2110,2109,2113,-1,2113,2109,2133,-1,2113,2133,2111,-1,2094,2134,1982,-1,1982,2134,2135,-1,1982,2135,2136,-1,2135,2137,2136,-1,2136,2137,2138,-1,2136,2138,2074,-1,2074,2138,2139,-1,2074,2139,2086,-1,2130,2140,2141,-1,1983,2142,2143,-1,2141,2144,2130,-1,2130,2144,2145,-1,2130,2145,2132,-1,2146,2147,2148,-1,2147,2149,2148,-1,2148,2149,2150,-1,2148,2150,2151,-1,2149,2152,2150,-1,2150,2152,2153,-1,2150,2153,2154,-1,2154,2153,2155,-1,2114,2094,2143,-1,2143,2094,1982,-1,2143,1982,1983,-1,2142,1983,2148,-1,2148,1983,2156,-1,2148,2156,2157,-1,2157,2158,2148,-1,2148,2158,2159,-1,2148,2159,2146,-1,2001,2000,2090,-1,2090,2000,2091,-1,2002,2001,2089,-1,2089,2001,2090,-1,2002,2089,2110,-1,2002,2110,2012,-1,2012,2110,2113,-1,2012,2113,2013,-1,2013,2113,2112,-1,2013,2112,2041,-1,2041,2112,2111,-1,2041,2111,2042,-1,2042,2111,2133,-1,2042,2133,2043,-1,2043,2133,2109,-1,2043,2109,2014,-1,1987,2014,2099,-1,2099,2014,2109,-1,1987,2099,1988,-1,1988,2099,2098,-1,1988,2098,1999,-1,1999,2098,2076,-1,1999,2076,1984,-1,1984,2076,2075,-1,1984,2075,1985,-1,1985,2075,2073,-1,1985,2073,2003,-1,2003,2073,2072,-1,2004,2003,2088,-1,2088,2003,2072,-1,2004,2088,2087,-1,2004,2087,2005,-1,2005,2087,2086,-1,2005,2086,2051,-1,2051,2086,2139,-1,2051,2139,2052,-1,2052,2139,2138,-1,2052,2138,2053,-1,2053,2138,2137,-1,2053,2137,2047,-1,2045,2047,2135,-1,2135,2047,2137,-1,2045,2135,2044,-1,2044,2135,2134,-1,2044,2134,2024,-1,2024,2134,2094,-1,2024,2094,2022,-1,2022,2094,2101,-1,2022,2101,2020,-1,2020,2101,2120,-1,2020,2120,2038,-1,2038,2120,2095,-1,2036,2038,2078,-1,2078,2038,2095,-1,2036,2078,2080,-1,2036,2080,2034,-1,2034,2080,2085,-1,2034,2085,1998,-1,1998,2085,2084,-1,1998,2084,1997,-1,1997,2084,2083,-1,1997,2083,1995,-1,1995,2083,2082,-1,1995,2082,1993,-1,1992,1993,2106,-1,2106,1993,2082,-1,1992,2106,2125,-1,1992,2125,2032,-1,2032,2125,2127,-1,2032,2127,2033,-1,2033,2127,2128,-1,2033,2128,2015,-1,2015,2128,2119,-1,2015,2119,2016,-1,2016,2119,2118,-1,2016,2118,2017,-1,2017,2118,2131,-1,2017,2131,2028,-1,2029,2028,2132,-1,2132,2028,2131,-1,2029,2132,2145,-1,2029,2145,2030,-1,2030,2145,2144,-1,2030,2144,2048,-1,2048,2144,2141,-1,2048,2141,2049,-1,2049,2141,2140,-1,2049,2140,2050,-1,2050,2140,2130,-1,2050,2130,2006,-1,2007,2006,2129,-1,2129,2006,2130,-1,2008,2007,2117,-1,2117,2007,2129,-1,2008,2117,2031,-1,2031,2117,2126,-1,2031,2126,1990,-1,1990,2126,2124,-1,1990,2124,1991,-1,1991,2124,2123,-1,1991,2123,2009,-1,2009,2123,2108,-1,2009,2108,2010,-1,2010,2108,2107,-1,2011,2010,2105,-1,2105,2010,2107,-1,2011,2105,1994,-1,1994,2105,2104,-1,1994,2104,1996,-1,1996,2104,2081,-1,1996,2081,2035,-1,2035,2081,2079,-1,2035,2079,2037,-1,2037,2079,2097,-1,2037,2097,2039,-1,2039,2097,2096,-1,2039,2096,2040,-1,2040,2096,2122,-1,2018,2040,2121,-1,2121,2040,2122,-1,2018,2121,2019,-1,2019,2121,2103,-1,2019,2103,2021,-1,2021,2103,2102,-1,2021,2102,2023,-1,2023,2102,2093,-1,2023,2093,2025,-1,2025,2093,2092,-1,2025,2092,2026,-1,2026,2092,2116,-1,2026,2116,2054,-1,2054,2116,2115,-1,2054,2115,2055,-1,2055,2115,2114,-1,2056,2055,2143,-1,2143,2055,2114,-1,2056,2143,2059,-1,2059,2143,2142,-1,2059,2142,2060,-1,2060,2142,2148,-1,2061,2060,2151,-1,2151,2060,2148,-1,2062,2061,2150,-1,2150,2061,2151,-1,2062,2150,2154,-1,2062,2154,2063,-1,2063,2154,2155,-1,2063,2155,2064,-1,2064,2155,2153,-1,2064,2153,2065,-1,2065,2153,2152,-1,2065,2152,2057,-1,2057,2152,2149,-1,2057,2149,2058,-1,2066,2058,2147,-1,2147,2058,2149,-1,2066,2147,2146,-1,2066,2146,2067,-1,2067,2146,2159,-1,2067,2159,2068,-1,2068,2159,2158,-1,2068,2158,2069,-1,2069,2158,2157,-1,2069,2157,2070,-1,2070,2157,2156,-1,2070,2156,2071,-1,2071,2156,1983,-1,2071,1983,1981,-1,2077,1989,2074,-1,2074,1989,1986,-1,1989,2077,2100,-1,1989,2100,2027,-1,2027,2100,2091,-1,2027,2091,2000,-1,2160,2161,2162,-1,2162,2161,2163,-1,2164,2165,2166,-1,2167,2168,2169,-1,2170,2171,2172,-1,2173,2174,2175,-1,2175,2174,2176,-1,2175,2176,2177,-1,2177,2176,2178,-1,2169,2168,2166,-1,2166,2168,2179,-1,2166,2179,2164,-1,2180,2181,2182,-1,2165,2183,2166,-1,2166,2183,2184,-1,2166,2184,2185,-1,2186,2187,2188,-1,2171,2189,2172,-1,2172,2189,2190,-1,2172,2190,2173,-1,2173,2190,2191,-1,2173,2191,2174,-1,2192,2193,2194,-1,2195,2196,2188,-1,2188,2196,2197,-1,2188,2197,2186,-1,2198,2199,2200,-1,2200,2199,2201,-1,2200,2201,2202,-1,2202,2201,2203,-1,2202,2203,2204,-1,2204,2203,2205,-1,2204,2205,2206,-1,2169,2207,2167,-1,2167,2207,2180,-1,2167,2180,2194,-1,2194,2180,2182,-1,2194,2182,2192,-1,2197,2208,2186,-1,2186,2208,2209,-1,2186,2209,2210,-1,2170,2172,2211,-1,2211,2172,2212,-1,2211,2212,2188,-1,2188,2212,2213,-1,2188,2213,2195,-1,2178,2176,2214,-1,2214,2176,2215,-1,2214,2215,2216,-1,2216,2215,2217,-1,2216,2217,2218,-1,2218,2217,2219,-1,2218,2219,2200,-1,2200,2219,2220,-1,2200,2220,2198,-1,2221,2222,2193,-1,2193,2222,2223,-1,2193,2223,2194,-1,2224,2160,2225,-1,2225,2160,2226,-1,2225,2226,2227,-1,2210,2228,2186,-1,2186,2228,2229,-1,2186,2229,2230,-1,2185,2231,2166,-1,2166,2231,2232,-1,2166,2232,2226,-1,2226,2232,2233,-1,2226,2233,2227,-1,2206,2234,2204,-1,2204,2234,2235,-1,2204,2235,2236,-1,2237,2238,2161,-1,2224,2204,2160,-1,2160,2204,2236,-1,2160,2236,2161,-1,2161,2236,2239,-1,2161,2239,2240,-1,2240,2241,2161,-1,2161,2241,2242,-1,2161,2242,2243,-1,2243,2244,2161,-1,2161,2244,2245,-1,2161,2245,2237,-1,2238,2246,2161,-1,2161,2246,2247,-1,2161,2247,2248,-1,2249,2250,2248,-1,2248,2250,2251,-1,2248,2251,2161,-1,2252,2253,2254,-1,2253,2255,2254,-1,2254,2255,2256,-1,2254,2256,2257,-1,2258,2259,2260,-1,2260,2259,2261,-1,2262,2263,2261,-1,2263,2264,2261,-1,2261,2264,2265,-1,2261,2265,2260,-1,2266,2267,2254,-1,2254,2267,2268,-1,2254,2268,2252,-1,2269,2270,2271,-1,2272,2273,2274,-1,2275,2276,2258,-1,2258,2276,2277,-1,2258,2277,2259,-1,2256,2278,2257,-1,2257,2278,2279,-1,2257,2279,2280,-1,2280,2279,2271,-1,2274,2273,2281,-1,2275,2282,2283,-1,2261,2284,2262,-1,2262,2284,2285,-1,2262,2285,2286,-1,2286,2285,2287,-1,2286,2287,2288,-1,2271,2279,2269,-1,2269,2279,2289,-1,2269,2289,2290,-1,2291,2292,2293,-1,2294,2295,2274,-1,2274,2295,2296,-1,2274,2296,2272,-1,2297,2298,2299,-1,2282,2275,2273,-1,2273,2275,2300,-1,2273,2300,2281,-1,2283,2301,2275,-1,2275,2301,2302,-1,2275,2302,2276,-1,2288,2303,2286,-1,2286,2303,2304,-1,2286,2304,2305,-1,2305,2304,2306,-1,2305,2306,2307,-1,2307,2306,2297,-1,2307,2297,2308,-1,2308,2297,2299,-1,2297,2309,2298,-1,2298,2309,2310,-1,2298,2310,2311,-1,2311,2310,2312,-1,2290,2289,2293,-1,2293,2289,2313,-1,2293,2313,2291,-1,2274,2314,2162,-1,2162,2314,2315,-1,2162,2315,2316,-1,2315,2317,2316,-1,2316,2317,2318,-1,2316,2318,2254,-1,2254,2318,2319,-1,2254,2319,2266,-1,2310,2320,2321,-1,2163,2322,2323,-1,2321,2324,2310,-1,2310,2324,2325,-1,2310,2325,2312,-1,2326,2327,2328,-1,2327,2329,2328,-1,2328,2329,2330,-1,2328,2330,2331,-1,2329,2332,2330,-1,2330,2332,2333,-1,2330,2333,2334,-1,2334,2333,2335,-1,2294,2274,2323,-1,2323,2274,2162,-1,2323,2162,2163,-1,2322,2163,2328,-1,2328,2163,2336,-1,2328,2336,2337,-1,2337,2338,2328,-1,2328,2338,2339,-1,2328,2339,2326,-1,2181,2180,2270,-1,2270,2180,2271,-1,2182,2181,2269,-1,2269,2181,2270,-1,2182,2269,2290,-1,2182,2290,2192,-1,2192,2290,2293,-1,2192,2293,2193,-1,2193,2293,2292,-1,2193,2292,2221,-1,2221,2292,2291,-1,2221,2291,2222,-1,2222,2291,2313,-1,2222,2313,2223,-1,2223,2313,2289,-1,2223,2289,2194,-1,2167,2194,2279,-1,2279,2194,2289,-1,2167,2279,2168,-1,2168,2279,2278,-1,2168,2278,2179,-1,2179,2278,2256,-1,2179,2256,2164,-1,2164,2256,2255,-1,2164,2255,2165,-1,2165,2255,2253,-1,2165,2253,2183,-1,2183,2253,2252,-1,2184,2183,2268,-1,2268,2183,2252,-1,2184,2268,2267,-1,2184,2267,2185,-1,2185,2267,2266,-1,2185,2266,2231,-1,2231,2266,2319,-1,2231,2319,2232,-1,2232,2319,2318,-1,2232,2318,2233,-1,2233,2318,2317,-1,2233,2317,2227,-1,2225,2227,2315,-1,2315,2227,2317,-1,2225,2315,2224,-1,2224,2315,2314,-1,2224,2314,2204,-1,2204,2314,2274,-1,2204,2274,2202,-1,2202,2274,2281,-1,2202,2281,2200,-1,2200,2281,2300,-1,2200,2300,2218,-1,2218,2300,2275,-1,2216,2218,2258,-1,2258,2218,2275,-1,2216,2258,2260,-1,2216,2260,2214,-1,2214,2260,2265,-1,2214,2265,2178,-1,2178,2265,2264,-1,2178,2264,2177,-1,2177,2264,2263,-1,2177,2263,2175,-1,2175,2263,2262,-1,2175,2262,2173,-1,2172,2173,2286,-1,2286,2173,2262,-1,2172,2286,2305,-1,2172,2305,2212,-1,2212,2305,2307,-1,2212,2307,2213,-1,2213,2307,2308,-1,2213,2308,2195,-1,2195,2308,2299,-1,2195,2299,2196,-1,2196,2299,2298,-1,2196,2298,2197,-1,2197,2298,2311,-1,2197,2311,2208,-1,2209,2208,2312,-1,2312,2208,2311,-1,2209,2312,2325,-1,2209,2325,2210,-1,2210,2325,2324,-1,2210,2324,2228,-1,2228,2324,2321,-1,2228,2321,2229,-1,2229,2321,2320,-1,2229,2320,2230,-1,2230,2320,2310,-1,2230,2310,2186,-1,2187,2186,2309,-1,2309,2186,2310,-1,2188,2187,2297,-1,2297,2187,2309,-1,2188,2297,2211,-1,2211,2297,2306,-1,2211,2306,2170,-1,2170,2306,2304,-1,2170,2304,2171,-1,2171,2304,2303,-1,2171,2303,2189,-1,2189,2303,2288,-1,2189,2288,2190,-1,2190,2288,2287,-1,2191,2190,2285,-1,2285,2190,2287,-1,2191,2285,2174,-1,2174,2285,2284,-1,2174,2284,2176,-1,2176,2284,2261,-1,2176,2261,2215,-1,2215,2261,2259,-1,2215,2259,2217,-1,2217,2259,2277,-1,2217,2277,2219,-1,2219,2277,2276,-1,2219,2276,2220,-1,2220,2276,2302,-1,2198,2220,2301,-1,2301,2220,2302,-1,2198,2301,2199,-1,2199,2301,2283,-1,2199,2283,2201,-1,2201,2283,2282,-1,2201,2282,2203,-1,2203,2282,2273,-1,2203,2273,2205,-1,2205,2273,2272,-1,2205,2272,2206,-1,2206,2272,2296,-1,2206,2296,2234,-1,2234,2296,2295,-1,2234,2295,2235,-1,2235,2295,2294,-1,2236,2235,2323,-1,2323,2235,2294,-1,2236,2323,2239,-1,2239,2323,2322,-1,2239,2322,2240,-1,2240,2322,2328,-1,2241,2240,2331,-1,2331,2240,2328,-1,2242,2241,2330,-1,2330,2241,2331,-1,2242,2330,2334,-1,2242,2334,2243,-1,2243,2334,2335,-1,2243,2335,2244,-1,2244,2335,2333,-1,2244,2333,2245,-1,2245,2333,2332,-1,2245,2332,2237,-1,2237,2332,2329,-1,2237,2329,2238,-1,2246,2238,2327,-1,2327,2238,2329,-1,2246,2327,2326,-1,2246,2326,2247,-1,2247,2326,2339,-1,2247,2339,2248,-1,2248,2339,2338,-1,2248,2338,2249,-1,2249,2338,2337,-1,2249,2337,2250,-1,2250,2337,2336,-1,2250,2336,2251,-1,2251,2336,2163,-1,2251,2163,2161,-1,2257,2169,2254,-1,2254,2169,2166,-1,2169,2257,2280,-1,2169,2280,2207,-1,2207,2280,2271,-1,2207,2271,2180,-1,2340,2341,2342,-1,2342,2341,2343,-1,2344,2345,2346,-1,2347,2348,2349,-1,2350,2351,2352,-1,2353,2354,2355,-1,2355,2354,2356,-1,2355,2356,2357,-1,2357,2356,2358,-1,2349,2348,2346,-1,2346,2348,2359,-1,2346,2359,2344,-1,2360,2361,2362,-1,2345,2363,2346,-1,2346,2363,2364,-1,2346,2364,2365,-1,2366,2367,2368,-1,2351,2369,2352,-1,2352,2369,2370,-1,2352,2370,2353,-1,2353,2370,2371,-1,2353,2371,2354,-1,2372,2373,2374,-1,2375,2376,2368,-1,2368,2376,2377,-1,2368,2377,2366,-1,2378,2379,2380,-1,2380,2379,2381,-1,2380,2381,2382,-1,2382,2381,2383,-1,2382,2383,2384,-1,2384,2383,2385,-1,2384,2385,2386,-1,2349,2387,2347,-1,2347,2387,2360,-1,2347,2360,2374,-1,2374,2360,2362,-1,2374,2362,2372,-1,2377,2388,2366,-1,2366,2388,2389,-1,2366,2389,2390,-1,2350,2352,2391,-1,2391,2352,2392,-1,2391,2392,2368,-1,2368,2392,2393,-1,2368,2393,2375,-1,2358,2356,2394,-1,2394,2356,2395,-1,2394,2395,2396,-1,2396,2395,2397,-1,2396,2397,2398,-1,2398,2397,2399,-1,2398,2399,2380,-1,2380,2399,2400,-1,2380,2400,2378,-1,2401,2402,2373,-1,2373,2402,2403,-1,2373,2403,2374,-1,2404,2340,2405,-1,2405,2340,2406,-1,2405,2406,2407,-1,2390,2408,2366,-1,2366,2408,2409,-1,2366,2409,2410,-1,2365,2411,2346,-1,2346,2411,2412,-1,2346,2412,2406,-1,2406,2412,2413,-1,2406,2413,2407,-1,2386,2414,2384,-1,2384,2414,2415,-1,2384,2415,2416,-1,2417,2418,2341,-1,2404,2384,2340,-1,2340,2384,2416,-1,2340,2416,2341,-1,2341,2416,2419,-1,2341,2419,2420,-1,2420,2421,2341,-1,2341,2421,2422,-1,2341,2422,2423,-1,2423,2424,2341,-1,2341,2424,2425,-1,2341,2425,2417,-1,2418,2426,2341,-1,2341,2426,2427,-1,2341,2427,2428,-1,2429,2430,2428,-1,2428,2430,2431,-1,2428,2431,2341,-1,2432,2433,2434,-1,2433,2435,2434,-1,2434,2435,2436,-1,2434,2436,2437,-1,2438,2439,2440,-1,2440,2439,2441,-1,2442,2443,2441,-1,2443,2444,2441,-1,2441,2444,2445,-1,2441,2445,2440,-1,2446,2447,2434,-1,2434,2447,2448,-1,2434,2448,2432,-1,2449,2450,2451,-1,2452,2453,2454,-1,2455,2456,2438,-1,2438,2456,2457,-1,2438,2457,2439,-1,2436,2458,2437,-1,2437,2458,2459,-1,2437,2459,2460,-1,2460,2459,2451,-1,2454,2453,2461,-1,2455,2462,2463,-1,2441,2464,2442,-1,2442,2464,2465,-1,2442,2465,2466,-1,2466,2465,2467,-1,2466,2467,2468,-1,2451,2459,2449,-1,2449,2459,2469,-1,2449,2469,2470,-1,2471,2472,2473,-1,2474,2475,2454,-1,2454,2475,2476,-1,2454,2476,2452,-1,2477,2478,2479,-1,2462,2455,2453,-1,2453,2455,2480,-1,2453,2480,2461,-1,2463,2481,2455,-1,2455,2481,2482,-1,2455,2482,2456,-1,2468,2483,2466,-1,2466,2483,2484,-1,2466,2484,2485,-1,2485,2484,2486,-1,2485,2486,2487,-1,2487,2486,2477,-1,2487,2477,2488,-1,2488,2477,2479,-1,2477,2489,2478,-1,2478,2489,2490,-1,2478,2490,2491,-1,2491,2490,2492,-1,2470,2469,2473,-1,2473,2469,2493,-1,2473,2493,2471,-1,2454,2494,2342,-1,2342,2494,2495,-1,2342,2495,2496,-1,2495,2497,2496,-1,2496,2497,2498,-1,2496,2498,2434,-1,2434,2498,2499,-1,2434,2499,2446,-1,2490,2500,2501,-1,2343,2502,2503,-1,2501,2504,2490,-1,2490,2504,2505,-1,2490,2505,2492,-1,2506,2507,2508,-1,2507,2509,2508,-1,2508,2509,2510,-1,2508,2510,2511,-1,2509,2512,2510,-1,2510,2512,2513,-1,2510,2513,2514,-1,2514,2513,2515,-1,2474,2454,2503,-1,2503,2454,2342,-1,2503,2342,2343,-1,2502,2343,2508,-1,2508,2343,2516,-1,2508,2516,2517,-1,2517,2518,2508,-1,2508,2518,2519,-1,2508,2519,2506,-1,2361,2360,2450,-1,2450,2360,2451,-1,2362,2361,2449,-1,2449,2361,2450,-1,2362,2449,2470,-1,2362,2470,2372,-1,2372,2470,2473,-1,2372,2473,2373,-1,2373,2473,2472,-1,2373,2472,2401,-1,2401,2472,2471,-1,2401,2471,2402,-1,2402,2471,2493,-1,2402,2493,2403,-1,2403,2493,2469,-1,2403,2469,2374,-1,2347,2374,2459,-1,2459,2374,2469,-1,2347,2459,2348,-1,2348,2459,2458,-1,2348,2458,2359,-1,2359,2458,2436,-1,2359,2436,2344,-1,2344,2436,2435,-1,2344,2435,2345,-1,2345,2435,2433,-1,2345,2433,2363,-1,2363,2433,2432,-1,2364,2363,2448,-1,2448,2363,2432,-1,2364,2448,2447,-1,2364,2447,2365,-1,2365,2447,2446,-1,2365,2446,2411,-1,2411,2446,2499,-1,2411,2499,2412,-1,2412,2499,2498,-1,2412,2498,2413,-1,2413,2498,2497,-1,2413,2497,2407,-1,2405,2407,2495,-1,2495,2407,2497,-1,2405,2495,2404,-1,2404,2495,2494,-1,2404,2494,2384,-1,2384,2494,2454,-1,2384,2454,2382,-1,2382,2454,2461,-1,2382,2461,2380,-1,2380,2461,2480,-1,2380,2480,2398,-1,2398,2480,2455,-1,2396,2398,2438,-1,2438,2398,2455,-1,2396,2438,2440,-1,2396,2440,2394,-1,2394,2440,2445,-1,2394,2445,2358,-1,2358,2445,2444,-1,2358,2444,2357,-1,2357,2444,2443,-1,2357,2443,2355,-1,2355,2443,2442,-1,2355,2442,2353,-1,2352,2353,2466,-1,2466,2353,2442,-1,2352,2466,2485,-1,2352,2485,2392,-1,2392,2485,2487,-1,2392,2487,2393,-1,2393,2487,2488,-1,2393,2488,2375,-1,2375,2488,2479,-1,2375,2479,2376,-1,2376,2479,2478,-1,2376,2478,2377,-1,2377,2478,2491,-1,2377,2491,2388,-1,2389,2388,2492,-1,2492,2388,2491,-1,2389,2492,2505,-1,2389,2505,2390,-1,2390,2505,2504,-1,2390,2504,2408,-1,2408,2504,2501,-1,2408,2501,2409,-1,2409,2501,2500,-1,2409,2500,2410,-1,2410,2500,2490,-1,2410,2490,2366,-1,2367,2366,2489,-1,2489,2366,2490,-1,2368,2367,2477,-1,2477,2367,2489,-1,2368,2477,2391,-1,2391,2477,2486,-1,2391,2486,2350,-1,2350,2486,2484,-1,2350,2484,2351,-1,2351,2484,2483,-1,2351,2483,2369,-1,2369,2483,2468,-1,2369,2468,2370,-1,2370,2468,2467,-1,2371,2370,2465,-1,2465,2370,2467,-1,2371,2465,2354,-1,2354,2465,2464,-1,2354,2464,2356,-1,2356,2464,2441,-1,2356,2441,2395,-1,2395,2441,2439,-1,2395,2439,2397,-1,2397,2439,2457,-1,2397,2457,2399,-1,2399,2457,2456,-1,2399,2456,2400,-1,2400,2456,2482,-1,2378,2400,2481,-1,2481,2400,2482,-1,2378,2481,2379,-1,2379,2481,2463,-1,2379,2463,2381,-1,2381,2463,2462,-1,2381,2462,2383,-1,2383,2462,2453,-1,2383,2453,2385,-1,2385,2453,2452,-1,2385,2452,2386,-1,2386,2452,2476,-1,2386,2476,2414,-1,2414,2476,2475,-1,2414,2475,2415,-1,2415,2475,2474,-1,2416,2415,2503,-1,2503,2415,2474,-1,2416,2503,2419,-1,2419,2503,2502,-1,2419,2502,2420,-1,2420,2502,2508,-1,2421,2420,2511,-1,2511,2420,2508,-1,2422,2421,2510,-1,2510,2421,2511,-1,2422,2510,2514,-1,2422,2514,2423,-1,2423,2514,2515,-1,2423,2515,2424,-1,2424,2515,2513,-1,2424,2513,2425,-1,2425,2513,2512,-1,2425,2512,2417,-1,2417,2512,2509,-1,2417,2509,2418,-1,2426,2418,2507,-1,2507,2418,2509,-1,2426,2507,2506,-1,2426,2506,2427,-1,2427,2506,2519,-1,2427,2519,2428,-1,2428,2519,2518,-1,2428,2518,2429,-1,2429,2518,2517,-1,2429,2517,2430,-1,2430,2517,2516,-1,2430,2516,2431,-1,2431,2516,2343,-1,2431,2343,2341,-1,2437,2349,2434,-1,2434,2349,2346,-1,2349,2437,2460,-1,2349,2460,2387,-1,2387,2460,2451,-1,2387,2451,2360,-1,2520,2521,2522,-1,2522,2521,2523,-1,2524,2525,2526,-1,2527,2528,2529,-1,2530,2531,2532,-1,2533,2534,2535,-1,2535,2534,2536,-1,2535,2536,2537,-1,2537,2536,2538,-1,2529,2528,2526,-1,2526,2528,2539,-1,2526,2539,2524,-1,2540,2541,2542,-1,2525,2543,2526,-1,2526,2543,2544,-1,2526,2544,2545,-1,2546,2547,2548,-1,2531,2549,2532,-1,2532,2549,2550,-1,2532,2550,2533,-1,2533,2550,2551,-1,2533,2551,2534,-1,2552,2553,2554,-1,2555,2556,2548,-1,2548,2556,2557,-1,2548,2557,2546,-1,2558,2559,2560,-1,2560,2559,2561,-1,2560,2561,2562,-1,2562,2561,2563,-1,2562,2563,2564,-1,2564,2563,2565,-1,2564,2565,2566,-1,2529,2567,2527,-1,2527,2567,2540,-1,2527,2540,2554,-1,2554,2540,2542,-1,2554,2542,2552,-1,2557,2568,2546,-1,2546,2568,2569,-1,2546,2569,2570,-1,2530,2532,2571,-1,2571,2532,2572,-1,2571,2572,2548,-1,2548,2572,2573,-1,2548,2573,2555,-1,2538,2536,2574,-1,2574,2536,2575,-1,2574,2575,2576,-1,2576,2575,2577,-1,2576,2577,2578,-1,2578,2577,2579,-1,2578,2579,2560,-1,2560,2579,2580,-1,2560,2580,2558,-1,2581,2582,2553,-1,2553,2582,2583,-1,2553,2583,2554,-1,2584,2520,2585,-1,2585,2520,2586,-1,2585,2586,2587,-1,2570,2588,2546,-1,2546,2588,2589,-1,2546,2589,2590,-1,2545,2591,2526,-1,2526,2591,2592,-1,2526,2592,2586,-1,2586,2592,2593,-1,2586,2593,2587,-1,2566,2594,2564,-1,2564,2594,2595,-1,2564,2595,2596,-1,2597,2598,2521,-1,2584,2564,2520,-1,2520,2564,2596,-1,2520,2596,2521,-1,2521,2596,2599,-1,2521,2599,2600,-1,2600,2601,2521,-1,2521,2601,2602,-1,2521,2602,2603,-1,2603,2604,2521,-1,2521,2604,2605,-1,2521,2605,2597,-1,2598,2606,2521,-1,2521,2606,2607,-1,2521,2607,2608,-1,2609,2610,2608,-1,2608,2610,2611,-1,2608,2611,2521,-1,2612,2613,2614,-1,2613,2615,2614,-1,2614,2615,2616,-1,2614,2616,2617,-1,2618,2619,2620,-1,2620,2619,2621,-1,2622,2623,2621,-1,2623,2624,2621,-1,2621,2624,2625,-1,2621,2625,2620,-1,2626,2627,2614,-1,2614,2627,2628,-1,2614,2628,2612,-1,2629,2630,2631,-1,2632,2633,2634,-1,2635,2636,2618,-1,2618,2636,2637,-1,2618,2637,2619,-1,2616,2638,2617,-1,2617,2638,2639,-1,2617,2639,2640,-1,2640,2639,2631,-1,2634,2633,2641,-1,2635,2642,2643,-1,2621,2644,2622,-1,2622,2644,2645,-1,2622,2645,2646,-1,2646,2645,2647,-1,2646,2647,2648,-1,2631,2639,2629,-1,2629,2639,2649,-1,2629,2649,2650,-1,2651,2652,2653,-1,2654,2655,2634,-1,2634,2655,2656,-1,2634,2656,2632,-1,2657,2658,2659,-1,2642,2635,2633,-1,2633,2635,2660,-1,2633,2660,2641,-1,2643,2661,2635,-1,2635,2661,2662,-1,2635,2662,2636,-1,2648,2663,2646,-1,2646,2663,2664,-1,2646,2664,2665,-1,2665,2664,2666,-1,2665,2666,2667,-1,2667,2666,2657,-1,2667,2657,2668,-1,2668,2657,2659,-1,2657,2669,2658,-1,2658,2669,2670,-1,2658,2670,2671,-1,2671,2670,2672,-1,2650,2649,2653,-1,2653,2649,2673,-1,2653,2673,2651,-1,2634,2674,2522,-1,2522,2674,2675,-1,2522,2675,2676,-1,2675,2677,2676,-1,2676,2677,2678,-1,2676,2678,2614,-1,2614,2678,2679,-1,2614,2679,2626,-1,2670,2680,2681,-1,2523,2682,2683,-1,2681,2684,2670,-1,2670,2684,2685,-1,2670,2685,2672,-1,2686,2687,2688,-1,2687,2689,2688,-1,2688,2689,2690,-1,2688,2690,2691,-1,2689,2692,2690,-1,2690,2692,2693,-1,2690,2693,2694,-1,2694,2693,2695,-1,2654,2634,2683,-1,2683,2634,2522,-1,2683,2522,2523,-1,2682,2523,2688,-1,2688,2523,2696,-1,2688,2696,2697,-1,2697,2698,2688,-1,2688,2698,2699,-1,2688,2699,2686,-1,2541,2540,2630,-1,2630,2540,2631,-1,2542,2541,2629,-1,2629,2541,2630,-1,2542,2629,2650,-1,2542,2650,2552,-1,2552,2650,2653,-1,2552,2653,2553,-1,2553,2653,2652,-1,2553,2652,2581,-1,2581,2652,2651,-1,2581,2651,2582,-1,2582,2651,2673,-1,2582,2673,2583,-1,2583,2673,2649,-1,2583,2649,2554,-1,2527,2554,2639,-1,2639,2554,2649,-1,2527,2639,2528,-1,2528,2639,2638,-1,2528,2638,2539,-1,2539,2638,2616,-1,2539,2616,2524,-1,2524,2616,2615,-1,2524,2615,2525,-1,2525,2615,2613,-1,2525,2613,2543,-1,2543,2613,2612,-1,2544,2543,2628,-1,2628,2543,2612,-1,2544,2628,2627,-1,2544,2627,2545,-1,2545,2627,2626,-1,2545,2626,2591,-1,2591,2626,2679,-1,2591,2679,2592,-1,2592,2679,2678,-1,2592,2678,2593,-1,2593,2678,2677,-1,2593,2677,2587,-1,2585,2587,2675,-1,2675,2587,2677,-1,2585,2675,2584,-1,2584,2675,2674,-1,2584,2674,2564,-1,2564,2674,2634,-1,2564,2634,2562,-1,2562,2634,2641,-1,2562,2641,2560,-1,2560,2641,2660,-1,2560,2660,2578,-1,2578,2660,2635,-1,2576,2578,2618,-1,2618,2578,2635,-1,2576,2618,2620,-1,2576,2620,2574,-1,2574,2620,2625,-1,2574,2625,2538,-1,2538,2625,2624,-1,2538,2624,2537,-1,2537,2624,2623,-1,2537,2623,2535,-1,2535,2623,2622,-1,2535,2622,2533,-1,2532,2533,2646,-1,2646,2533,2622,-1,2532,2646,2665,-1,2532,2665,2572,-1,2572,2665,2667,-1,2572,2667,2573,-1,2573,2667,2668,-1,2573,2668,2555,-1,2555,2668,2659,-1,2555,2659,2556,-1,2556,2659,2658,-1,2556,2658,2557,-1,2557,2658,2671,-1,2557,2671,2568,-1,2569,2568,2672,-1,2672,2568,2671,-1,2569,2672,2685,-1,2569,2685,2570,-1,2570,2685,2684,-1,2570,2684,2588,-1,2588,2684,2681,-1,2588,2681,2589,-1,2589,2681,2680,-1,2589,2680,2590,-1,2590,2680,2670,-1,2590,2670,2546,-1,2547,2546,2669,-1,2669,2546,2670,-1,2548,2547,2657,-1,2657,2547,2669,-1,2548,2657,2571,-1,2571,2657,2666,-1,2571,2666,2530,-1,2530,2666,2664,-1,2530,2664,2531,-1,2531,2664,2663,-1,2531,2663,2549,-1,2549,2663,2648,-1,2549,2648,2550,-1,2550,2648,2647,-1,2551,2550,2645,-1,2645,2550,2647,-1,2551,2645,2534,-1,2534,2645,2644,-1,2534,2644,2536,-1,2536,2644,2621,-1,2536,2621,2575,-1,2575,2621,2619,-1,2575,2619,2577,-1,2577,2619,2637,-1,2577,2637,2579,-1,2579,2637,2636,-1,2579,2636,2580,-1,2580,2636,2662,-1,2558,2580,2661,-1,2661,2580,2662,-1,2558,2661,2559,-1,2559,2661,2643,-1,2559,2643,2561,-1,2561,2643,2642,-1,2561,2642,2563,-1,2563,2642,2633,-1,2563,2633,2565,-1,2565,2633,2632,-1,2565,2632,2566,-1,2566,2632,2656,-1,2566,2656,2594,-1,2594,2656,2655,-1,2594,2655,2595,-1,2595,2655,2654,-1,2596,2595,2683,-1,2683,2595,2654,-1,2596,2683,2599,-1,2599,2683,2682,-1,2599,2682,2600,-1,2600,2682,2688,-1,2601,2600,2691,-1,2691,2600,2688,-1,2602,2601,2690,-1,2690,2601,2691,-1,2602,2690,2694,-1,2602,2694,2603,-1,2603,2694,2695,-1,2603,2695,2604,-1,2604,2695,2693,-1,2604,2693,2605,-1,2605,2693,2692,-1,2605,2692,2597,-1,2597,2692,2689,-1,2597,2689,2598,-1,2606,2598,2687,-1,2687,2598,2689,-1,2606,2687,2686,-1,2606,2686,2607,-1,2607,2686,2699,-1,2607,2699,2608,-1,2608,2699,2698,-1,2608,2698,2609,-1,2609,2698,2697,-1,2609,2697,2610,-1,2610,2697,2696,-1,2610,2696,2611,-1,2611,2696,2523,-1,2611,2523,2521,-1,2617,2529,2614,-1,2614,2529,2526,-1,2529,2617,2640,-1,2529,2640,2567,-1,2567,2640,2631,-1,2567,2631,2540,-1,2700,2701,2702,-1,2702,2701,2703,-1,2704,2705,2706,-1,2707,2708,2709,-1,2710,2711,2712,-1,2713,2714,2715,-1,2715,2714,2716,-1,2715,2716,2717,-1,2717,2716,2718,-1,2709,2708,2706,-1,2706,2708,2719,-1,2706,2719,2704,-1,2720,2721,2722,-1,2705,2723,2706,-1,2706,2723,2724,-1,2706,2724,2725,-1,2726,2727,2728,-1,2711,2729,2712,-1,2712,2729,2730,-1,2712,2730,2713,-1,2713,2730,2731,-1,2713,2731,2714,-1,2732,2733,2734,-1,2735,2736,2728,-1,2728,2736,2737,-1,2728,2737,2726,-1,2738,2739,2740,-1,2740,2739,2741,-1,2740,2741,2742,-1,2742,2741,2743,-1,2742,2743,2744,-1,2744,2743,2745,-1,2744,2745,2746,-1,2709,2747,2707,-1,2707,2747,2720,-1,2707,2720,2734,-1,2734,2720,2722,-1,2734,2722,2732,-1,2737,2748,2726,-1,2726,2748,2749,-1,2726,2749,2750,-1,2710,2712,2751,-1,2751,2712,2752,-1,2751,2752,2728,-1,2728,2752,2753,-1,2728,2753,2735,-1,2718,2716,2754,-1,2754,2716,2755,-1,2754,2755,2756,-1,2756,2755,2757,-1,2756,2757,2758,-1,2758,2757,2759,-1,2758,2759,2740,-1,2740,2759,2760,-1,2740,2760,2738,-1,2761,2762,2733,-1,2733,2762,2763,-1,2733,2763,2734,-1,2764,2700,2765,-1,2765,2700,2766,-1,2765,2766,2767,-1,2750,2768,2726,-1,2726,2768,2769,-1,2726,2769,2770,-1,2725,2771,2706,-1,2706,2771,2772,-1,2706,2772,2766,-1,2766,2772,2773,-1,2766,2773,2767,-1,2746,2774,2744,-1,2744,2774,2775,-1,2744,2775,2776,-1,2777,2778,2701,-1,2764,2744,2700,-1,2700,2744,2776,-1,2700,2776,2701,-1,2701,2776,2779,-1,2701,2779,2780,-1,2780,2781,2701,-1,2701,2781,2782,-1,2701,2782,2783,-1,2783,2784,2701,-1,2701,2784,2785,-1,2701,2785,2777,-1,2778,2786,2701,-1,2701,2786,2787,-1,2701,2787,2788,-1,2789,2790,2788,-1,2788,2790,2791,-1,2788,2791,2701,-1,2792,2793,2794,-1,2793,2795,2794,-1,2794,2795,2796,-1,2794,2796,2797,-1,2798,2799,2800,-1,2800,2799,2801,-1,2802,2803,2801,-1,2803,2804,2801,-1,2801,2804,2805,-1,2801,2805,2800,-1,2806,2807,2794,-1,2794,2807,2808,-1,2794,2808,2792,-1,2809,2810,2811,-1,2812,2813,2814,-1,2815,2816,2798,-1,2798,2816,2817,-1,2798,2817,2799,-1,2796,2818,2797,-1,2797,2818,2819,-1,2797,2819,2820,-1,2820,2819,2811,-1,2814,2813,2821,-1,2815,2822,2823,-1,2801,2824,2802,-1,2802,2824,2825,-1,2802,2825,2826,-1,2826,2825,2827,-1,2826,2827,2828,-1,2811,2819,2809,-1,2809,2819,2829,-1,2809,2829,2830,-1,2831,2832,2833,-1,2834,2835,2814,-1,2814,2835,2836,-1,2814,2836,2812,-1,2837,2838,2839,-1,2822,2815,2813,-1,2813,2815,2840,-1,2813,2840,2821,-1,2823,2841,2815,-1,2815,2841,2842,-1,2815,2842,2816,-1,2828,2843,2826,-1,2826,2843,2844,-1,2826,2844,2845,-1,2845,2844,2846,-1,2845,2846,2847,-1,2847,2846,2837,-1,2847,2837,2848,-1,2848,2837,2839,-1,2837,2849,2838,-1,2838,2849,2850,-1,2838,2850,2851,-1,2851,2850,2852,-1,2830,2829,2833,-1,2833,2829,2853,-1,2833,2853,2831,-1,2814,2854,2702,-1,2702,2854,2855,-1,2702,2855,2856,-1,2855,2857,2856,-1,2856,2857,2858,-1,2856,2858,2794,-1,2794,2858,2859,-1,2794,2859,2806,-1,2850,2860,2861,-1,2703,2862,2863,-1,2861,2864,2850,-1,2850,2864,2865,-1,2850,2865,2852,-1,2866,2867,2868,-1,2867,2869,2868,-1,2868,2869,2870,-1,2868,2870,2871,-1,2869,2872,2870,-1,2870,2872,2873,-1,2870,2873,2874,-1,2874,2873,2875,-1,2834,2814,2863,-1,2863,2814,2702,-1,2863,2702,2703,-1,2862,2703,2868,-1,2868,2703,2876,-1,2868,2876,2877,-1,2877,2878,2868,-1,2868,2878,2879,-1,2868,2879,2866,-1,2721,2720,2810,-1,2810,2720,2811,-1,2722,2721,2809,-1,2809,2721,2810,-1,2722,2809,2830,-1,2722,2830,2732,-1,2732,2830,2833,-1,2732,2833,2733,-1,2733,2833,2832,-1,2733,2832,2761,-1,2761,2832,2831,-1,2761,2831,2762,-1,2762,2831,2853,-1,2762,2853,2763,-1,2763,2853,2829,-1,2763,2829,2734,-1,2707,2734,2819,-1,2819,2734,2829,-1,2707,2819,2708,-1,2708,2819,2818,-1,2708,2818,2719,-1,2719,2818,2796,-1,2719,2796,2704,-1,2704,2796,2795,-1,2704,2795,2705,-1,2705,2795,2793,-1,2705,2793,2723,-1,2723,2793,2792,-1,2724,2723,2808,-1,2808,2723,2792,-1,2724,2808,2807,-1,2724,2807,2725,-1,2725,2807,2806,-1,2725,2806,2771,-1,2771,2806,2859,-1,2771,2859,2772,-1,2772,2859,2858,-1,2772,2858,2773,-1,2773,2858,2857,-1,2773,2857,2767,-1,2765,2767,2855,-1,2855,2767,2857,-1,2765,2855,2764,-1,2764,2855,2854,-1,2764,2854,2744,-1,2744,2854,2814,-1,2744,2814,2742,-1,2742,2814,2821,-1,2742,2821,2740,-1,2740,2821,2840,-1,2740,2840,2758,-1,2758,2840,2815,-1,2756,2758,2798,-1,2798,2758,2815,-1,2756,2798,2800,-1,2756,2800,2754,-1,2754,2800,2805,-1,2754,2805,2718,-1,2718,2805,2804,-1,2718,2804,2717,-1,2717,2804,2803,-1,2717,2803,2715,-1,2715,2803,2802,-1,2715,2802,2713,-1,2712,2713,2826,-1,2826,2713,2802,-1,2712,2826,2845,-1,2712,2845,2752,-1,2752,2845,2847,-1,2752,2847,2753,-1,2753,2847,2848,-1,2753,2848,2735,-1,2735,2848,2839,-1,2735,2839,2736,-1,2736,2839,2838,-1,2736,2838,2737,-1,2737,2838,2851,-1,2737,2851,2748,-1,2749,2748,2852,-1,2852,2748,2851,-1,2749,2852,2865,-1,2749,2865,2750,-1,2750,2865,2864,-1,2750,2864,2768,-1,2768,2864,2861,-1,2768,2861,2769,-1,2769,2861,2860,-1,2769,2860,2770,-1,2770,2860,2850,-1,2770,2850,2726,-1,2727,2726,2849,-1,2849,2726,2850,-1,2728,2727,2837,-1,2837,2727,2849,-1,2728,2837,2751,-1,2751,2837,2846,-1,2751,2846,2710,-1,2710,2846,2844,-1,2710,2844,2711,-1,2711,2844,2843,-1,2711,2843,2729,-1,2729,2843,2828,-1,2729,2828,2730,-1,2730,2828,2827,-1,2731,2730,2825,-1,2825,2730,2827,-1,2731,2825,2714,-1,2714,2825,2824,-1,2714,2824,2716,-1,2716,2824,2801,-1,2716,2801,2755,-1,2755,2801,2799,-1,2755,2799,2757,-1,2757,2799,2817,-1,2757,2817,2759,-1,2759,2817,2816,-1,2759,2816,2760,-1,2760,2816,2842,-1,2738,2760,2841,-1,2841,2760,2842,-1,2738,2841,2739,-1,2739,2841,2823,-1,2739,2823,2741,-1,2741,2823,2822,-1,2741,2822,2743,-1,2743,2822,2813,-1,2743,2813,2745,-1,2745,2813,2812,-1,2745,2812,2746,-1,2746,2812,2836,-1,2746,2836,2774,-1,2774,2836,2835,-1,2774,2835,2775,-1,2775,2835,2834,-1,2776,2775,2863,-1,2863,2775,2834,-1,2776,2863,2779,-1,2779,2863,2862,-1,2779,2862,2780,-1,2780,2862,2868,-1,2781,2780,2871,-1,2871,2780,2868,-1,2782,2781,2870,-1,2870,2781,2871,-1,2782,2870,2874,-1,2782,2874,2783,-1,2783,2874,2875,-1,2783,2875,2784,-1,2784,2875,2873,-1,2784,2873,2785,-1,2785,2873,2872,-1,2785,2872,2777,-1,2777,2872,2869,-1,2777,2869,2778,-1,2786,2778,2867,-1,2867,2778,2869,-1,2786,2867,2866,-1,2786,2866,2787,-1,2787,2866,2879,-1,2787,2879,2788,-1,2788,2879,2878,-1,2788,2878,2789,-1,2789,2878,2877,-1,2789,2877,2790,-1,2790,2877,2876,-1,2790,2876,2791,-1,2791,2876,2703,-1,2791,2703,2701,-1,2797,2709,2794,-1,2794,2709,2706,-1,2709,2797,2820,-1,2709,2820,2747,-1,2747,2820,2811,-1,2747,2811,2720,-1,2880,2881,2882,-1,2882,2881,2883,-1,2884,2885,2886,-1,2887,2888,2889,-1,2890,2891,2892,-1,2893,2894,2895,-1,2895,2894,2896,-1,2895,2896,2897,-1,2897,2896,2898,-1,2889,2888,2886,-1,2886,2888,2899,-1,2886,2899,2884,-1,2900,2901,2902,-1,2885,2903,2886,-1,2886,2903,2904,-1,2886,2904,2905,-1,2906,2907,2908,-1,2891,2909,2892,-1,2892,2909,2910,-1,2892,2910,2893,-1,2893,2910,2911,-1,2893,2911,2894,-1,2912,2913,2914,-1,2915,2916,2908,-1,2908,2916,2917,-1,2908,2917,2906,-1,2918,2919,2920,-1,2920,2919,2921,-1,2920,2921,2922,-1,2922,2921,2923,-1,2922,2923,2924,-1,2924,2923,2925,-1,2924,2925,2926,-1,2889,2927,2887,-1,2887,2927,2900,-1,2887,2900,2914,-1,2914,2900,2902,-1,2914,2902,2912,-1,2917,2928,2906,-1,2906,2928,2929,-1,2906,2929,2930,-1,2890,2892,2931,-1,2931,2892,2932,-1,2931,2932,2908,-1,2908,2932,2933,-1,2908,2933,2915,-1,2898,2896,2934,-1,2934,2896,2935,-1,2934,2935,2936,-1,2936,2935,2937,-1,2936,2937,2938,-1,2938,2937,2939,-1,2938,2939,2920,-1,2920,2939,2940,-1,2920,2940,2918,-1,2941,2942,2913,-1,2913,2942,2943,-1,2913,2943,2914,-1,2944,2880,2945,-1,2945,2880,2946,-1,2945,2946,2947,-1,2930,2948,2906,-1,2906,2948,2949,-1,2906,2949,2950,-1,2905,2951,2886,-1,2886,2951,2952,-1,2886,2952,2946,-1,2946,2952,2953,-1,2946,2953,2947,-1,2926,2954,2924,-1,2924,2954,2955,-1,2924,2955,2956,-1,2957,2958,2881,-1,2944,2924,2880,-1,2880,2924,2956,-1,2880,2956,2881,-1,2881,2956,2959,-1,2881,2959,2960,-1,2960,2961,2881,-1,2881,2961,2962,-1,2881,2962,2963,-1,2963,2964,2881,-1,2881,2964,2965,-1,2881,2965,2957,-1,2958,2966,2881,-1,2881,2966,2967,-1,2881,2967,2968,-1,2969,2970,2968,-1,2968,2970,2971,-1,2968,2971,2881,-1,2972,2973,2974,-1,2973,2975,2974,-1,2974,2975,2976,-1,2974,2976,2977,-1,2978,2979,2980,-1,2980,2979,2981,-1,2982,2983,2981,-1,2983,2984,2981,-1,2981,2984,2985,-1,2981,2985,2980,-1,2986,2987,2974,-1,2974,2987,2988,-1,2974,2988,2972,-1,2989,2990,2991,-1,2992,2993,2994,-1,2995,2996,2978,-1,2978,2996,2997,-1,2978,2997,2979,-1,2976,2998,2977,-1,2977,2998,2999,-1,2977,2999,3000,-1,3000,2999,2991,-1,2994,2993,3001,-1,2995,3002,3003,-1,2981,3004,2982,-1,2982,3004,3005,-1,2982,3005,3006,-1,3006,3005,3007,-1,3006,3007,3008,-1,2991,2999,2989,-1,2989,2999,3009,-1,2989,3009,3010,-1,3011,3012,3013,-1,3014,3015,2994,-1,2994,3015,3016,-1,2994,3016,2992,-1,3017,3018,3019,-1,3002,2995,2993,-1,2993,2995,3020,-1,2993,3020,3001,-1,3003,3021,2995,-1,2995,3021,3022,-1,2995,3022,2996,-1,3008,3023,3006,-1,3006,3023,3024,-1,3006,3024,3025,-1,3025,3024,3026,-1,3025,3026,3027,-1,3027,3026,3017,-1,3027,3017,3028,-1,3028,3017,3019,-1,3017,3029,3018,-1,3018,3029,3030,-1,3018,3030,3031,-1,3031,3030,3032,-1,3010,3009,3013,-1,3013,3009,3033,-1,3013,3033,3011,-1,2994,3034,2882,-1,2882,3034,3035,-1,2882,3035,3036,-1,3035,3037,3036,-1,3036,3037,3038,-1,3036,3038,2974,-1,2974,3038,3039,-1,2974,3039,2986,-1,3030,3040,3041,-1,2883,3042,3043,-1,3041,3044,3030,-1,3030,3044,3045,-1,3030,3045,3032,-1,3046,3047,3048,-1,3047,3049,3048,-1,3048,3049,3050,-1,3048,3050,3051,-1,3049,3052,3050,-1,3050,3052,3053,-1,3050,3053,3054,-1,3054,3053,3055,-1,3014,2994,3043,-1,3043,2994,2882,-1,3043,2882,2883,-1,3042,2883,3048,-1,3048,2883,3056,-1,3048,3056,3057,-1,3057,3058,3048,-1,3048,3058,3059,-1,3048,3059,3046,-1,2901,2900,2990,-1,2990,2900,2991,-1,2902,2901,2989,-1,2989,2901,2990,-1,2902,2989,3010,-1,2902,3010,2912,-1,2912,3010,3013,-1,2912,3013,2913,-1,2913,3013,3012,-1,2913,3012,2941,-1,2941,3012,3011,-1,2941,3011,2942,-1,2942,3011,3033,-1,2942,3033,2943,-1,2943,3033,3009,-1,2943,3009,2914,-1,2887,2914,2999,-1,2999,2914,3009,-1,2887,2999,2888,-1,2888,2999,2998,-1,2888,2998,2899,-1,2899,2998,2976,-1,2899,2976,2884,-1,2884,2976,2975,-1,2884,2975,2885,-1,2885,2975,2973,-1,2885,2973,2903,-1,2903,2973,2972,-1,2904,2903,2988,-1,2988,2903,2972,-1,2904,2988,2987,-1,2904,2987,2905,-1,2905,2987,2986,-1,2905,2986,2951,-1,2951,2986,3039,-1,2951,3039,2952,-1,2952,3039,3038,-1,2952,3038,2953,-1,2953,3038,3037,-1,2953,3037,2947,-1,2945,2947,3035,-1,3035,2947,3037,-1,2945,3035,2944,-1,2944,3035,3034,-1,2944,3034,2924,-1,2924,3034,2994,-1,2924,2994,2922,-1,2922,2994,3001,-1,2922,3001,2920,-1,2920,3001,3020,-1,2920,3020,2938,-1,2938,3020,2995,-1,2936,2938,2978,-1,2978,2938,2995,-1,2936,2978,2980,-1,2936,2980,2934,-1,2934,2980,2985,-1,2934,2985,2898,-1,2898,2985,2984,-1,2898,2984,2897,-1,2897,2984,2983,-1,2897,2983,2895,-1,2895,2983,2982,-1,2895,2982,2893,-1,2892,2893,3006,-1,3006,2893,2982,-1,2892,3006,3025,-1,2892,3025,2932,-1,2932,3025,3027,-1,2932,3027,2933,-1,2933,3027,3028,-1,2933,3028,2915,-1,2915,3028,3019,-1,2915,3019,2916,-1,2916,3019,3018,-1,2916,3018,2917,-1,2917,3018,3031,-1,2917,3031,2928,-1,2929,2928,3032,-1,3032,2928,3031,-1,2929,3032,3045,-1,2929,3045,2930,-1,2930,3045,3044,-1,2930,3044,2948,-1,2948,3044,3041,-1,2948,3041,2949,-1,2949,3041,3040,-1,2949,3040,2950,-1,2950,3040,3030,-1,2950,3030,2906,-1,2907,2906,3029,-1,3029,2906,3030,-1,2908,2907,3017,-1,3017,2907,3029,-1,2908,3017,2931,-1,2931,3017,3026,-1,2931,3026,2890,-1,2890,3026,3024,-1,2890,3024,2891,-1,2891,3024,3023,-1,2891,3023,2909,-1,2909,3023,3008,-1,2909,3008,2910,-1,2910,3008,3007,-1,2911,2910,3005,-1,3005,2910,3007,-1,2911,3005,2894,-1,2894,3005,3004,-1,2894,3004,2896,-1,2896,3004,2981,-1,2896,2981,2935,-1,2935,2981,2979,-1,2935,2979,2937,-1,2937,2979,2997,-1,2937,2997,2939,-1,2939,2997,2996,-1,2939,2996,2940,-1,2940,2996,3022,-1,2918,2940,3021,-1,3021,2940,3022,-1,2918,3021,2919,-1,2919,3021,3003,-1,2919,3003,2921,-1,2921,3003,3002,-1,2921,3002,2923,-1,2923,3002,2993,-1,2923,2993,2925,-1,2925,2993,2992,-1,2925,2992,2926,-1,2926,2992,3016,-1,2926,3016,2954,-1,2954,3016,3015,-1,2954,3015,2955,-1,2955,3015,3014,-1,2956,2955,3043,-1,3043,2955,3014,-1,2956,3043,2959,-1,2959,3043,3042,-1,2959,3042,2960,-1,2960,3042,3048,-1,2961,2960,3051,-1,3051,2960,3048,-1,2962,2961,3050,-1,3050,2961,3051,-1,2962,3050,3054,-1,2962,3054,2963,-1,2963,3054,3055,-1,2963,3055,2964,-1,2964,3055,3053,-1,2964,3053,2965,-1,2965,3053,3052,-1,2965,3052,2957,-1,2957,3052,3049,-1,2957,3049,2958,-1,2966,2958,3047,-1,3047,2958,3049,-1,2966,3047,3046,-1,2966,3046,2967,-1,2967,3046,3059,-1,2967,3059,2968,-1,2968,3059,3058,-1,2968,3058,2969,-1,2969,3058,3057,-1,2969,3057,2970,-1,2970,3057,3056,-1,2970,3056,2971,-1,2971,3056,2883,-1,2971,2883,2881,-1,2977,2889,2974,-1,2974,2889,2886,-1,2889,2977,3000,-1,2889,3000,2927,-1,2927,3000,2991,-1,2927,2991,2900,-1,3060,3061,3062,-1,3062,3061,3063,-1,3064,3065,3066,-1,3067,3068,3069,-1,3070,3071,3072,-1,3073,3074,3075,-1,3075,3074,3076,-1,3075,3076,3077,-1,3077,3076,3078,-1,3069,3068,3066,-1,3066,3068,3079,-1,3066,3079,3064,-1,3080,3081,3082,-1,3065,3083,3066,-1,3066,3083,3084,-1,3066,3084,3085,-1,3086,3087,3088,-1,3071,3089,3072,-1,3072,3089,3090,-1,3072,3090,3073,-1,3073,3090,3091,-1,3073,3091,3074,-1,3092,3093,3094,-1,3095,3096,3088,-1,3088,3096,3097,-1,3088,3097,3086,-1,3098,3099,3100,-1,3100,3099,3101,-1,3100,3101,3102,-1,3102,3101,3103,-1,3102,3103,3104,-1,3104,3103,3105,-1,3104,3105,3106,-1,3069,3107,3067,-1,3067,3107,3080,-1,3067,3080,3094,-1,3094,3080,3082,-1,3094,3082,3092,-1,3097,3108,3086,-1,3086,3108,3109,-1,3086,3109,3110,-1,3070,3072,3111,-1,3111,3072,3112,-1,3111,3112,3088,-1,3088,3112,3113,-1,3088,3113,3095,-1,3078,3076,3114,-1,3114,3076,3115,-1,3114,3115,3116,-1,3116,3115,3117,-1,3116,3117,3118,-1,3118,3117,3119,-1,3118,3119,3100,-1,3100,3119,3120,-1,3100,3120,3098,-1,3121,3122,3093,-1,3093,3122,3123,-1,3093,3123,3094,-1,3124,3060,3125,-1,3125,3060,3126,-1,3125,3126,3127,-1,3110,3128,3086,-1,3086,3128,3129,-1,3086,3129,3130,-1,3085,3131,3066,-1,3066,3131,3132,-1,3066,3132,3126,-1,3126,3132,3133,-1,3126,3133,3127,-1,3106,3134,3104,-1,3104,3134,3135,-1,3104,3135,3136,-1,3137,3138,3061,-1,3124,3104,3060,-1,3060,3104,3136,-1,3060,3136,3061,-1,3061,3136,3139,-1,3061,3139,3140,-1,3140,3141,3061,-1,3061,3141,3142,-1,3061,3142,3143,-1,3143,3144,3061,-1,3061,3144,3145,-1,3061,3145,3137,-1,3138,3146,3061,-1,3061,3146,3147,-1,3061,3147,3148,-1,3149,3150,3148,-1,3148,3150,3151,-1,3148,3151,3061,-1,3152,3153,3154,-1,3153,3155,3154,-1,3154,3155,3156,-1,3154,3156,3157,-1,3158,3159,3160,-1,3160,3159,3161,-1,3162,3163,3161,-1,3163,3164,3161,-1,3161,3164,3165,-1,3161,3165,3160,-1,3166,3167,3154,-1,3154,3167,3168,-1,3154,3168,3152,-1,3169,3170,3171,-1,3172,3173,3174,-1,3175,3176,3158,-1,3158,3176,3177,-1,3158,3177,3159,-1,3156,3178,3157,-1,3157,3178,3179,-1,3157,3179,3180,-1,3180,3179,3171,-1,3174,3173,3181,-1,3175,3182,3183,-1,3161,3184,3162,-1,3162,3184,3185,-1,3162,3185,3186,-1,3186,3185,3187,-1,3186,3187,3188,-1,3171,3179,3169,-1,3169,3179,3189,-1,3169,3189,3190,-1,3191,3192,3193,-1,3194,3195,3174,-1,3174,3195,3196,-1,3174,3196,3172,-1,3197,3198,3199,-1,3182,3175,3173,-1,3173,3175,3200,-1,3173,3200,3181,-1,3183,3201,3175,-1,3175,3201,3202,-1,3175,3202,3176,-1,3188,3203,3186,-1,3186,3203,3204,-1,3186,3204,3205,-1,3205,3204,3206,-1,3205,3206,3207,-1,3207,3206,3197,-1,3207,3197,3208,-1,3208,3197,3199,-1,3197,3209,3198,-1,3198,3209,3210,-1,3198,3210,3211,-1,3211,3210,3212,-1,3190,3189,3193,-1,3193,3189,3213,-1,3193,3213,3191,-1,3174,3214,3062,-1,3062,3214,3215,-1,3062,3215,3216,-1,3215,3217,3216,-1,3216,3217,3218,-1,3216,3218,3154,-1,3154,3218,3219,-1,3154,3219,3166,-1,3210,3220,3221,-1,3063,3222,3223,-1,3221,3224,3210,-1,3210,3224,3225,-1,3210,3225,3212,-1,3226,3227,3228,-1,3227,3229,3228,-1,3228,3229,3230,-1,3228,3230,3231,-1,3229,3232,3230,-1,3230,3232,3233,-1,3230,3233,3234,-1,3234,3233,3235,-1,3194,3174,3223,-1,3223,3174,3062,-1,3223,3062,3063,-1,3222,3063,3228,-1,3228,3063,3236,-1,3228,3236,3237,-1,3237,3238,3228,-1,3228,3238,3239,-1,3228,3239,3226,-1,3081,3080,3170,-1,3170,3080,3171,-1,3082,3081,3169,-1,3169,3081,3170,-1,3082,3169,3190,-1,3082,3190,3092,-1,3092,3190,3193,-1,3092,3193,3093,-1,3093,3193,3192,-1,3093,3192,3121,-1,3121,3192,3191,-1,3121,3191,3122,-1,3122,3191,3213,-1,3122,3213,3123,-1,3123,3213,3189,-1,3123,3189,3094,-1,3067,3094,3179,-1,3179,3094,3189,-1,3067,3179,3068,-1,3068,3179,3178,-1,3068,3178,3079,-1,3079,3178,3156,-1,3079,3156,3064,-1,3064,3156,3155,-1,3064,3155,3065,-1,3065,3155,3153,-1,3065,3153,3083,-1,3083,3153,3152,-1,3084,3083,3168,-1,3168,3083,3152,-1,3084,3168,3167,-1,3084,3167,3085,-1,3085,3167,3166,-1,3085,3166,3131,-1,3131,3166,3219,-1,3131,3219,3132,-1,3132,3219,3218,-1,3132,3218,3133,-1,3133,3218,3217,-1,3133,3217,3127,-1,3125,3127,3215,-1,3215,3127,3217,-1,3125,3215,3124,-1,3124,3215,3214,-1,3124,3214,3104,-1,3104,3214,3174,-1,3104,3174,3102,-1,3102,3174,3181,-1,3102,3181,3100,-1,3100,3181,3200,-1,3100,3200,3118,-1,3118,3200,3175,-1,3116,3118,3158,-1,3158,3118,3175,-1,3116,3158,3160,-1,3116,3160,3114,-1,3114,3160,3165,-1,3114,3165,3078,-1,3078,3165,3164,-1,3078,3164,3077,-1,3077,3164,3163,-1,3077,3163,3075,-1,3075,3163,3162,-1,3075,3162,3073,-1,3072,3073,3186,-1,3186,3073,3162,-1,3072,3186,3205,-1,3072,3205,3112,-1,3112,3205,3207,-1,3112,3207,3113,-1,3113,3207,3208,-1,3113,3208,3095,-1,3095,3208,3199,-1,3095,3199,3096,-1,3096,3199,3198,-1,3096,3198,3097,-1,3097,3198,3211,-1,3097,3211,3108,-1,3109,3108,3212,-1,3212,3108,3211,-1,3109,3212,3225,-1,3109,3225,3110,-1,3110,3225,3224,-1,3110,3224,3128,-1,3128,3224,3221,-1,3128,3221,3129,-1,3129,3221,3220,-1,3129,3220,3130,-1,3130,3220,3210,-1,3130,3210,3086,-1,3087,3086,3209,-1,3209,3086,3210,-1,3088,3087,3197,-1,3197,3087,3209,-1,3088,3197,3111,-1,3111,3197,3206,-1,3111,3206,3070,-1,3070,3206,3204,-1,3070,3204,3071,-1,3071,3204,3203,-1,3071,3203,3089,-1,3089,3203,3188,-1,3089,3188,3090,-1,3090,3188,3187,-1,3091,3090,3185,-1,3185,3090,3187,-1,3091,3185,3074,-1,3074,3185,3184,-1,3074,3184,3076,-1,3076,3184,3161,-1,3076,3161,3115,-1,3115,3161,3159,-1,3115,3159,3117,-1,3117,3159,3177,-1,3117,3177,3119,-1,3119,3177,3176,-1,3119,3176,3120,-1,3120,3176,3202,-1,3098,3120,3201,-1,3201,3120,3202,-1,3098,3201,3099,-1,3099,3201,3183,-1,3099,3183,3101,-1,3101,3183,3182,-1,3101,3182,3103,-1,3103,3182,3173,-1,3103,3173,3105,-1,3105,3173,3172,-1,3105,3172,3106,-1,3106,3172,3196,-1,3106,3196,3134,-1,3134,3196,3195,-1,3134,3195,3135,-1,3135,3195,3194,-1,3136,3135,3223,-1,3223,3135,3194,-1,3136,3223,3139,-1,3139,3223,3222,-1,3139,3222,3140,-1,3140,3222,3228,-1,3141,3140,3231,-1,3231,3140,3228,-1,3142,3141,3230,-1,3230,3141,3231,-1,3142,3230,3234,-1,3142,3234,3143,-1,3143,3234,3235,-1,3143,3235,3144,-1,3144,3235,3233,-1,3144,3233,3145,-1,3145,3233,3232,-1,3145,3232,3137,-1,3137,3232,3229,-1,3137,3229,3138,-1,3146,3138,3227,-1,3227,3138,3229,-1,3146,3227,3226,-1,3146,3226,3147,-1,3147,3226,3239,-1,3147,3239,3148,-1,3148,3239,3238,-1,3148,3238,3149,-1,3149,3238,3237,-1,3149,3237,3150,-1,3150,3237,3236,-1,3150,3236,3151,-1,3151,3236,3063,-1,3151,3063,3061,-1,3157,3069,3154,-1,3154,3069,3066,-1,3069,3157,3180,-1,3069,3180,3107,-1,3107,3180,3171,-1,3107,3171,3080,-1,3240,3241,3242,-1,3242,3241,3243,-1,3244,3245,3246,-1,3247,3248,3249,-1,3250,3251,3252,-1,3253,3254,3255,-1,3255,3254,3256,-1,3255,3256,3257,-1,3257,3256,3258,-1,3249,3248,3246,-1,3246,3248,3259,-1,3246,3259,3244,-1,3260,3261,3262,-1,3245,3263,3246,-1,3246,3263,3264,-1,3246,3264,3265,-1,3266,3267,3268,-1,3251,3269,3252,-1,3252,3269,3270,-1,3252,3270,3253,-1,3253,3270,3271,-1,3253,3271,3254,-1,3272,3273,3274,-1,3275,3276,3268,-1,3268,3276,3277,-1,3268,3277,3266,-1,3278,3279,3280,-1,3280,3279,3281,-1,3280,3281,3282,-1,3282,3281,3283,-1,3282,3283,3284,-1,3284,3283,3285,-1,3284,3285,3286,-1,3249,3287,3247,-1,3247,3287,3260,-1,3247,3260,3274,-1,3274,3260,3262,-1,3274,3262,3272,-1,3277,3288,3266,-1,3266,3288,3289,-1,3266,3289,3290,-1,3250,3252,3291,-1,3291,3252,3292,-1,3291,3292,3268,-1,3268,3292,3293,-1,3268,3293,3275,-1,3258,3256,3294,-1,3294,3256,3295,-1,3294,3295,3296,-1,3296,3295,3297,-1,3296,3297,3298,-1,3298,3297,3299,-1,3298,3299,3280,-1,3280,3299,3300,-1,3280,3300,3278,-1,3301,3302,3273,-1,3273,3302,3303,-1,3273,3303,3274,-1,3304,3240,3305,-1,3305,3240,3306,-1,3305,3306,3307,-1,3290,3308,3266,-1,3266,3308,3309,-1,3266,3309,3310,-1,3265,3311,3246,-1,3246,3311,3312,-1,3246,3312,3306,-1,3306,3312,3313,-1,3306,3313,3307,-1,3286,3314,3284,-1,3284,3314,3315,-1,3284,3315,3316,-1,3317,3318,3241,-1,3304,3284,3240,-1,3240,3284,3316,-1,3240,3316,3241,-1,3241,3316,3319,-1,3241,3319,3320,-1,3320,3321,3241,-1,3241,3321,3322,-1,3241,3322,3323,-1,3323,3324,3241,-1,3241,3324,3325,-1,3241,3325,3317,-1,3318,3326,3241,-1,3241,3326,3327,-1,3241,3327,3328,-1,3329,3330,3328,-1,3328,3330,3331,-1,3328,3331,3241,-1,3332,3333,3334,-1,3333,3335,3334,-1,3334,3335,3336,-1,3334,3336,3337,-1,3338,3339,3340,-1,3340,3339,3341,-1,3342,3343,3341,-1,3343,3344,3341,-1,3341,3344,3345,-1,3341,3345,3340,-1,3346,3347,3334,-1,3334,3347,3348,-1,3334,3348,3332,-1,3349,3350,3351,-1,3352,3353,3354,-1,3355,3356,3338,-1,3338,3356,3357,-1,3338,3357,3339,-1,3336,3358,3337,-1,3337,3358,3359,-1,3337,3359,3360,-1,3360,3359,3351,-1,3354,3353,3361,-1,3355,3362,3363,-1,3341,3364,3342,-1,3342,3364,3365,-1,3342,3365,3366,-1,3366,3365,3367,-1,3366,3367,3368,-1,3351,3359,3349,-1,3349,3359,3369,-1,3349,3369,3370,-1,3371,3372,3373,-1,3374,3375,3354,-1,3354,3375,3376,-1,3354,3376,3352,-1,3377,3378,3379,-1,3362,3355,3353,-1,3353,3355,3380,-1,3353,3380,3361,-1,3363,3381,3355,-1,3355,3381,3382,-1,3355,3382,3356,-1,3368,3383,3366,-1,3366,3383,3384,-1,3366,3384,3385,-1,3385,3384,3386,-1,3385,3386,3387,-1,3387,3386,3377,-1,3387,3377,3388,-1,3388,3377,3379,-1,3377,3389,3378,-1,3378,3389,3390,-1,3378,3390,3391,-1,3391,3390,3392,-1,3370,3369,3373,-1,3373,3369,3393,-1,3373,3393,3371,-1,3354,3394,3242,-1,3242,3394,3395,-1,3242,3395,3396,-1,3395,3397,3396,-1,3396,3397,3398,-1,3396,3398,3334,-1,3334,3398,3399,-1,3334,3399,3346,-1,3390,3400,3401,-1,3243,3402,3403,-1,3401,3404,3390,-1,3390,3404,3405,-1,3390,3405,3392,-1,3406,3407,3408,-1,3407,3409,3408,-1,3408,3409,3410,-1,3408,3410,3411,-1,3409,3412,3410,-1,3410,3412,3413,-1,3410,3413,3414,-1,3414,3413,3415,-1,3374,3354,3403,-1,3403,3354,3242,-1,3403,3242,3243,-1,3402,3243,3408,-1,3408,3243,3416,-1,3408,3416,3417,-1,3417,3418,3408,-1,3408,3418,3419,-1,3408,3419,3406,-1,3261,3260,3350,-1,3350,3260,3351,-1,3262,3261,3349,-1,3349,3261,3350,-1,3262,3349,3370,-1,3262,3370,3272,-1,3272,3370,3373,-1,3272,3373,3273,-1,3273,3373,3372,-1,3273,3372,3301,-1,3301,3372,3371,-1,3301,3371,3302,-1,3302,3371,3393,-1,3302,3393,3303,-1,3303,3393,3369,-1,3303,3369,3274,-1,3247,3274,3359,-1,3359,3274,3369,-1,3247,3359,3248,-1,3248,3359,3358,-1,3248,3358,3259,-1,3259,3358,3336,-1,3259,3336,3244,-1,3244,3336,3335,-1,3244,3335,3245,-1,3245,3335,3333,-1,3245,3333,3263,-1,3263,3333,3332,-1,3264,3263,3348,-1,3348,3263,3332,-1,3264,3348,3347,-1,3264,3347,3265,-1,3265,3347,3346,-1,3265,3346,3311,-1,3311,3346,3399,-1,3311,3399,3312,-1,3312,3399,3398,-1,3312,3398,3313,-1,3313,3398,3397,-1,3313,3397,3307,-1,3305,3307,3395,-1,3395,3307,3397,-1,3305,3395,3304,-1,3304,3395,3394,-1,3304,3394,3284,-1,3284,3394,3354,-1,3284,3354,3282,-1,3282,3354,3361,-1,3282,3361,3280,-1,3280,3361,3380,-1,3280,3380,3298,-1,3298,3380,3355,-1,3296,3298,3338,-1,3338,3298,3355,-1,3296,3338,3340,-1,3296,3340,3294,-1,3294,3340,3345,-1,3294,3345,3258,-1,3258,3345,3344,-1,3258,3344,3257,-1,3257,3344,3343,-1,3257,3343,3255,-1,3255,3343,3342,-1,3255,3342,3253,-1,3252,3253,3366,-1,3366,3253,3342,-1,3252,3366,3385,-1,3252,3385,3292,-1,3292,3385,3387,-1,3292,3387,3293,-1,3293,3387,3388,-1,3293,3388,3275,-1,3275,3388,3379,-1,3275,3379,3276,-1,3276,3379,3378,-1,3276,3378,3277,-1,3277,3378,3391,-1,3277,3391,3288,-1,3289,3288,3392,-1,3392,3288,3391,-1,3289,3392,3405,-1,3289,3405,3290,-1,3290,3405,3404,-1,3290,3404,3308,-1,3308,3404,3401,-1,3308,3401,3309,-1,3309,3401,3400,-1,3309,3400,3310,-1,3310,3400,3390,-1,3310,3390,3266,-1,3267,3266,3389,-1,3389,3266,3390,-1,3268,3267,3377,-1,3377,3267,3389,-1,3268,3377,3291,-1,3291,3377,3386,-1,3291,3386,3250,-1,3250,3386,3384,-1,3250,3384,3251,-1,3251,3384,3383,-1,3251,3383,3269,-1,3269,3383,3368,-1,3269,3368,3270,-1,3270,3368,3367,-1,3271,3270,3365,-1,3365,3270,3367,-1,3271,3365,3254,-1,3254,3365,3364,-1,3254,3364,3256,-1,3256,3364,3341,-1,3256,3341,3295,-1,3295,3341,3339,-1,3295,3339,3297,-1,3297,3339,3357,-1,3297,3357,3299,-1,3299,3357,3356,-1,3299,3356,3300,-1,3300,3356,3382,-1,3278,3300,3381,-1,3381,3300,3382,-1,3278,3381,3279,-1,3279,3381,3363,-1,3279,3363,3281,-1,3281,3363,3362,-1,3281,3362,3283,-1,3283,3362,3353,-1,3283,3353,3285,-1,3285,3353,3352,-1,3285,3352,3286,-1,3286,3352,3376,-1,3286,3376,3314,-1,3314,3376,3375,-1,3314,3375,3315,-1,3315,3375,3374,-1,3316,3315,3403,-1,3403,3315,3374,-1,3316,3403,3319,-1,3319,3403,3402,-1,3319,3402,3320,-1,3320,3402,3408,-1,3321,3320,3411,-1,3411,3320,3408,-1,3322,3321,3410,-1,3410,3321,3411,-1,3322,3410,3414,-1,3322,3414,3323,-1,3323,3414,3415,-1,3323,3415,3324,-1,3324,3415,3413,-1,3324,3413,3325,-1,3325,3413,3412,-1,3325,3412,3317,-1,3317,3412,3409,-1,3317,3409,3318,-1,3326,3318,3407,-1,3407,3318,3409,-1,3326,3407,3406,-1,3326,3406,3327,-1,3327,3406,3419,-1,3327,3419,3328,-1,3328,3419,3418,-1,3328,3418,3329,-1,3329,3418,3417,-1,3329,3417,3330,-1,3330,3417,3416,-1,3330,3416,3331,-1,3331,3416,3243,-1,3331,3243,3241,-1,3337,3249,3334,-1,3334,3249,3246,-1,3249,3337,3360,-1,3249,3360,3287,-1,3287,3360,3351,-1,3287,3351,3260,-1,3420,3421,3422,-1,3422,3421,3423,-1,3424,3425,3426,-1,3427,3428,3429,-1,3430,3431,3432,-1,3433,3434,3435,-1,3435,3434,3436,-1,3435,3436,3437,-1,3437,3436,3438,-1,3429,3428,3426,-1,3426,3428,3439,-1,3426,3439,3424,-1,3440,3441,3442,-1,3425,3443,3426,-1,3426,3443,3444,-1,3426,3444,3445,-1,3446,3447,3448,-1,3431,3449,3432,-1,3432,3449,3450,-1,3432,3450,3433,-1,3433,3450,3451,-1,3433,3451,3434,-1,3452,3453,3454,-1,3455,3456,3448,-1,3448,3456,3457,-1,3448,3457,3446,-1,3458,3459,3460,-1,3460,3459,3461,-1,3460,3461,3462,-1,3462,3461,3463,-1,3462,3463,3464,-1,3464,3463,3465,-1,3464,3465,3466,-1,3429,3467,3427,-1,3427,3467,3440,-1,3427,3440,3454,-1,3454,3440,3442,-1,3454,3442,3452,-1,3457,3468,3446,-1,3446,3468,3469,-1,3446,3469,3470,-1,3430,3432,3471,-1,3471,3432,3472,-1,3471,3472,3448,-1,3448,3472,3473,-1,3448,3473,3455,-1,3438,3436,3474,-1,3474,3436,3475,-1,3474,3475,3476,-1,3476,3475,3477,-1,3476,3477,3478,-1,3478,3477,3479,-1,3478,3479,3460,-1,3460,3479,3480,-1,3460,3480,3458,-1,3481,3482,3453,-1,3453,3482,3483,-1,3453,3483,3454,-1,3484,3420,3485,-1,3485,3420,3486,-1,3485,3486,3487,-1,3470,3488,3446,-1,3446,3488,3489,-1,3446,3489,3490,-1,3445,3491,3426,-1,3426,3491,3492,-1,3426,3492,3486,-1,3486,3492,3493,-1,3486,3493,3487,-1,3466,3494,3464,-1,3464,3494,3495,-1,3464,3495,3496,-1,3497,3498,3421,-1,3484,3464,3420,-1,3420,3464,3496,-1,3420,3496,3421,-1,3421,3496,3499,-1,3421,3499,3500,-1,3500,3501,3421,-1,3421,3501,3502,-1,3421,3502,3503,-1,3503,3504,3421,-1,3421,3504,3505,-1,3421,3505,3497,-1,3498,3506,3421,-1,3421,3506,3507,-1,3421,3507,3508,-1,3509,3510,3508,-1,3508,3510,3511,-1,3508,3511,3421,-1,3512,3513,3514,-1,3513,3515,3514,-1,3514,3515,3516,-1,3514,3516,3517,-1,3518,3519,3520,-1,3520,3519,3521,-1,3522,3523,3521,-1,3523,3524,3521,-1,3521,3524,3525,-1,3521,3525,3520,-1,3526,3527,3514,-1,3514,3527,3528,-1,3514,3528,3512,-1,3529,3530,3531,-1,3532,3533,3534,-1,3535,3536,3518,-1,3518,3536,3537,-1,3518,3537,3519,-1,3516,3538,3517,-1,3517,3538,3539,-1,3517,3539,3540,-1,3540,3539,3531,-1,3534,3533,3541,-1,3535,3542,3543,-1,3521,3544,3522,-1,3522,3544,3545,-1,3522,3545,3546,-1,3546,3545,3547,-1,3546,3547,3548,-1,3531,3539,3529,-1,3529,3539,3549,-1,3529,3549,3550,-1,3551,3552,3553,-1,3554,3555,3534,-1,3534,3555,3556,-1,3534,3556,3532,-1,3557,3558,3559,-1,3542,3535,3533,-1,3533,3535,3560,-1,3533,3560,3541,-1,3543,3561,3535,-1,3535,3561,3562,-1,3535,3562,3536,-1,3548,3563,3546,-1,3546,3563,3564,-1,3546,3564,3565,-1,3565,3564,3566,-1,3565,3566,3567,-1,3567,3566,3557,-1,3567,3557,3568,-1,3568,3557,3559,-1,3557,3569,3558,-1,3558,3569,3570,-1,3558,3570,3571,-1,3571,3570,3572,-1,3550,3549,3553,-1,3553,3549,3573,-1,3553,3573,3551,-1,3534,3574,3422,-1,3422,3574,3575,-1,3422,3575,3576,-1,3575,3577,3576,-1,3576,3577,3578,-1,3576,3578,3514,-1,3514,3578,3579,-1,3514,3579,3526,-1,3570,3580,3581,-1,3423,3582,3583,-1,3581,3584,3570,-1,3570,3584,3585,-1,3570,3585,3572,-1,3586,3587,3588,-1,3587,3589,3588,-1,3588,3589,3590,-1,3588,3590,3591,-1,3589,3592,3590,-1,3590,3592,3593,-1,3590,3593,3594,-1,3594,3593,3595,-1,3554,3534,3583,-1,3583,3534,3422,-1,3583,3422,3423,-1,3582,3423,3588,-1,3588,3423,3596,-1,3588,3596,3597,-1,3597,3598,3588,-1,3588,3598,3599,-1,3588,3599,3586,-1,3441,3440,3530,-1,3530,3440,3531,-1,3442,3441,3529,-1,3529,3441,3530,-1,3442,3529,3550,-1,3442,3550,3452,-1,3452,3550,3553,-1,3452,3553,3453,-1,3453,3553,3552,-1,3453,3552,3481,-1,3481,3552,3551,-1,3481,3551,3482,-1,3482,3551,3573,-1,3482,3573,3483,-1,3483,3573,3549,-1,3483,3549,3454,-1,3427,3454,3539,-1,3539,3454,3549,-1,3427,3539,3428,-1,3428,3539,3538,-1,3428,3538,3439,-1,3439,3538,3516,-1,3439,3516,3424,-1,3424,3516,3515,-1,3424,3515,3425,-1,3425,3515,3513,-1,3425,3513,3443,-1,3443,3513,3512,-1,3444,3443,3528,-1,3528,3443,3512,-1,3444,3528,3527,-1,3444,3527,3445,-1,3445,3527,3526,-1,3445,3526,3491,-1,3491,3526,3579,-1,3491,3579,3492,-1,3492,3579,3578,-1,3492,3578,3493,-1,3493,3578,3577,-1,3493,3577,3487,-1,3485,3487,3575,-1,3575,3487,3577,-1,3485,3575,3484,-1,3484,3575,3574,-1,3484,3574,3464,-1,3464,3574,3534,-1,3464,3534,3462,-1,3462,3534,3541,-1,3462,3541,3460,-1,3460,3541,3560,-1,3460,3560,3478,-1,3478,3560,3535,-1,3476,3478,3518,-1,3518,3478,3535,-1,3476,3518,3520,-1,3476,3520,3474,-1,3474,3520,3525,-1,3474,3525,3438,-1,3438,3525,3524,-1,3438,3524,3437,-1,3437,3524,3523,-1,3437,3523,3435,-1,3435,3523,3522,-1,3435,3522,3433,-1,3432,3433,3546,-1,3546,3433,3522,-1,3432,3546,3565,-1,3432,3565,3472,-1,3472,3565,3567,-1,3472,3567,3473,-1,3473,3567,3568,-1,3473,3568,3455,-1,3455,3568,3559,-1,3455,3559,3456,-1,3456,3559,3558,-1,3456,3558,3457,-1,3457,3558,3571,-1,3457,3571,3468,-1,3469,3468,3572,-1,3572,3468,3571,-1,3469,3572,3585,-1,3469,3585,3470,-1,3470,3585,3584,-1,3470,3584,3488,-1,3488,3584,3581,-1,3488,3581,3489,-1,3489,3581,3580,-1,3489,3580,3490,-1,3490,3580,3570,-1,3490,3570,3446,-1,3447,3446,3569,-1,3569,3446,3570,-1,3448,3447,3557,-1,3557,3447,3569,-1,3448,3557,3471,-1,3471,3557,3566,-1,3471,3566,3430,-1,3430,3566,3564,-1,3430,3564,3431,-1,3431,3564,3563,-1,3431,3563,3449,-1,3449,3563,3548,-1,3449,3548,3450,-1,3450,3548,3547,-1,3451,3450,3545,-1,3545,3450,3547,-1,3451,3545,3434,-1,3434,3545,3544,-1,3434,3544,3436,-1,3436,3544,3521,-1,3436,3521,3475,-1,3475,3521,3519,-1,3475,3519,3477,-1,3477,3519,3537,-1,3477,3537,3479,-1,3479,3537,3536,-1,3479,3536,3480,-1,3480,3536,3562,-1,3458,3480,3561,-1,3561,3480,3562,-1,3458,3561,3459,-1,3459,3561,3543,-1,3459,3543,3461,-1,3461,3543,3542,-1,3461,3542,3463,-1,3463,3542,3533,-1,3463,3533,3465,-1,3465,3533,3532,-1,3465,3532,3466,-1,3466,3532,3556,-1,3466,3556,3494,-1,3494,3556,3555,-1,3494,3555,3495,-1,3495,3555,3554,-1,3496,3495,3583,-1,3583,3495,3554,-1,3496,3583,3499,-1,3499,3583,3582,-1,3499,3582,3500,-1,3500,3582,3588,-1,3501,3500,3591,-1,3591,3500,3588,-1,3502,3501,3590,-1,3590,3501,3591,-1,3502,3590,3594,-1,3502,3594,3503,-1,3503,3594,3595,-1,3503,3595,3504,-1,3504,3595,3593,-1,3504,3593,3505,-1,3505,3593,3592,-1,3505,3592,3497,-1,3497,3592,3589,-1,3497,3589,3498,-1,3506,3498,3587,-1,3587,3498,3589,-1,3506,3587,3586,-1,3506,3586,3507,-1,3507,3586,3599,-1,3507,3599,3508,-1,3508,3599,3598,-1,3508,3598,3509,-1,3509,3598,3597,-1,3509,3597,3510,-1,3510,3597,3596,-1,3510,3596,3511,-1,3511,3596,3423,-1,3511,3423,3421,-1,3517,3429,3514,-1,3514,3429,3426,-1,3429,3517,3540,-1,3429,3540,3467,-1,3467,3540,3531,-1,3467,3531,3440,-1,3600,3601,3602,-1,3602,3601,3603,-1,3604,3605,3606,-1,3607,3608,3609,-1,3610,3611,3612,-1,3613,3614,3615,-1,3615,3614,3616,-1,3615,3616,3617,-1,3617,3616,3618,-1,3609,3608,3606,-1,3606,3608,3619,-1,3606,3619,3604,-1,3620,3621,3622,-1,3605,3623,3606,-1,3606,3623,3624,-1,3606,3624,3625,-1,3626,3627,3628,-1,3611,3629,3612,-1,3612,3629,3630,-1,3612,3630,3613,-1,3613,3630,3631,-1,3613,3631,3614,-1,3632,3633,3634,-1,3635,3636,3628,-1,3628,3636,3637,-1,3628,3637,3626,-1,3638,3639,3640,-1,3640,3639,3641,-1,3640,3641,3642,-1,3642,3641,3643,-1,3642,3643,3644,-1,3644,3643,3645,-1,3644,3645,3646,-1,3609,3647,3607,-1,3607,3647,3620,-1,3607,3620,3634,-1,3634,3620,3622,-1,3634,3622,3632,-1,3637,3648,3626,-1,3626,3648,3649,-1,3626,3649,3650,-1,3610,3612,3651,-1,3651,3612,3652,-1,3651,3652,3628,-1,3628,3652,3653,-1,3628,3653,3635,-1,3618,3616,3654,-1,3654,3616,3655,-1,3654,3655,3656,-1,3656,3655,3657,-1,3656,3657,3658,-1,3658,3657,3659,-1,3658,3659,3640,-1,3640,3659,3660,-1,3640,3660,3638,-1,3661,3662,3633,-1,3633,3662,3663,-1,3633,3663,3634,-1,3664,3600,3665,-1,3665,3600,3666,-1,3665,3666,3667,-1,3650,3668,3626,-1,3626,3668,3669,-1,3626,3669,3670,-1,3625,3671,3606,-1,3606,3671,3672,-1,3606,3672,3666,-1,3666,3672,3673,-1,3666,3673,3667,-1,3646,3674,3644,-1,3644,3674,3675,-1,3644,3675,3676,-1,3677,3678,3601,-1,3664,3644,3600,-1,3600,3644,3676,-1,3600,3676,3601,-1,3601,3676,3679,-1,3601,3679,3680,-1,3680,3681,3601,-1,3601,3681,3682,-1,3601,3682,3683,-1,3683,3684,3601,-1,3601,3684,3685,-1,3601,3685,3677,-1,3678,3686,3601,-1,3601,3686,3687,-1,3601,3687,3688,-1,3689,3690,3688,-1,3688,3690,3691,-1,3688,3691,3601,-1,3692,3693,3694,-1,3693,3695,3694,-1,3694,3695,3696,-1,3694,3696,3697,-1,3698,3699,3700,-1,3700,3699,3701,-1,3702,3703,3701,-1,3703,3704,3701,-1,3701,3704,3705,-1,3701,3705,3700,-1,3706,3707,3694,-1,3694,3707,3708,-1,3694,3708,3692,-1,3709,3710,3711,-1,3712,3713,3714,-1,3715,3716,3698,-1,3698,3716,3717,-1,3698,3717,3699,-1,3696,3718,3697,-1,3697,3718,3719,-1,3697,3719,3720,-1,3720,3719,3711,-1,3714,3713,3721,-1,3715,3722,3723,-1,3701,3724,3702,-1,3702,3724,3725,-1,3702,3725,3726,-1,3726,3725,3727,-1,3726,3727,3728,-1,3711,3719,3709,-1,3709,3719,3729,-1,3709,3729,3730,-1,3731,3732,3733,-1,3734,3735,3714,-1,3714,3735,3736,-1,3714,3736,3712,-1,3737,3738,3739,-1,3722,3715,3713,-1,3713,3715,3740,-1,3713,3740,3721,-1,3723,3741,3715,-1,3715,3741,3742,-1,3715,3742,3716,-1,3728,3743,3726,-1,3726,3743,3744,-1,3726,3744,3745,-1,3745,3744,3746,-1,3745,3746,3747,-1,3747,3746,3737,-1,3747,3737,3748,-1,3748,3737,3739,-1,3737,3749,3738,-1,3738,3749,3750,-1,3738,3750,3751,-1,3751,3750,3752,-1,3730,3729,3733,-1,3733,3729,3753,-1,3733,3753,3731,-1,3714,3754,3602,-1,3602,3754,3755,-1,3602,3755,3756,-1,3755,3757,3756,-1,3756,3757,3758,-1,3756,3758,3694,-1,3694,3758,3759,-1,3694,3759,3706,-1,3750,3760,3761,-1,3603,3762,3763,-1,3761,3764,3750,-1,3750,3764,3765,-1,3750,3765,3752,-1,3766,3767,3768,-1,3767,3769,3768,-1,3768,3769,3770,-1,3768,3770,3771,-1,3769,3772,3770,-1,3770,3772,3773,-1,3770,3773,3774,-1,3774,3773,3775,-1,3734,3714,3763,-1,3763,3714,3602,-1,3763,3602,3603,-1,3762,3603,3768,-1,3768,3603,3776,-1,3768,3776,3777,-1,3777,3778,3768,-1,3768,3778,3779,-1,3768,3779,3766,-1,3621,3620,3710,-1,3710,3620,3711,-1,3622,3621,3709,-1,3709,3621,3710,-1,3622,3709,3730,-1,3622,3730,3632,-1,3632,3730,3733,-1,3632,3733,3633,-1,3633,3733,3732,-1,3633,3732,3661,-1,3661,3732,3731,-1,3661,3731,3662,-1,3662,3731,3753,-1,3662,3753,3663,-1,3663,3753,3729,-1,3663,3729,3634,-1,3607,3634,3719,-1,3719,3634,3729,-1,3607,3719,3608,-1,3608,3719,3718,-1,3608,3718,3619,-1,3619,3718,3696,-1,3619,3696,3604,-1,3604,3696,3695,-1,3604,3695,3605,-1,3605,3695,3693,-1,3605,3693,3623,-1,3623,3693,3692,-1,3624,3623,3708,-1,3708,3623,3692,-1,3624,3708,3707,-1,3624,3707,3625,-1,3625,3707,3706,-1,3625,3706,3671,-1,3671,3706,3759,-1,3671,3759,3672,-1,3672,3759,3758,-1,3672,3758,3673,-1,3673,3758,3757,-1,3673,3757,3667,-1,3665,3667,3755,-1,3755,3667,3757,-1,3665,3755,3664,-1,3664,3755,3754,-1,3664,3754,3644,-1,3644,3754,3714,-1,3644,3714,3642,-1,3642,3714,3721,-1,3642,3721,3640,-1,3640,3721,3740,-1,3640,3740,3658,-1,3658,3740,3715,-1,3656,3658,3698,-1,3698,3658,3715,-1,3656,3698,3700,-1,3656,3700,3654,-1,3654,3700,3705,-1,3654,3705,3618,-1,3618,3705,3704,-1,3618,3704,3617,-1,3617,3704,3703,-1,3617,3703,3615,-1,3615,3703,3702,-1,3615,3702,3613,-1,3612,3613,3726,-1,3726,3613,3702,-1,3612,3726,3745,-1,3612,3745,3652,-1,3652,3745,3747,-1,3652,3747,3653,-1,3653,3747,3748,-1,3653,3748,3635,-1,3635,3748,3739,-1,3635,3739,3636,-1,3636,3739,3738,-1,3636,3738,3637,-1,3637,3738,3751,-1,3637,3751,3648,-1,3649,3648,3752,-1,3752,3648,3751,-1,3649,3752,3765,-1,3649,3765,3650,-1,3650,3765,3764,-1,3650,3764,3668,-1,3668,3764,3761,-1,3668,3761,3669,-1,3669,3761,3760,-1,3669,3760,3670,-1,3670,3760,3750,-1,3670,3750,3626,-1,3627,3626,3749,-1,3749,3626,3750,-1,3628,3627,3737,-1,3737,3627,3749,-1,3628,3737,3651,-1,3651,3737,3746,-1,3651,3746,3610,-1,3610,3746,3744,-1,3610,3744,3611,-1,3611,3744,3743,-1,3611,3743,3629,-1,3629,3743,3728,-1,3629,3728,3630,-1,3630,3728,3727,-1,3631,3630,3725,-1,3725,3630,3727,-1,3631,3725,3614,-1,3614,3725,3724,-1,3614,3724,3616,-1,3616,3724,3701,-1,3616,3701,3655,-1,3655,3701,3699,-1,3655,3699,3657,-1,3657,3699,3717,-1,3657,3717,3659,-1,3659,3717,3716,-1,3659,3716,3660,-1,3660,3716,3742,-1,3638,3660,3741,-1,3741,3660,3742,-1,3638,3741,3639,-1,3639,3741,3723,-1,3639,3723,3641,-1,3641,3723,3722,-1,3641,3722,3643,-1,3643,3722,3713,-1,3643,3713,3645,-1,3645,3713,3712,-1,3645,3712,3646,-1,3646,3712,3736,-1,3646,3736,3674,-1,3674,3736,3735,-1,3674,3735,3675,-1,3675,3735,3734,-1,3676,3675,3763,-1,3763,3675,3734,-1,3676,3763,3679,-1,3679,3763,3762,-1,3679,3762,3680,-1,3680,3762,3768,-1,3681,3680,3771,-1,3771,3680,3768,-1,3682,3681,3770,-1,3770,3681,3771,-1,3682,3770,3774,-1,3682,3774,3683,-1,3683,3774,3775,-1,3683,3775,3684,-1,3684,3775,3773,-1,3684,3773,3685,-1,3685,3773,3772,-1,3685,3772,3677,-1,3677,3772,3769,-1,3677,3769,3678,-1,3686,3678,3767,-1,3767,3678,3769,-1,3686,3767,3766,-1,3686,3766,3687,-1,3687,3766,3779,-1,3687,3779,3688,-1,3688,3779,3778,-1,3688,3778,3689,-1,3689,3778,3777,-1,3689,3777,3690,-1,3690,3777,3776,-1,3690,3776,3691,-1,3691,3776,3603,-1,3691,3603,3601,-1,3697,3609,3694,-1,3694,3609,3606,-1,3609,3697,3720,-1,3609,3720,3647,-1,3647,3720,3711,-1,3647,3711,3620,-1,3780,3781,3782,-1,3782,3781,3783,-1,3784,3785,3786,-1,3787,3788,3789,-1,3790,3791,3792,-1,3793,3794,3795,-1,3795,3794,3796,-1,3795,3796,3797,-1,3797,3796,3798,-1,3789,3788,3786,-1,3786,3788,3799,-1,3786,3799,3784,-1,3800,3801,3802,-1,3785,3803,3786,-1,3786,3803,3804,-1,3786,3804,3805,-1,3806,3807,3808,-1,3791,3809,3792,-1,3792,3809,3810,-1,3792,3810,3793,-1,3793,3810,3811,-1,3793,3811,3794,-1,3812,3813,3814,-1,3815,3816,3808,-1,3808,3816,3817,-1,3808,3817,3806,-1,3818,3819,3820,-1,3820,3819,3821,-1,3820,3821,3822,-1,3822,3821,3823,-1,3822,3823,3824,-1,3824,3823,3825,-1,3824,3825,3826,-1,3789,3827,3787,-1,3787,3827,3800,-1,3787,3800,3814,-1,3814,3800,3802,-1,3814,3802,3812,-1,3817,3828,3806,-1,3806,3828,3829,-1,3806,3829,3830,-1,3790,3792,3831,-1,3831,3792,3832,-1,3831,3832,3808,-1,3808,3832,3833,-1,3808,3833,3815,-1,3798,3796,3834,-1,3834,3796,3835,-1,3834,3835,3836,-1,3836,3835,3837,-1,3836,3837,3838,-1,3838,3837,3839,-1,3838,3839,3820,-1,3820,3839,3840,-1,3820,3840,3818,-1,3841,3842,3813,-1,3813,3842,3843,-1,3813,3843,3814,-1,3844,3780,3845,-1,3845,3780,3846,-1,3845,3846,3847,-1,3830,3848,3806,-1,3806,3848,3849,-1,3806,3849,3850,-1,3805,3851,3786,-1,3786,3851,3852,-1,3786,3852,3846,-1,3846,3852,3853,-1,3846,3853,3847,-1,3826,3854,3824,-1,3824,3854,3855,-1,3824,3855,3856,-1,3857,3858,3781,-1,3844,3824,3780,-1,3780,3824,3856,-1,3780,3856,3781,-1,3781,3856,3859,-1,3781,3859,3860,-1,3860,3861,3781,-1,3781,3861,3862,-1,3781,3862,3863,-1,3863,3864,3781,-1,3781,3864,3865,-1,3781,3865,3857,-1,3858,3866,3781,-1,3781,3866,3867,-1,3781,3867,3868,-1,3869,3870,3868,-1,3868,3870,3871,-1,3868,3871,3781,-1,3872,3873,3874,-1,3873,3875,3874,-1,3874,3875,3876,-1,3874,3876,3877,-1,3878,3879,3880,-1,3880,3879,3881,-1,3882,3883,3881,-1,3883,3884,3881,-1,3881,3884,3885,-1,3881,3885,3880,-1,3886,3887,3874,-1,3874,3887,3888,-1,3874,3888,3872,-1,3889,3890,3891,-1,3892,3893,3894,-1,3895,3896,3878,-1,3878,3896,3897,-1,3878,3897,3879,-1,3876,3898,3877,-1,3877,3898,3899,-1,3877,3899,3900,-1,3900,3899,3891,-1,3894,3893,3901,-1,3895,3902,3903,-1,3881,3904,3882,-1,3882,3904,3905,-1,3882,3905,3906,-1,3906,3905,3907,-1,3906,3907,3908,-1,3891,3899,3889,-1,3889,3899,3909,-1,3889,3909,3910,-1,3911,3912,3913,-1,3914,3915,3894,-1,3894,3915,3916,-1,3894,3916,3892,-1,3917,3918,3919,-1,3902,3895,3893,-1,3893,3895,3920,-1,3893,3920,3901,-1,3903,3921,3895,-1,3895,3921,3922,-1,3895,3922,3896,-1,3908,3923,3906,-1,3906,3923,3924,-1,3906,3924,3925,-1,3925,3924,3926,-1,3925,3926,3927,-1,3927,3926,3917,-1,3927,3917,3928,-1,3928,3917,3919,-1,3917,3929,3918,-1,3918,3929,3930,-1,3918,3930,3931,-1,3931,3930,3932,-1,3910,3909,3913,-1,3913,3909,3933,-1,3913,3933,3911,-1,3894,3934,3782,-1,3782,3934,3935,-1,3782,3935,3936,-1,3935,3937,3936,-1,3936,3937,3938,-1,3936,3938,3874,-1,3874,3938,3939,-1,3874,3939,3886,-1,3930,3940,3941,-1,3783,3942,3943,-1,3941,3944,3930,-1,3930,3944,3945,-1,3930,3945,3932,-1,3946,3947,3948,-1,3947,3949,3948,-1,3948,3949,3950,-1,3948,3950,3951,-1,3949,3952,3950,-1,3950,3952,3953,-1,3950,3953,3954,-1,3954,3953,3955,-1,3914,3894,3943,-1,3943,3894,3782,-1,3943,3782,3783,-1,3942,3783,3948,-1,3948,3783,3956,-1,3948,3956,3957,-1,3957,3958,3948,-1,3948,3958,3959,-1,3948,3959,3946,-1,3801,3800,3890,-1,3890,3800,3891,-1,3802,3801,3889,-1,3889,3801,3890,-1,3802,3889,3910,-1,3802,3910,3812,-1,3812,3910,3913,-1,3812,3913,3813,-1,3813,3913,3912,-1,3813,3912,3841,-1,3841,3912,3911,-1,3841,3911,3842,-1,3842,3911,3933,-1,3842,3933,3843,-1,3843,3933,3909,-1,3843,3909,3814,-1,3787,3814,3899,-1,3899,3814,3909,-1,3787,3899,3788,-1,3788,3899,3898,-1,3788,3898,3799,-1,3799,3898,3876,-1,3799,3876,3784,-1,3784,3876,3875,-1,3784,3875,3785,-1,3785,3875,3873,-1,3785,3873,3803,-1,3803,3873,3872,-1,3804,3803,3888,-1,3888,3803,3872,-1,3804,3888,3887,-1,3804,3887,3805,-1,3805,3887,3886,-1,3805,3886,3851,-1,3851,3886,3939,-1,3851,3939,3852,-1,3852,3939,3938,-1,3852,3938,3853,-1,3853,3938,3937,-1,3853,3937,3847,-1,3845,3847,3935,-1,3935,3847,3937,-1,3845,3935,3844,-1,3844,3935,3934,-1,3844,3934,3824,-1,3824,3934,3894,-1,3824,3894,3822,-1,3822,3894,3901,-1,3822,3901,3820,-1,3820,3901,3920,-1,3820,3920,3838,-1,3838,3920,3895,-1,3836,3838,3878,-1,3878,3838,3895,-1,3836,3878,3880,-1,3836,3880,3834,-1,3834,3880,3885,-1,3834,3885,3798,-1,3798,3885,3884,-1,3798,3884,3797,-1,3797,3884,3883,-1,3797,3883,3795,-1,3795,3883,3882,-1,3795,3882,3793,-1,3792,3793,3906,-1,3906,3793,3882,-1,3792,3906,3925,-1,3792,3925,3832,-1,3832,3925,3927,-1,3832,3927,3833,-1,3833,3927,3928,-1,3833,3928,3815,-1,3815,3928,3919,-1,3815,3919,3816,-1,3816,3919,3918,-1,3816,3918,3817,-1,3817,3918,3931,-1,3817,3931,3828,-1,3829,3828,3932,-1,3932,3828,3931,-1,3829,3932,3945,-1,3829,3945,3830,-1,3830,3945,3944,-1,3830,3944,3848,-1,3848,3944,3941,-1,3848,3941,3849,-1,3849,3941,3940,-1,3849,3940,3850,-1,3850,3940,3930,-1,3850,3930,3806,-1,3807,3806,3929,-1,3929,3806,3930,-1,3808,3807,3917,-1,3917,3807,3929,-1,3808,3917,3831,-1,3831,3917,3926,-1,3831,3926,3790,-1,3790,3926,3924,-1,3790,3924,3791,-1,3791,3924,3923,-1,3791,3923,3809,-1,3809,3923,3908,-1,3809,3908,3810,-1,3810,3908,3907,-1,3811,3810,3905,-1,3905,3810,3907,-1,3811,3905,3794,-1,3794,3905,3904,-1,3794,3904,3796,-1,3796,3904,3881,-1,3796,3881,3835,-1,3835,3881,3879,-1,3835,3879,3837,-1,3837,3879,3897,-1,3837,3897,3839,-1,3839,3897,3896,-1,3839,3896,3840,-1,3840,3896,3922,-1,3818,3840,3921,-1,3921,3840,3922,-1,3818,3921,3819,-1,3819,3921,3903,-1,3819,3903,3821,-1,3821,3903,3902,-1,3821,3902,3823,-1,3823,3902,3893,-1,3823,3893,3825,-1,3825,3893,3892,-1,3825,3892,3826,-1,3826,3892,3916,-1,3826,3916,3854,-1,3854,3916,3915,-1,3854,3915,3855,-1,3855,3915,3914,-1,3856,3855,3943,-1,3943,3855,3914,-1,3856,3943,3859,-1,3859,3943,3942,-1,3859,3942,3860,-1,3860,3942,3948,-1,3861,3860,3951,-1,3951,3860,3948,-1,3862,3861,3950,-1,3950,3861,3951,-1,3862,3950,3954,-1,3862,3954,3863,-1,3863,3954,3955,-1,3863,3955,3864,-1,3864,3955,3953,-1,3864,3953,3865,-1,3865,3953,3952,-1,3865,3952,3857,-1,3857,3952,3949,-1,3857,3949,3858,-1,3866,3858,3947,-1,3947,3858,3949,-1,3866,3947,3946,-1,3866,3946,3867,-1,3867,3946,3959,-1,3867,3959,3868,-1,3868,3959,3958,-1,3868,3958,3869,-1,3869,3958,3957,-1,3869,3957,3870,-1,3870,3957,3956,-1,3870,3956,3871,-1,3871,3956,3783,-1,3871,3783,3781,-1,3877,3789,3874,-1,3874,3789,3786,-1,3789,3877,3900,-1,3789,3900,3827,-1,3827,3900,3891,-1,3827,3891,3800,-1,3960,3961,3962,-1,3962,3961,3963,-1,3964,3965,3966,-1,3967,3968,3969,-1,3970,3971,3972,-1,3973,3974,3975,-1,3975,3974,3976,-1,3975,3976,3977,-1,3977,3976,3978,-1,3969,3968,3966,-1,3966,3968,3979,-1,3966,3979,3964,-1,3980,3981,3982,-1,3965,3983,3966,-1,3966,3983,3984,-1,3966,3984,3985,-1,3986,3987,3988,-1,3971,3989,3972,-1,3972,3989,3990,-1,3972,3990,3973,-1,3973,3990,3991,-1,3973,3991,3974,-1,3992,3993,3994,-1,3995,3996,3988,-1,3988,3996,3997,-1,3988,3997,3986,-1,3998,3999,4000,-1,4000,3999,4001,-1,4000,4001,4002,-1,4002,4001,4003,-1,4002,4003,4004,-1,4004,4003,4005,-1,4004,4005,4006,-1,3969,4007,3967,-1,3967,4007,3980,-1,3967,3980,3994,-1,3994,3980,3982,-1,3994,3982,3992,-1,3997,4008,3986,-1,3986,4008,4009,-1,3986,4009,4010,-1,3970,3972,4011,-1,4011,3972,4012,-1,4011,4012,3988,-1,3988,4012,4013,-1,3988,4013,3995,-1,3978,3976,4014,-1,4014,3976,4015,-1,4014,4015,4016,-1,4016,4015,4017,-1,4016,4017,4018,-1,4018,4017,4019,-1,4018,4019,4000,-1,4000,4019,4020,-1,4000,4020,3998,-1,4021,4022,3993,-1,3993,4022,4023,-1,3993,4023,3994,-1,4024,3960,4025,-1,4025,3960,4026,-1,4025,4026,4027,-1,4010,4028,3986,-1,3986,4028,4029,-1,3986,4029,4030,-1,3985,4031,3966,-1,3966,4031,4032,-1,3966,4032,4026,-1,4026,4032,4033,-1,4026,4033,4027,-1,4006,4034,4004,-1,4004,4034,4035,-1,4004,4035,4036,-1,4037,4038,3961,-1,4024,4004,3960,-1,3960,4004,4036,-1,3960,4036,3961,-1,3961,4036,4039,-1,3961,4039,4040,-1,4040,4041,3961,-1,3961,4041,4042,-1,3961,4042,4043,-1,4043,4044,3961,-1,3961,4044,4045,-1,3961,4045,4037,-1,4038,4046,3961,-1,3961,4046,4047,-1,3961,4047,4048,-1,4049,4050,4048,-1,4048,4050,4051,-1,4048,4051,3961,-1,4052,4053,4054,-1,4053,4055,4054,-1,4054,4055,4056,-1,4054,4056,4057,-1,4058,4059,4060,-1,4060,4059,4061,-1,4062,4063,4061,-1,4063,4064,4061,-1,4061,4064,4065,-1,4061,4065,4060,-1,4066,4067,4054,-1,4054,4067,4068,-1,4054,4068,4052,-1,4069,4070,4071,-1,4072,4073,4074,-1,4075,4076,4058,-1,4058,4076,4077,-1,4058,4077,4059,-1,4056,4078,4057,-1,4057,4078,4079,-1,4057,4079,4080,-1,4080,4079,4071,-1,4074,4073,4081,-1,4075,4082,4083,-1,4061,4084,4062,-1,4062,4084,4085,-1,4062,4085,4086,-1,4086,4085,4087,-1,4086,4087,4088,-1,4071,4079,4069,-1,4069,4079,4089,-1,4069,4089,4090,-1,4091,4092,4093,-1,4094,4095,4074,-1,4074,4095,4096,-1,4074,4096,4072,-1,4097,4098,4099,-1,4082,4075,4073,-1,4073,4075,4100,-1,4073,4100,4081,-1,4083,4101,4075,-1,4075,4101,4102,-1,4075,4102,4076,-1,4088,4103,4086,-1,4086,4103,4104,-1,4086,4104,4105,-1,4105,4104,4106,-1,4105,4106,4107,-1,4107,4106,4097,-1,4107,4097,4108,-1,4108,4097,4099,-1,4097,4109,4098,-1,4098,4109,4110,-1,4098,4110,4111,-1,4111,4110,4112,-1,4090,4089,4093,-1,4093,4089,4113,-1,4093,4113,4091,-1,4074,4114,3962,-1,3962,4114,4115,-1,3962,4115,4116,-1,4115,4117,4116,-1,4116,4117,4118,-1,4116,4118,4054,-1,4054,4118,4119,-1,4054,4119,4066,-1,4110,4120,4121,-1,3963,4122,4123,-1,4121,4124,4110,-1,4110,4124,4125,-1,4110,4125,4112,-1,4126,4127,4128,-1,4127,4129,4128,-1,4128,4129,4130,-1,4128,4130,4131,-1,4129,4132,4130,-1,4130,4132,4133,-1,4130,4133,4134,-1,4134,4133,4135,-1,4094,4074,4123,-1,4123,4074,3962,-1,4123,3962,3963,-1,4122,3963,4128,-1,4128,3963,4136,-1,4128,4136,4137,-1,4137,4138,4128,-1,4128,4138,4139,-1,4128,4139,4126,-1,3981,3980,4070,-1,4070,3980,4071,-1,3982,3981,4069,-1,4069,3981,4070,-1,3982,4069,4090,-1,3982,4090,3992,-1,3992,4090,4093,-1,3992,4093,3993,-1,3993,4093,4092,-1,3993,4092,4021,-1,4021,4092,4091,-1,4021,4091,4022,-1,4022,4091,4113,-1,4022,4113,4023,-1,4023,4113,4089,-1,4023,4089,3994,-1,3967,3994,4079,-1,4079,3994,4089,-1,3967,4079,3968,-1,3968,4079,4078,-1,3968,4078,3979,-1,3979,4078,4056,-1,3979,4056,3964,-1,3964,4056,4055,-1,3964,4055,3965,-1,3965,4055,4053,-1,3965,4053,3983,-1,3983,4053,4052,-1,3984,3983,4068,-1,4068,3983,4052,-1,3984,4068,4067,-1,3984,4067,3985,-1,3985,4067,4066,-1,3985,4066,4031,-1,4031,4066,4119,-1,4031,4119,4032,-1,4032,4119,4118,-1,4032,4118,4033,-1,4033,4118,4117,-1,4033,4117,4027,-1,4025,4027,4115,-1,4115,4027,4117,-1,4025,4115,4024,-1,4024,4115,4114,-1,4024,4114,4004,-1,4004,4114,4074,-1,4004,4074,4002,-1,4002,4074,4081,-1,4002,4081,4000,-1,4000,4081,4100,-1,4000,4100,4018,-1,4018,4100,4075,-1,4016,4018,4058,-1,4058,4018,4075,-1,4016,4058,4060,-1,4016,4060,4014,-1,4014,4060,4065,-1,4014,4065,3978,-1,3978,4065,4064,-1,3978,4064,3977,-1,3977,4064,4063,-1,3977,4063,3975,-1,3975,4063,4062,-1,3975,4062,3973,-1,3972,3973,4086,-1,4086,3973,4062,-1,3972,4086,4105,-1,3972,4105,4012,-1,4012,4105,4107,-1,4012,4107,4013,-1,4013,4107,4108,-1,4013,4108,3995,-1,3995,4108,4099,-1,3995,4099,3996,-1,3996,4099,4098,-1,3996,4098,3997,-1,3997,4098,4111,-1,3997,4111,4008,-1,4009,4008,4112,-1,4112,4008,4111,-1,4009,4112,4125,-1,4009,4125,4010,-1,4010,4125,4124,-1,4010,4124,4028,-1,4028,4124,4121,-1,4028,4121,4029,-1,4029,4121,4120,-1,4029,4120,4030,-1,4030,4120,4110,-1,4030,4110,3986,-1,3987,3986,4109,-1,4109,3986,4110,-1,3988,3987,4097,-1,4097,3987,4109,-1,3988,4097,4011,-1,4011,4097,4106,-1,4011,4106,3970,-1,3970,4106,4104,-1,3970,4104,3971,-1,3971,4104,4103,-1,3971,4103,3989,-1,3989,4103,4088,-1,3989,4088,3990,-1,3990,4088,4087,-1,3991,3990,4085,-1,4085,3990,4087,-1,3991,4085,3974,-1,3974,4085,4084,-1,3974,4084,3976,-1,3976,4084,4061,-1,3976,4061,4015,-1,4015,4061,4059,-1,4015,4059,4017,-1,4017,4059,4077,-1,4017,4077,4019,-1,4019,4077,4076,-1,4019,4076,4020,-1,4020,4076,4102,-1,3998,4020,4101,-1,4101,4020,4102,-1,3998,4101,3999,-1,3999,4101,4083,-1,3999,4083,4001,-1,4001,4083,4082,-1,4001,4082,4003,-1,4003,4082,4073,-1,4003,4073,4005,-1,4005,4073,4072,-1,4005,4072,4006,-1,4006,4072,4096,-1,4006,4096,4034,-1,4034,4096,4095,-1,4034,4095,4035,-1,4035,4095,4094,-1,4036,4035,4123,-1,4123,4035,4094,-1,4036,4123,4039,-1,4039,4123,4122,-1,4039,4122,4040,-1,4040,4122,4128,-1,4041,4040,4131,-1,4131,4040,4128,-1,4042,4041,4130,-1,4130,4041,4131,-1,4042,4130,4134,-1,4042,4134,4043,-1,4043,4134,4135,-1,4043,4135,4044,-1,4044,4135,4133,-1,4044,4133,4045,-1,4045,4133,4132,-1,4045,4132,4037,-1,4037,4132,4129,-1,4037,4129,4038,-1,4046,4038,4127,-1,4127,4038,4129,-1,4046,4127,4126,-1,4046,4126,4047,-1,4047,4126,4139,-1,4047,4139,4048,-1,4048,4139,4138,-1,4048,4138,4049,-1,4049,4138,4137,-1,4049,4137,4050,-1,4050,4137,4136,-1,4050,4136,4051,-1,4051,4136,3963,-1,4051,3963,3961,-1,4057,3969,4054,-1,4054,3969,3966,-1,3969,4057,4080,-1,3969,4080,4007,-1,4007,4080,4071,-1,4007,4071,3980,-1,4140,4141,4142,-1,4142,4141,4143,-1,4144,4145,4146,-1,4147,4148,4149,-1,4150,4151,4152,-1,4153,4154,4155,-1,4155,4154,4156,-1,4155,4156,4157,-1,4157,4156,4158,-1,4149,4148,4146,-1,4146,4148,4159,-1,4146,4159,4144,-1,4160,4161,4162,-1,4145,4163,4146,-1,4146,4163,4164,-1,4146,4164,4165,-1,4166,4167,4168,-1,4151,4169,4152,-1,4152,4169,4170,-1,4152,4170,4153,-1,4153,4170,4171,-1,4153,4171,4154,-1,4172,4173,4174,-1,4175,4176,4168,-1,4168,4176,4177,-1,4168,4177,4166,-1,4178,4179,4180,-1,4180,4179,4181,-1,4180,4181,4182,-1,4182,4181,4183,-1,4182,4183,4184,-1,4184,4183,4185,-1,4184,4185,4186,-1,4149,4187,4147,-1,4147,4187,4160,-1,4147,4160,4174,-1,4174,4160,4162,-1,4174,4162,4172,-1,4177,4188,4166,-1,4166,4188,4189,-1,4166,4189,4190,-1,4150,4152,4191,-1,4191,4152,4192,-1,4191,4192,4168,-1,4168,4192,4193,-1,4168,4193,4175,-1,4158,4156,4194,-1,4194,4156,4195,-1,4194,4195,4196,-1,4196,4195,4197,-1,4196,4197,4198,-1,4198,4197,4199,-1,4198,4199,4180,-1,4180,4199,4200,-1,4180,4200,4178,-1,4201,4202,4173,-1,4173,4202,4203,-1,4173,4203,4174,-1,4204,4140,4205,-1,4205,4140,4206,-1,4205,4206,4207,-1,4190,4208,4166,-1,4166,4208,4209,-1,4166,4209,4210,-1,4165,4211,4146,-1,4146,4211,4212,-1,4146,4212,4206,-1,4206,4212,4213,-1,4206,4213,4207,-1,4186,4214,4184,-1,4184,4214,4215,-1,4184,4215,4216,-1,4217,4218,4141,-1,4204,4184,4140,-1,4140,4184,4216,-1,4140,4216,4141,-1,4141,4216,4219,-1,4141,4219,4220,-1,4220,4221,4141,-1,4141,4221,4222,-1,4141,4222,4223,-1,4223,4224,4141,-1,4141,4224,4225,-1,4141,4225,4217,-1,4218,4226,4141,-1,4141,4226,4227,-1,4141,4227,4228,-1,4229,4230,4228,-1,4228,4230,4231,-1,4228,4231,4141,-1,4232,4233,4234,-1,4233,4235,4234,-1,4234,4235,4236,-1,4234,4236,4237,-1,4238,4239,4240,-1,4240,4239,4241,-1,4242,4243,4241,-1,4243,4244,4241,-1,4241,4244,4245,-1,4241,4245,4240,-1,4246,4247,4234,-1,4234,4247,4248,-1,4234,4248,4232,-1,4249,4250,4251,-1,4252,4253,4254,-1,4255,4256,4238,-1,4238,4256,4257,-1,4238,4257,4239,-1,4236,4258,4237,-1,4237,4258,4259,-1,4237,4259,4260,-1,4260,4259,4251,-1,4254,4253,4261,-1,4255,4262,4263,-1,4241,4264,4242,-1,4242,4264,4265,-1,4242,4265,4266,-1,4266,4265,4267,-1,4266,4267,4268,-1,4251,4259,4249,-1,4249,4259,4269,-1,4249,4269,4270,-1,4271,4272,4273,-1,4274,4275,4254,-1,4254,4275,4276,-1,4254,4276,4252,-1,4277,4278,4279,-1,4262,4255,4253,-1,4253,4255,4280,-1,4253,4280,4261,-1,4263,4281,4255,-1,4255,4281,4282,-1,4255,4282,4256,-1,4268,4283,4266,-1,4266,4283,4284,-1,4266,4284,4285,-1,4285,4284,4286,-1,4285,4286,4287,-1,4287,4286,4277,-1,4287,4277,4288,-1,4288,4277,4279,-1,4277,4289,4278,-1,4278,4289,4290,-1,4278,4290,4291,-1,4291,4290,4292,-1,4270,4269,4273,-1,4273,4269,4293,-1,4273,4293,4271,-1,4254,4294,4142,-1,4142,4294,4295,-1,4142,4295,4296,-1,4295,4297,4296,-1,4296,4297,4298,-1,4296,4298,4234,-1,4234,4298,4299,-1,4234,4299,4246,-1,4290,4300,4301,-1,4143,4302,4303,-1,4301,4304,4290,-1,4290,4304,4305,-1,4290,4305,4292,-1,4306,4307,4308,-1,4307,4309,4308,-1,4308,4309,4310,-1,4308,4310,4311,-1,4309,4312,4310,-1,4310,4312,4313,-1,4310,4313,4314,-1,4314,4313,4315,-1,4274,4254,4303,-1,4303,4254,4142,-1,4303,4142,4143,-1,4302,4143,4308,-1,4308,4143,4316,-1,4308,4316,4317,-1,4317,4318,4308,-1,4308,4318,4319,-1,4308,4319,4306,-1,4161,4160,4250,-1,4250,4160,4251,-1,4162,4161,4249,-1,4249,4161,4250,-1,4162,4249,4270,-1,4162,4270,4172,-1,4172,4270,4273,-1,4172,4273,4173,-1,4173,4273,4272,-1,4173,4272,4201,-1,4201,4272,4271,-1,4201,4271,4202,-1,4202,4271,4293,-1,4202,4293,4203,-1,4203,4293,4269,-1,4203,4269,4174,-1,4147,4174,4259,-1,4259,4174,4269,-1,4147,4259,4148,-1,4148,4259,4258,-1,4148,4258,4159,-1,4159,4258,4236,-1,4159,4236,4144,-1,4144,4236,4235,-1,4144,4235,4145,-1,4145,4235,4233,-1,4145,4233,4163,-1,4163,4233,4232,-1,4164,4163,4248,-1,4248,4163,4232,-1,4164,4248,4247,-1,4164,4247,4165,-1,4165,4247,4246,-1,4165,4246,4211,-1,4211,4246,4299,-1,4211,4299,4212,-1,4212,4299,4298,-1,4212,4298,4213,-1,4213,4298,4297,-1,4213,4297,4207,-1,4205,4207,4295,-1,4295,4207,4297,-1,4205,4295,4204,-1,4204,4295,4294,-1,4204,4294,4184,-1,4184,4294,4254,-1,4184,4254,4182,-1,4182,4254,4261,-1,4182,4261,4180,-1,4180,4261,4280,-1,4180,4280,4198,-1,4198,4280,4255,-1,4196,4198,4238,-1,4238,4198,4255,-1,4196,4238,4240,-1,4196,4240,4194,-1,4194,4240,4245,-1,4194,4245,4158,-1,4158,4245,4244,-1,4158,4244,4157,-1,4157,4244,4243,-1,4157,4243,4155,-1,4155,4243,4242,-1,4155,4242,4153,-1,4152,4153,4266,-1,4266,4153,4242,-1,4152,4266,4285,-1,4152,4285,4192,-1,4192,4285,4287,-1,4192,4287,4193,-1,4193,4287,4288,-1,4193,4288,4175,-1,4175,4288,4279,-1,4175,4279,4176,-1,4176,4279,4278,-1,4176,4278,4177,-1,4177,4278,4291,-1,4177,4291,4188,-1,4189,4188,4292,-1,4292,4188,4291,-1,4189,4292,4305,-1,4189,4305,4190,-1,4190,4305,4304,-1,4190,4304,4208,-1,4208,4304,4301,-1,4208,4301,4209,-1,4209,4301,4300,-1,4209,4300,4210,-1,4210,4300,4290,-1,4210,4290,4166,-1,4167,4166,4289,-1,4289,4166,4290,-1,4168,4167,4277,-1,4277,4167,4289,-1,4168,4277,4191,-1,4191,4277,4286,-1,4191,4286,4150,-1,4150,4286,4284,-1,4150,4284,4151,-1,4151,4284,4283,-1,4151,4283,4169,-1,4169,4283,4268,-1,4169,4268,4170,-1,4170,4268,4267,-1,4171,4170,4265,-1,4265,4170,4267,-1,4171,4265,4154,-1,4154,4265,4264,-1,4154,4264,4156,-1,4156,4264,4241,-1,4156,4241,4195,-1,4195,4241,4239,-1,4195,4239,4197,-1,4197,4239,4257,-1,4197,4257,4199,-1,4199,4257,4256,-1,4199,4256,4200,-1,4200,4256,4282,-1,4178,4200,4281,-1,4281,4200,4282,-1,4178,4281,4179,-1,4179,4281,4263,-1,4179,4263,4181,-1,4181,4263,4262,-1,4181,4262,4183,-1,4183,4262,4253,-1,4183,4253,4185,-1,4185,4253,4252,-1,4185,4252,4186,-1,4186,4252,4276,-1,4186,4276,4214,-1,4214,4276,4275,-1,4214,4275,4215,-1,4215,4275,4274,-1,4216,4215,4303,-1,4303,4215,4274,-1,4216,4303,4219,-1,4219,4303,4302,-1,4219,4302,4220,-1,4220,4302,4308,-1,4221,4220,4311,-1,4311,4220,4308,-1,4222,4221,4310,-1,4310,4221,4311,-1,4222,4310,4314,-1,4222,4314,4223,-1,4223,4314,4315,-1,4223,4315,4224,-1,4224,4315,4313,-1,4224,4313,4225,-1,4225,4313,4312,-1,4225,4312,4217,-1,4217,4312,4309,-1,4217,4309,4218,-1,4226,4218,4307,-1,4307,4218,4309,-1,4226,4307,4306,-1,4226,4306,4227,-1,4227,4306,4319,-1,4227,4319,4228,-1,4228,4319,4318,-1,4228,4318,4229,-1,4229,4318,4317,-1,4229,4317,4230,-1,4230,4317,4316,-1,4230,4316,4231,-1,4231,4316,4143,-1,4231,4143,4141,-1,4237,4149,4234,-1,4234,4149,4146,-1,4149,4237,4260,-1,4149,4260,4187,-1,4187,4260,4251,-1,4187,4251,4160,-1,4320,4321,4322,-1,4322,4321,4323,-1,4324,4325,4326,-1,4327,4328,4329,-1,4330,4331,4332,-1,4333,4334,4335,-1,4335,4334,4336,-1,4335,4336,4337,-1,4337,4336,4338,-1,4329,4328,4326,-1,4326,4328,4339,-1,4326,4339,4324,-1,4340,4341,4342,-1,4325,4343,4326,-1,4326,4343,4344,-1,4326,4344,4345,-1,4346,4347,4348,-1,4331,4349,4332,-1,4332,4349,4350,-1,4332,4350,4333,-1,4333,4350,4351,-1,4333,4351,4334,-1,4352,4353,4354,-1,4355,4356,4348,-1,4348,4356,4357,-1,4348,4357,4346,-1,4358,4359,4360,-1,4360,4359,4361,-1,4360,4361,4362,-1,4362,4361,4363,-1,4362,4363,4364,-1,4364,4363,4365,-1,4364,4365,4366,-1,4329,4367,4327,-1,4327,4367,4340,-1,4327,4340,4354,-1,4354,4340,4342,-1,4354,4342,4352,-1,4357,4368,4346,-1,4346,4368,4369,-1,4346,4369,4370,-1,4330,4332,4371,-1,4371,4332,4372,-1,4371,4372,4348,-1,4348,4372,4373,-1,4348,4373,4355,-1,4338,4336,4374,-1,4374,4336,4375,-1,4374,4375,4376,-1,4376,4375,4377,-1,4376,4377,4378,-1,4378,4377,4379,-1,4378,4379,4360,-1,4360,4379,4380,-1,4360,4380,4358,-1,4381,4382,4353,-1,4353,4382,4383,-1,4353,4383,4354,-1,4384,4320,4385,-1,4385,4320,4386,-1,4385,4386,4387,-1,4370,4388,4346,-1,4346,4388,4389,-1,4346,4389,4390,-1,4345,4391,4326,-1,4326,4391,4392,-1,4326,4392,4386,-1,4386,4392,4393,-1,4386,4393,4387,-1,4366,4394,4364,-1,4364,4394,4395,-1,4364,4395,4396,-1,4397,4398,4321,-1,4384,4364,4320,-1,4320,4364,4396,-1,4320,4396,4321,-1,4321,4396,4399,-1,4321,4399,4400,-1,4400,4401,4321,-1,4321,4401,4402,-1,4321,4402,4403,-1,4403,4404,4321,-1,4321,4404,4405,-1,4321,4405,4397,-1,4398,4406,4321,-1,4321,4406,4407,-1,4321,4407,4408,-1,4409,4410,4408,-1,4408,4410,4411,-1,4408,4411,4321,-1,4412,4413,4414,-1,4413,4415,4414,-1,4414,4415,4416,-1,4414,4416,4417,-1,4418,4419,4420,-1,4420,4419,4421,-1,4422,4423,4421,-1,4423,4424,4421,-1,4421,4424,4425,-1,4421,4425,4420,-1,4426,4427,4414,-1,4414,4427,4428,-1,4414,4428,4412,-1,4429,4430,4431,-1,4432,4433,4434,-1,4435,4436,4418,-1,4418,4436,4437,-1,4418,4437,4419,-1,4416,4438,4417,-1,4417,4438,4439,-1,4417,4439,4440,-1,4440,4439,4431,-1,4434,4433,4441,-1,4435,4442,4443,-1,4421,4444,4422,-1,4422,4444,4445,-1,4422,4445,4446,-1,4446,4445,4447,-1,4446,4447,4448,-1,4431,4439,4429,-1,4429,4439,4449,-1,4429,4449,4450,-1,4451,4452,4453,-1,4454,4455,4434,-1,4434,4455,4456,-1,4434,4456,4432,-1,4457,4458,4459,-1,4442,4435,4433,-1,4433,4435,4460,-1,4433,4460,4441,-1,4443,4461,4435,-1,4435,4461,4462,-1,4435,4462,4436,-1,4448,4463,4446,-1,4446,4463,4464,-1,4446,4464,4465,-1,4465,4464,4466,-1,4465,4466,4467,-1,4467,4466,4457,-1,4467,4457,4468,-1,4468,4457,4459,-1,4457,4469,4458,-1,4458,4469,4470,-1,4458,4470,4471,-1,4471,4470,4472,-1,4450,4449,4453,-1,4453,4449,4473,-1,4453,4473,4451,-1,4434,4474,4322,-1,4322,4474,4475,-1,4322,4475,4476,-1,4475,4477,4476,-1,4476,4477,4478,-1,4476,4478,4414,-1,4414,4478,4479,-1,4414,4479,4426,-1,4470,4480,4481,-1,4323,4482,4483,-1,4481,4484,4470,-1,4470,4484,4485,-1,4470,4485,4472,-1,4486,4487,4488,-1,4487,4489,4488,-1,4488,4489,4490,-1,4488,4490,4491,-1,4489,4492,4490,-1,4490,4492,4493,-1,4490,4493,4494,-1,4494,4493,4495,-1,4454,4434,4483,-1,4483,4434,4322,-1,4483,4322,4323,-1,4482,4323,4488,-1,4488,4323,4496,-1,4488,4496,4497,-1,4497,4498,4488,-1,4488,4498,4499,-1,4488,4499,4486,-1,4341,4340,4430,-1,4430,4340,4431,-1,4342,4341,4429,-1,4429,4341,4430,-1,4342,4429,4450,-1,4342,4450,4352,-1,4352,4450,4453,-1,4352,4453,4353,-1,4353,4453,4452,-1,4353,4452,4381,-1,4381,4452,4451,-1,4381,4451,4382,-1,4382,4451,4473,-1,4382,4473,4383,-1,4383,4473,4449,-1,4383,4449,4354,-1,4327,4354,4439,-1,4439,4354,4449,-1,4327,4439,4328,-1,4328,4439,4438,-1,4328,4438,4339,-1,4339,4438,4416,-1,4339,4416,4324,-1,4324,4416,4415,-1,4324,4415,4325,-1,4325,4415,4413,-1,4325,4413,4343,-1,4343,4413,4412,-1,4344,4343,4428,-1,4428,4343,4412,-1,4344,4428,4427,-1,4344,4427,4345,-1,4345,4427,4426,-1,4345,4426,4391,-1,4391,4426,4479,-1,4391,4479,4392,-1,4392,4479,4478,-1,4392,4478,4393,-1,4393,4478,4477,-1,4393,4477,4387,-1,4385,4387,4475,-1,4475,4387,4477,-1,4385,4475,4384,-1,4384,4475,4474,-1,4384,4474,4364,-1,4364,4474,4434,-1,4364,4434,4362,-1,4362,4434,4441,-1,4362,4441,4360,-1,4360,4441,4460,-1,4360,4460,4378,-1,4378,4460,4435,-1,4376,4378,4418,-1,4418,4378,4435,-1,4376,4418,4420,-1,4376,4420,4374,-1,4374,4420,4425,-1,4374,4425,4338,-1,4338,4425,4424,-1,4338,4424,4337,-1,4337,4424,4423,-1,4337,4423,4335,-1,4335,4423,4422,-1,4335,4422,4333,-1,4332,4333,4446,-1,4446,4333,4422,-1,4332,4446,4465,-1,4332,4465,4372,-1,4372,4465,4467,-1,4372,4467,4373,-1,4373,4467,4468,-1,4373,4468,4355,-1,4355,4468,4459,-1,4355,4459,4356,-1,4356,4459,4458,-1,4356,4458,4357,-1,4357,4458,4471,-1,4357,4471,4368,-1,4369,4368,4472,-1,4472,4368,4471,-1,4369,4472,4485,-1,4369,4485,4370,-1,4370,4485,4484,-1,4370,4484,4388,-1,4388,4484,4481,-1,4388,4481,4389,-1,4389,4481,4480,-1,4389,4480,4390,-1,4390,4480,4470,-1,4390,4470,4346,-1,4347,4346,4469,-1,4469,4346,4470,-1,4348,4347,4457,-1,4457,4347,4469,-1,4348,4457,4371,-1,4371,4457,4466,-1,4371,4466,4330,-1,4330,4466,4464,-1,4330,4464,4331,-1,4331,4464,4463,-1,4331,4463,4349,-1,4349,4463,4448,-1,4349,4448,4350,-1,4350,4448,4447,-1,4351,4350,4445,-1,4445,4350,4447,-1,4351,4445,4334,-1,4334,4445,4444,-1,4334,4444,4336,-1,4336,4444,4421,-1,4336,4421,4375,-1,4375,4421,4419,-1,4375,4419,4377,-1,4377,4419,4437,-1,4377,4437,4379,-1,4379,4437,4436,-1,4379,4436,4380,-1,4380,4436,4462,-1,4358,4380,4461,-1,4461,4380,4462,-1,4358,4461,4359,-1,4359,4461,4443,-1,4359,4443,4361,-1,4361,4443,4442,-1,4361,4442,4363,-1,4363,4442,4433,-1,4363,4433,4365,-1,4365,4433,4432,-1,4365,4432,4366,-1,4366,4432,4456,-1,4366,4456,4394,-1,4394,4456,4455,-1,4394,4455,4395,-1,4395,4455,4454,-1,4396,4395,4483,-1,4483,4395,4454,-1,4396,4483,4399,-1,4399,4483,4482,-1,4399,4482,4400,-1,4400,4482,4488,-1,4401,4400,4491,-1,4491,4400,4488,-1,4402,4401,4490,-1,4490,4401,4491,-1,4402,4490,4494,-1,4402,4494,4403,-1,4403,4494,4495,-1,4403,4495,4404,-1,4404,4495,4493,-1,4404,4493,4405,-1,4405,4493,4492,-1,4405,4492,4397,-1,4397,4492,4489,-1,4397,4489,4398,-1,4406,4398,4487,-1,4487,4398,4489,-1,4406,4487,4486,-1,4406,4486,4407,-1,4407,4486,4499,-1,4407,4499,4408,-1,4408,4499,4498,-1,4408,4498,4409,-1,4409,4498,4497,-1,4409,4497,4410,-1,4410,4497,4496,-1,4410,4496,4411,-1,4411,4496,4323,-1,4411,4323,4321,-1,4417,4329,4414,-1,4414,4329,4326,-1,4329,4417,4440,-1,4329,4440,4367,-1,4367,4440,4431,-1,4367,4431,4340,-1,4500,4501,4502,-1,4502,4501,4503,-1,4504,4505,4506,-1,4507,4508,4509,-1,4510,4511,4512,-1,4513,4514,4515,-1,4515,4514,4516,-1,4515,4516,4517,-1,4517,4516,4518,-1,4509,4508,4506,-1,4506,4508,4519,-1,4506,4519,4504,-1,4520,4521,4522,-1,4505,4523,4506,-1,4506,4523,4524,-1,4506,4524,4525,-1,4526,4527,4528,-1,4511,4529,4512,-1,4512,4529,4530,-1,4512,4530,4513,-1,4513,4530,4531,-1,4513,4531,4514,-1,4532,4533,4534,-1,4535,4536,4528,-1,4528,4536,4537,-1,4528,4537,4526,-1,4538,4539,4540,-1,4540,4539,4541,-1,4540,4541,4542,-1,4542,4541,4543,-1,4542,4543,4544,-1,4544,4543,4545,-1,4544,4545,4546,-1,4509,4547,4507,-1,4507,4547,4520,-1,4507,4520,4534,-1,4534,4520,4522,-1,4534,4522,4532,-1,4537,4548,4526,-1,4526,4548,4549,-1,4526,4549,4550,-1,4510,4512,4551,-1,4551,4512,4552,-1,4551,4552,4528,-1,4528,4552,4553,-1,4528,4553,4535,-1,4518,4516,4554,-1,4554,4516,4555,-1,4554,4555,4556,-1,4556,4555,4557,-1,4556,4557,4558,-1,4558,4557,4559,-1,4558,4559,4540,-1,4540,4559,4560,-1,4540,4560,4538,-1,4561,4562,4533,-1,4533,4562,4563,-1,4533,4563,4534,-1,4564,4500,4565,-1,4565,4500,4566,-1,4565,4566,4567,-1,4550,4568,4526,-1,4526,4568,4569,-1,4526,4569,4570,-1,4525,4571,4506,-1,4506,4571,4572,-1,4506,4572,4566,-1,4566,4572,4573,-1,4566,4573,4567,-1,4546,4574,4544,-1,4544,4574,4575,-1,4544,4575,4576,-1,4577,4578,4501,-1,4564,4544,4500,-1,4500,4544,4576,-1,4500,4576,4501,-1,4501,4576,4579,-1,4501,4579,4580,-1,4580,4581,4501,-1,4501,4581,4582,-1,4501,4582,4583,-1,4583,4584,4501,-1,4501,4584,4585,-1,4501,4585,4577,-1,4578,4586,4501,-1,4501,4586,4587,-1,4501,4587,4588,-1,4589,4590,4588,-1,4588,4590,4591,-1,4588,4591,4501,-1,4592,4593,4594,-1,4593,4595,4594,-1,4594,4595,4596,-1,4594,4596,4597,-1,4598,4599,4600,-1,4600,4599,4601,-1,4602,4603,4601,-1,4603,4604,4601,-1,4601,4604,4605,-1,4601,4605,4600,-1,4606,4607,4594,-1,4594,4607,4608,-1,4594,4608,4592,-1,4609,4610,4611,-1,4612,4613,4614,-1,4615,4616,4598,-1,4598,4616,4617,-1,4598,4617,4599,-1,4596,4618,4597,-1,4597,4618,4619,-1,4597,4619,4620,-1,4620,4619,4611,-1,4614,4613,4621,-1,4615,4622,4623,-1,4601,4624,4602,-1,4602,4624,4625,-1,4602,4625,4626,-1,4626,4625,4627,-1,4626,4627,4628,-1,4611,4619,4609,-1,4609,4619,4629,-1,4609,4629,4630,-1,4631,4632,4633,-1,4634,4635,4614,-1,4614,4635,4636,-1,4614,4636,4612,-1,4637,4638,4639,-1,4622,4615,4613,-1,4613,4615,4640,-1,4613,4640,4621,-1,4623,4641,4615,-1,4615,4641,4642,-1,4615,4642,4616,-1,4628,4643,4626,-1,4626,4643,4644,-1,4626,4644,4645,-1,4645,4644,4646,-1,4645,4646,4647,-1,4647,4646,4637,-1,4647,4637,4648,-1,4648,4637,4639,-1,4637,4649,4638,-1,4638,4649,4650,-1,4638,4650,4651,-1,4651,4650,4652,-1,4630,4629,4633,-1,4633,4629,4653,-1,4633,4653,4631,-1,4614,4654,4502,-1,4502,4654,4655,-1,4502,4655,4656,-1,4655,4657,4656,-1,4656,4657,4658,-1,4656,4658,4594,-1,4594,4658,4659,-1,4594,4659,4606,-1,4650,4660,4661,-1,4503,4662,4663,-1,4661,4664,4650,-1,4650,4664,4665,-1,4650,4665,4652,-1,4666,4667,4668,-1,4667,4669,4668,-1,4668,4669,4670,-1,4668,4670,4671,-1,4669,4672,4670,-1,4670,4672,4673,-1,4670,4673,4674,-1,4674,4673,4675,-1,4634,4614,4663,-1,4663,4614,4502,-1,4663,4502,4503,-1,4662,4503,4668,-1,4668,4503,4676,-1,4668,4676,4677,-1,4677,4678,4668,-1,4668,4678,4679,-1,4668,4679,4666,-1,4521,4520,4610,-1,4610,4520,4611,-1,4522,4521,4609,-1,4609,4521,4610,-1,4522,4609,4630,-1,4522,4630,4532,-1,4532,4630,4633,-1,4532,4633,4533,-1,4533,4633,4632,-1,4533,4632,4561,-1,4561,4632,4631,-1,4561,4631,4562,-1,4562,4631,4653,-1,4562,4653,4563,-1,4563,4653,4629,-1,4563,4629,4534,-1,4507,4534,4619,-1,4619,4534,4629,-1,4507,4619,4508,-1,4508,4619,4618,-1,4508,4618,4519,-1,4519,4618,4596,-1,4519,4596,4504,-1,4504,4596,4595,-1,4504,4595,4505,-1,4505,4595,4593,-1,4505,4593,4523,-1,4523,4593,4592,-1,4524,4523,4608,-1,4608,4523,4592,-1,4524,4608,4607,-1,4524,4607,4525,-1,4525,4607,4606,-1,4525,4606,4571,-1,4571,4606,4659,-1,4571,4659,4572,-1,4572,4659,4658,-1,4572,4658,4573,-1,4573,4658,4657,-1,4573,4657,4567,-1,4565,4567,4655,-1,4655,4567,4657,-1,4565,4655,4564,-1,4564,4655,4654,-1,4564,4654,4544,-1,4544,4654,4614,-1,4544,4614,4542,-1,4542,4614,4621,-1,4542,4621,4540,-1,4540,4621,4640,-1,4540,4640,4558,-1,4558,4640,4615,-1,4556,4558,4598,-1,4598,4558,4615,-1,4556,4598,4600,-1,4556,4600,4554,-1,4554,4600,4605,-1,4554,4605,4518,-1,4518,4605,4604,-1,4518,4604,4517,-1,4517,4604,4603,-1,4517,4603,4515,-1,4515,4603,4602,-1,4515,4602,4513,-1,4512,4513,4626,-1,4626,4513,4602,-1,4512,4626,4645,-1,4512,4645,4552,-1,4552,4645,4647,-1,4552,4647,4553,-1,4553,4647,4648,-1,4553,4648,4535,-1,4535,4648,4639,-1,4535,4639,4536,-1,4536,4639,4638,-1,4536,4638,4537,-1,4537,4638,4651,-1,4537,4651,4548,-1,4549,4548,4652,-1,4652,4548,4651,-1,4549,4652,4665,-1,4549,4665,4550,-1,4550,4665,4664,-1,4550,4664,4568,-1,4568,4664,4661,-1,4568,4661,4569,-1,4569,4661,4660,-1,4569,4660,4570,-1,4570,4660,4650,-1,4570,4650,4526,-1,4527,4526,4649,-1,4649,4526,4650,-1,4528,4527,4637,-1,4637,4527,4649,-1,4528,4637,4551,-1,4551,4637,4646,-1,4551,4646,4510,-1,4510,4646,4644,-1,4510,4644,4511,-1,4511,4644,4643,-1,4511,4643,4529,-1,4529,4643,4628,-1,4529,4628,4530,-1,4530,4628,4627,-1,4531,4530,4625,-1,4625,4530,4627,-1,4531,4625,4514,-1,4514,4625,4624,-1,4514,4624,4516,-1,4516,4624,4601,-1,4516,4601,4555,-1,4555,4601,4599,-1,4555,4599,4557,-1,4557,4599,4617,-1,4557,4617,4559,-1,4559,4617,4616,-1,4559,4616,4560,-1,4560,4616,4642,-1,4538,4560,4641,-1,4641,4560,4642,-1,4538,4641,4539,-1,4539,4641,4623,-1,4539,4623,4541,-1,4541,4623,4622,-1,4541,4622,4543,-1,4543,4622,4613,-1,4543,4613,4545,-1,4545,4613,4612,-1,4545,4612,4546,-1,4546,4612,4636,-1,4546,4636,4574,-1,4574,4636,4635,-1,4574,4635,4575,-1,4575,4635,4634,-1,4576,4575,4663,-1,4663,4575,4634,-1,4576,4663,4579,-1,4579,4663,4662,-1,4579,4662,4580,-1,4580,4662,4668,-1,4581,4580,4671,-1,4671,4580,4668,-1,4582,4581,4670,-1,4670,4581,4671,-1,4582,4670,4674,-1,4582,4674,4583,-1,4583,4674,4675,-1,4583,4675,4584,-1,4584,4675,4673,-1,4584,4673,4585,-1,4585,4673,4672,-1,4585,4672,4577,-1,4577,4672,4669,-1,4577,4669,4578,-1,4586,4578,4667,-1,4667,4578,4669,-1,4586,4667,4666,-1,4586,4666,4587,-1,4587,4666,4679,-1,4587,4679,4588,-1,4588,4679,4678,-1,4588,4678,4589,-1,4589,4678,4677,-1,4589,4677,4590,-1,4590,4677,4676,-1,4590,4676,4591,-1,4591,4676,4503,-1,4591,4503,4501,-1,4597,4509,4594,-1,4594,4509,4506,-1,4509,4597,4620,-1,4509,4620,4547,-1,4547,4620,4611,-1,4547,4611,4520,-1,4680,4681,4682,-1,4682,4681,4683,-1,4684,4685,4686,-1,4687,4688,4689,-1,4690,4691,4692,-1,4693,4694,4695,-1,4695,4694,4696,-1,4695,4696,4697,-1,4697,4696,4698,-1,4689,4688,4686,-1,4686,4688,4699,-1,4686,4699,4684,-1,4700,4701,4702,-1,4685,4703,4686,-1,4686,4703,4704,-1,4686,4704,4705,-1,4706,4707,4708,-1,4691,4709,4692,-1,4692,4709,4710,-1,4692,4710,4693,-1,4693,4710,4711,-1,4693,4711,4694,-1,4712,4713,4714,-1,4715,4716,4708,-1,4708,4716,4717,-1,4708,4717,4706,-1,4718,4719,4720,-1,4720,4719,4721,-1,4720,4721,4722,-1,4722,4721,4723,-1,4722,4723,4724,-1,4724,4723,4725,-1,4724,4725,4726,-1,4689,4727,4687,-1,4687,4727,4700,-1,4687,4700,4714,-1,4714,4700,4702,-1,4714,4702,4712,-1,4717,4728,4706,-1,4706,4728,4729,-1,4706,4729,4730,-1,4690,4692,4731,-1,4731,4692,4732,-1,4731,4732,4708,-1,4708,4732,4733,-1,4708,4733,4715,-1,4698,4696,4734,-1,4734,4696,4735,-1,4734,4735,4736,-1,4736,4735,4737,-1,4736,4737,4738,-1,4738,4737,4739,-1,4738,4739,4720,-1,4720,4739,4740,-1,4720,4740,4718,-1,4741,4742,4713,-1,4713,4742,4743,-1,4713,4743,4714,-1,4744,4680,4745,-1,4745,4680,4746,-1,4745,4746,4747,-1,4730,4748,4706,-1,4706,4748,4749,-1,4706,4749,4750,-1,4705,4751,4686,-1,4686,4751,4752,-1,4686,4752,4746,-1,4746,4752,4753,-1,4746,4753,4747,-1,4726,4754,4724,-1,4724,4754,4755,-1,4724,4755,4756,-1,4757,4758,4681,-1,4744,4724,4680,-1,4680,4724,4756,-1,4680,4756,4681,-1,4681,4756,4759,-1,4681,4759,4760,-1,4760,4761,4681,-1,4681,4761,4762,-1,4681,4762,4763,-1,4763,4764,4681,-1,4681,4764,4765,-1,4681,4765,4757,-1,4758,4766,4681,-1,4681,4766,4767,-1,4681,4767,4768,-1,4769,4770,4768,-1,4768,4770,4771,-1,4768,4771,4681,-1,4772,4773,4774,-1,4773,4775,4774,-1,4774,4775,4776,-1,4774,4776,4777,-1,4778,4779,4780,-1,4780,4779,4781,-1,4782,4783,4781,-1,4783,4784,4781,-1,4781,4784,4785,-1,4781,4785,4780,-1,4786,4787,4774,-1,4774,4787,4788,-1,4774,4788,4772,-1,4789,4790,4791,-1,4792,4793,4794,-1,4795,4796,4778,-1,4778,4796,4797,-1,4778,4797,4779,-1,4776,4798,4777,-1,4777,4798,4799,-1,4777,4799,4800,-1,4800,4799,4791,-1,4794,4793,4801,-1,4795,4802,4803,-1,4781,4804,4782,-1,4782,4804,4805,-1,4782,4805,4806,-1,4806,4805,4807,-1,4806,4807,4808,-1,4791,4799,4789,-1,4789,4799,4809,-1,4789,4809,4810,-1,4811,4812,4813,-1,4814,4815,4794,-1,4794,4815,4816,-1,4794,4816,4792,-1,4817,4818,4819,-1,4802,4795,4793,-1,4793,4795,4820,-1,4793,4820,4801,-1,4803,4821,4795,-1,4795,4821,4822,-1,4795,4822,4796,-1,4808,4823,4806,-1,4806,4823,4824,-1,4806,4824,4825,-1,4825,4824,4826,-1,4825,4826,4827,-1,4827,4826,4817,-1,4827,4817,4828,-1,4828,4817,4819,-1,4817,4829,4818,-1,4818,4829,4830,-1,4818,4830,4831,-1,4831,4830,4832,-1,4810,4809,4813,-1,4813,4809,4833,-1,4813,4833,4811,-1,4794,4834,4682,-1,4682,4834,4835,-1,4682,4835,4836,-1,4835,4837,4836,-1,4836,4837,4838,-1,4836,4838,4774,-1,4774,4838,4839,-1,4774,4839,4786,-1,4830,4840,4841,-1,4683,4842,4843,-1,4841,4844,4830,-1,4830,4844,4845,-1,4830,4845,4832,-1,4846,4847,4848,-1,4847,4849,4848,-1,4848,4849,4850,-1,4848,4850,4851,-1,4849,4852,4850,-1,4850,4852,4853,-1,4850,4853,4854,-1,4854,4853,4855,-1,4814,4794,4843,-1,4843,4794,4682,-1,4843,4682,4683,-1,4842,4683,4848,-1,4848,4683,4856,-1,4848,4856,4857,-1,4857,4858,4848,-1,4848,4858,4859,-1,4848,4859,4846,-1,4701,4700,4790,-1,4790,4700,4791,-1,4702,4701,4789,-1,4789,4701,4790,-1,4702,4789,4810,-1,4702,4810,4712,-1,4712,4810,4813,-1,4712,4813,4713,-1,4713,4813,4812,-1,4713,4812,4741,-1,4741,4812,4811,-1,4741,4811,4742,-1,4742,4811,4833,-1,4742,4833,4743,-1,4743,4833,4809,-1,4743,4809,4714,-1,4687,4714,4799,-1,4799,4714,4809,-1,4687,4799,4688,-1,4688,4799,4798,-1,4688,4798,4699,-1,4699,4798,4776,-1,4699,4776,4684,-1,4684,4776,4775,-1,4684,4775,4685,-1,4685,4775,4773,-1,4685,4773,4703,-1,4703,4773,4772,-1,4704,4703,4788,-1,4788,4703,4772,-1,4704,4788,4787,-1,4704,4787,4705,-1,4705,4787,4786,-1,4705,4786,4751,-1,4751,4786,4839,-1,4751,4839,4752,-1,4752,4839,4838,-1,4752,4838,4753,-1,4753,4838,4837,-1,4753,4837,4747,-1,4745,4747,4835,-1,4835,4747,4837,-1,4745,4835,4744,-1,4744,4835,4834,-1,4744,4834,4724,-1,4724,4834,4794,-1,4724,4794,4722,-1,4722,4794,4801,-1,4722,4801,4720,-1,4720,4801,4820,-1,4720,4820,4738,-1,4738,4820,4795,-1,4736,4738,4778,-1,4778,4738,4795,-1,4736,4778,4780,-1,4736,4780,4734,-1,4734,4780,4785,-1,4734,4785,4698,-1,4698,4785,4784,-1,4698,4784,4697,-1,4697,4784,4783,-1,4697,4783,4695,-1,4695,4783,4782,-1,4695,4782,4693,-1,4692,4693,4806,-1,4806,4693,4782,-1,4692,4806,4825,-1,4692,4825,4732,-1,4732,4825,4827,-1,4732,4827,4733,-1,4733,4827,4828,-1,4733,4828,4715,-1,4715,4828,4819,-1,4715,4819,4716,-1,4716,4819,4818,-1,4716,4818,4717,-1,4717,4818,4831,-1,4717,4831,4728,-1,4729,4728,4832,-1,4832,4728,4831,-1,4729,4832,4845,-1,4729,4845,4730,-1,4730,4845,4844,-1,4730,4844,4748,-1,4748,4844,4841,-1,4748,4841,4749,-1,4749,4841,4840,-1,4749,4840,4750,-1,4750,4840,4830,-1,4750,4830,4706,-1,4707,4706,4829,-1,4829,4706,4830,-1,4708,4707,4817,-1,4817,4707,4829,-1,4708,4817,4731,-1,4731,4817,4826,-1,4731,4826,4690,-1,4690,4826,4824,-1,4690,4824,4691,-1,4691,4824,4823,-1,4691,4823,4709,-1,4709,4823,4808,-1,4709,4808,4710,-1,4710,4808,4807,-1,4711,4710,4805,-1,4805,4710,4807,-1,4711,4805,4694,-1,4694,4805,4804,-1,4694,4804,4696,-1,4696,4804,4781,-1,4696,4781,4735,-1,4735,4781,4779,-1,4735,4779,4737,-1,4737,4779,4797,-1,4737,4797,4739,-1,4739,4797,4796,-1,4739,4796,4740,-1,4740,4796,4822,-1,4718,4740,4821,-1,4821,4740,4822,-1,4718,4821,4719,-1,4719,4821,4803,-1,4719,4803,4721,-1,4721,4803,4802,-1,4721,4802,4723,-1,4723,4802,4793,-1,4723,4793,4725,-1,4725,4793,4792,-1,4725,4792,4726,-1,4726,4792,4816,-1,4726,4816,4754,-1,4754,4816,4815,-1,4754,4815,4755,-1,4755,4815,4814,-1,4756,4755,4843,-1,4843,4755,4814,-1,4756,4843,4759,-1,4759,4843,4842,-1,4759,4842,4760,-1,4760,4842,4848,-1,4761,4760,4851,-1,4851,4760,4848,-1,4762,4761,4850,-1,4850,4761,4851,-1,4762,4850,4854,-1,4762,4854,4763,-1,4763,4854,4855,-1,4763,4855,4764,-1,4764,4855,4853,-1,4764,4853,4765,-1,4765,4853,4852,-1,4765,4852,4757,-1,4757,4852,4849,-1,4757,4849,4758,-1,4766,4758,4847,-1,4847,4758,4849,-1,4766,4847,4846,-1,4766,4846,4767,-1,4767,4846,4859,-1,4767,4859,4768,-1,4768,4859,4858,-1,4768,4858,4769,-1,4769,4858,4857,-1,4769,4857,4770,-1,4770,4857,4856,-1,4770,4856,4771,-1,4771,4856,4683,-1,4771,4683,4681,-1,4777,4689,4774,-1,4774,4689,4686,-1,4689,4777,4800,-1,4689,4800,4727,-1,4727,4800,4791,-1,4727,4791,4700,-1,4860,4861,4862,-1,4862,4861,4863,-1,4864,4865,4866,-1,4867,4868,4869,-1,4870,4871,4872,-1,4873,4874,4875,-1,4875,4874,4876,-1,4875,4876,4877,-1,4877,4876,4878,-1,4869,4868,4866,-1,4866,4868,4879,-1,4866,4879,4864,-1,4880,4881,4882,-1,4865,4883,4866,-1,4866,4883,4884,-1,4866,4884,4885,-1,4886,4887,4888,-1,4871,4889,4872,-1,4872,4889,4890,-1,4872,4890,4873,-1,4873,4890,4891,-1,4873,4891,4874,-1,4892,4893,4894,-1,4895,4896,4888,-1,4888,4896,4897,-1,4888,4897,4886,-1,4898,4899,4900,-1,4900,4899,4901,-1,4900,4901,4902,-1,4902,4901,4903,-1,4902,4903,4904,-1,4904,4903,4905,-1,4904,4905,4906,-1,4869,4907,4867,-1,4867,4907,4880,-1,4867,4880,4894,-1,4894,4880,4882,-1,4894,4882,4892,-1,4897,4908,4886,-1,4886,4908,4909,-1,4886,4909,4910,-1,4870,4872,4911,-1,4911,4872,4912,-1,4911,4912,4888,-1,4888,4912,4913,-1,4888,4913,4895,-1,4878,4876,4914,-1,4914,4876,4915,-1,4914,4915,4916,-1,4916,4915,4917,-1,4916,4917,4918,-1,4918,4917,4919,-1,4918,4919,4900,-1,4900,4919,4920,-1,4900,4920,4898,-1,4921,4922,4893,-1,4893,4922,4923,-1,4893,4923,4894,-1,4924,4860,4925,-1,4925,4860,4926,-1,4925,4926,4927,-1,4910,4928,4886,-1,4886,4928,4929,-1,4886,4929,4930,-1,4885,4931,4866,-1,4866,4931,4932,-1,4866,4932,4926,-1,4926,4932,4933,-1,4926,4933,4927,-1,4906,4934,4904,-1,4904,4934,4935,-1,4904,4935,4936,-1,4937,4938,4861,-1,4924,4904,4860,-1,4860,4904,4936,-1,4860,4936,4861,-1,4861,4936,4939,-1,4861,4939,4940,-1,4940,4941,4861,-1,4861,4941,4942,-1,4861,4942,4943,-1,4943,4944,4861,-1,4861,4944,4945,-1,4861,4945,4937,-1,4938,4946,4861,-1,4861,4946,4947,-1,4861,4947,4948,-1,4949,4950,4948,-1,4948,4950,4951,-1,4948,4951,4861,-1,4952,4953,4954,-1,4953,4955,4954,-1,4954,4955,4956,-1,4954,4956,4957,-1,4958,4959,4960,-1,4960,4959,4961,-1,4962,4963,4961,-1,4963,4964,4961,-1,4961,4964,4965,-1,4961,4965,4960,-1,4966,4967,4954,-1,4954,4967,4968,-1,4954,4968,4952,-1,4969,4970,4971,-1,4972,4973,4974,-1,4975,4976,4958,-1,4958,4976,4977,-1,4958,4977,4959,-1,4956,4978,4957,-1,4957,4978,4979,-1,4957,4979,4980,-1,4980,4979,4971,-1,4974,4973,4981,-1,4975,4982,4983,-1,4961,4984,4962,-1,4962,4984,4985,-1,4962,4985,4986,-1,4986,4985,4987,-1,4986,4987,4988,-1,4971,4979,4969,-1,4969,4979,4989,-1,4969,4989,4990,-1,4991,4992,4993,-1,4994,4995,4974,-1,4974,4995,4996,-1,4974,4996,4972,-1,4997,4998,4999,-1,4982,4975,4973,-1,4973,4975,5000,-1,4973,5000,4981,-1,4983,5001,4975,-1,4975,5001,5002,-1,4975,5002,4976,-1,4988,5003,4986,-1,4986,5003,5004,-1,4986,5004,5005,-1,5005,5004,5006,-1,5005,5006,5007,-1,5007,5006,4997,-1,5007,4997,5008,-1,5008,4997,4999,-1,4997,5009,4998,-1,4998,5009,5010,-1,4998,5010,5011,-1,5011,5010,5012,-1,4990,4989,4993,-1,4993,4989,5013,-1,4993,5013,4991,-1,4974,5014,4862,-1,4862,5014,5015,-1,4862,5015,5016,-1,5015,5017,5016,-1,5016,5017,5018,-1,5016,5018,4954,-1,4954,5018,5019,-1,4954,5019,4966,-1,5010,5020,5021,-1,4863,5022,5023,-1,5021,5024,5010,-1,5010,5024,5025,-1,5010,5025,5012,-1,5026,5027,5028,-1,5027,5029,5028,-1,5028,5029,5030,-1,5028,5030,5031,-1,5029,5032,5030,-1,5030,5032,5033,-1,5030,5033,5034,-1,5034,5033,5035,-1,4994,4974,5023,-1,5023,4974,4862,-1,5023,4862,4863,-1,5022,4863,5028,-1,5028,4863,5036,-1,5028,5036,5037,-1,5037,5038,5028,-1,5028,5038,5039,-1,5028,5039,5026,-1,4881,4880,4970,-1,4970,4880,4971,-1,4882,4881,4969,-1,4969,4881,4970,-1,4882,4969,4990,-1,4882,4990,4892,-1,4892,4990,4993,-1,4892,4993,4893,-1,4893,4993,4992,-1,4893,4992,4921,-1,4921,4992,4991,-1,4921,4991,4922,-1,4922,4991,5013,-1,4922,5013,4923,-1,4923,5013,4989,-1,4923,4989,4894,-1,4867,4894,4979,-1,4979,4894,4989,-1,4867,4979,4868,-1,4868,4979,4978,-1,4868,4978,4879,-1,4879,4978,4956,-1,4879,4956,4864,-1,4864,4956,4955,-1,4864,4955,4865,-1,4865,4955,4953,-1,4865,4953,4883,-1,4883,4953,4952,-1,4884,4883,4968,-1,4968,4883,4952,-1,4884,4968,4967,-1,4884,4967,4885,-1,4885,4967,4966,-1,4885,4966,4931,-1,4931,4966,5019,-1,4931,5019,4932,-1,4932,5019,5018,-1,4932,5018,4933,-1,4933,5018,5017,-1,4933,5017,4927,-1,4925,4927,5015,-1,5015,4927,5017,-1,4925,5015,4924,-1,4924,5015,5014,-1,4924,5014,4904,-1,4904,5014,4974,-1,4904,4974,4902,-1,4902,4974,4981,-1,4902,4981,4900,-1,4900,4981,5000,-1,4900,5000,4918,-1,4918,5000,4975,-1,4916,4918,4958,-1,4958,4918,4975,-1,4916,4958,4960,-1,4916,4960,4914,-1,4914,4960,4965,-1,4914,4965,4878,-1,4878,4965,4964,-1,4878,4964,4877,-1,4877,4964,4963,-1,4877,4963,4875,-1,4875,4963,4962,-1,4875,4962,4873,-1,4872,4873,4986,-1,4986,4873,4962,-1,4872,4986,5005,-1,4872,5005,4912,-1,4912,5005,5007,-1,4912,5007,4913,-1,4913,5007,5008,-1,4913,5008,4895,-1,4895,5008,4999,-1,4895,4999,4896,-1,4896,4999,4998,-1,4896,4998,4897,-1,4897,4998,5011,-1,4897,5011,4908,-1,4909,4908,5012,-1,5012,4908,5011,-1,4909,5012,5025,-1,4909,5025,4910,-1,4910,5025,5024,-1,4910,5024,4928,-1,4928,5024,5021,-1,4928,5021,4929,-1,4929,5021,5020,-1,4929,5020,4930,-1,4930,5020,5010,-1,4930,5010,4886,-1,4887,4886,5009,-1,5009,4886,5010,-1,4888,4887,4997,-1,4997,4887,5009,-1,4888,4997,4911,-1,4911,4997,5006,-1,4911,5006,4870,-1,4870,5006,5004,-1,4870,5004,4871,-1,4871,5004,5003,-1,4871,5003,4889,-1,4889,5003,4988,-1,4889,4988,4890,-1,4890,4988,4987,-1,4891,4890,4985,-1,4985,4890,4987,-1,4891,4985,4874,-1,4874,4985,4984,-1,4874,4984,4876,-1,4876,4984,4961,-1,4876,4961,4915,-1,4915,4961,4959,-1,4915,4959,4917,-1,4917,4959,4977,-1,4917,4977,4919,-1,4919,4977,4976,-1,4919,4976,4920,-1,4920,4976,5002,-1,4898,4920,5001,-1,5001,4920,5002,-1,4898,5001,4899,-1,4899,5001,4983,-1,4899,4983,4901,-1,4901,4983,4982,-1,4901,4982,4903,-1,4903,4982,4973,-1,4903,4973,4905,-1,4905,4973,4972,-1,4905,4972,4906,-1,4906,4972,4996,-1,4906,4996,4934,-1,4934,4996,4995,-1,4934,4995,4935,-1,4935,4995,4994,-1,4936,4935,5023,-1,5023,4935,4994,-1,4936,5023,4939,-1,4939,5023,5022,-1,4939,5022,4940,-1,4940,5022,5028,-1,4941,4940,5031,-1,5031,4940,5028,-1,4942,4941,5030,-1,5030,4941,5031,-1,4942,5030,5034,-1,4942,5034,4943,-1,4943,5034,5035,-1,4943,5035,4944,-1,4944,5035,5033,-1,4944,5033,4945,-1,4945,5033,5032,-1,4945,5032,4937,-1,4937,5032,5029,-1,4937,5029,4938,-1,4946,4938,5027,-1,5027,4938,5029,-1,4946,5027,5026,-1,4946,5026,4947,-1,4947,5026,5039,-1,4947,5039,4948,-1,4948,5039,5038,-1,4948,5038,4949,-1,4949,5038,5037,-1,4949,5037,4950,-1,4950,5037,5036,-1,4950,5036,4951,-1,4951,5036,4863,-1,4951,4863,4861,-1,4957,4869,4954,-1,4954,4869,4866,-1,4869,4957,4980,-1,4869,4980,4907,-1,4907,4980,4971,-1,4907,4971,4880,-1,5040,5041,5042,-1,5042,5041,5043,-1,5044,5045,5046,-1,5047,5048,5049,-1,5050,5051,5052,-1,5053,5054,5055,-1,5055,5054,5056,-1,5055,5056,5057,-1,5057,5056,5058,-1,5049,5048,5046,-1,5046,5048,5059,-1,5046,5059,5044,-1,5060,5061,5062,-1,5045,5063,5046,-1,5046,5063,5064,-1,5046,5064,5065,-1,5066,5067,5068,-1,5051,5069,5052,-1,5052,5069,5070,-1,5052,5070,5053,-1,5053,5070,5071,-1,5053,5071,5054,-1,5072,5073,5074,-1,5075,5076,5068,-1,5068,5076,5077,-1,5068,5077,5066,-1,5078,5079,5080,-1,5080,5079,5081,-1,5080,5081,5082,-1,5082,5081,5083,-1,5082,5083,5084,-1,5084,5083,5085,-1,5084,5085,5086,-1,5049,5087,5047,-1,5047,5087,5060,-1,5047,5060,5074,-1,5074,5060,5062,-1,5074,5062,5072,-1,5077,5088,5066,-1,5066,5088,5089,-1,5066,5089,5090,-1,5050,5052,5091,-1,5091,5052,5092,-1,5091,5092,5068,-1,5068,5092,5093,-1,5068,5093,5075,-1,5058,5056,5094,-1,5094,5056,5095,-1,5094,5095,5096,-1,5096,5095,5097,-1,5096,5097,5098,-1,5098,5097,5099,-1,5098,5099,5080,-1,5080,5099,5100,-1,5080,5100,5078,-1,5101,5102,5073,-1,5073,5102,5103,-1,5073,5103,5074,-1,5104,5040,5105,-1,5105,5040,5106,-1,5105,5106,5107,-1,5090,5108,5066,-1,5066,5108,5109,-1,5066,5109,5110,-1,5065,5111,5046,-1,5046,5111,5112,-1,5046,5112,5106,-1,5106,5112,5113,-1,5106,5113,5107,-1,5086,5114,5084,-1,5084,5114,5115,-1,5084,5115,5116,-1,5117,5118,5041,-1,5104,5084,5040,-1,5040,5084,5116,-1,5040,5116,5041,-1,5041,5116,5119,-1,5041,5119,5120,-1,5120,5121,5041,-1,5041,5121,5122,-1,5041,5122,5123,-1,5123,5124,5041,-1,5041,5124,5125,-1,5041,5125,5117,-1,5118,5126,5041,-1,5041,5126,5127,-1,5041,5127,5128,-1,5129,5130,5128,-1,5128,5130,5131,-1,5128,5131,5041,-1,5132,5133,5134,-1,5133,5135,5134,-1,5134,5135,5136,-1,5134,5136,5137,-1,5138,5139,5140,-1,5140,5139,5141,-1,5142,5143,5141,-1,5143,5144,5141,-1,5141,5144,5145,-1,5141,5145,5140,-1,5146,5147,5134,-1,5134,5147,5148,-1,5134,5148,5132,-1,5149,5150,5151,-1,5152,5153,5154,-1,5155,5156,5138,-1,5138,5156,5157,-1,5138,5157,5139,-1,5136,5158,5137,-1,5137,5158,5159,-1,5137,5159,5160,-1,5160,5159,5151,-1,5154,5153,5161,-1,5155,5162,5163,-1,5141,5164,5142,-1,5142,5164,5165,-1,5142,5165,5166,-1,5166,5165,5167,-1,5166,5167,5168,-1,5151,5159,5149,-1,5149,5159,5169,-1,5149,5169,5170,-1,5171,5172,5173,-1,5174,5175,5154,-1,5154,5175,5176,-1,5154,5176,5152,-1,5177,5178,5179,-1,5162,5155,5153,-1,5153,5155,5180,-1,5153,5180,5161,-1,5163,5181,5155,-1,5155,5181,5182,-1,5155,5182,5156,-1,5168,5183,5166,-1,5166,5183,5184,-1,5166,5184,5185,-1,5185,5184,5186,-1,5185,5186,5187,-1,5187,5186,5177,-1,5187,5177,5188,-1,5188,5177,5179,-1,5177,5189,5178,-1,5178,5189,5190,-1,5178,5190,5191,-1,5191,5190,5192,-1,5170,5169,5173,-1,5173,5169,5193,-1,5173,5193,5171,-1,5154,5194,5042,-1,5042,5194,5195,-1,5042,5195,5196,-1,5195,5197,5196,-1,5196,5197,5198,-1,5196,5198,5134,-1,5134,5198,5199,-1,5134,5199,5146,-1,5190,5200,5201,-1,5043,5202,5203,-1,5201,5204,5190,-1,5190,5204,5205,-1,5190,5205,5192,-1,5206,5207,5208,-1,5207,5209,5208,-1,5208,5209,5210,-1,5208,5210,5211,-1,5209,5212,5210,-1,5210,5212,5213,-1,5210,5213,5214,-1,5214,5213,5215,-1,5174,5154,5203,-1,5203,5154,5042,-1,5203,5042,5043,-1,5202,5043,5208,-1,5208,5043,5216,-1,5208,5216,5217,-1,5217,5218,5208,-1,5208,5218,5219,-1,5208,5219,5206,-1,5061,5060,5150,-1,5150,5060,5151,-1,5062,5061,5149,-1,5149,5061,5150,-1,5062,5149,5170,-1,5062,5170,5072,-1,5072,5170,5173,-1,5072,5173,5073,-1,5073,5173,5172,-1,5073,5172,5101,-1,5101,5172,5171,-1,5101,5171,5102,-1,5102,5171,5193,-1,5102,5193,5103,-1,5103,5193,5169,-1,5103,5169,5074,-1,5047,5074,5159,-1,5159,5074,5169,-1,5047,5159,5048,-1,5048,5159,5158,-1,5048,5158,5059,-1,5059,5158,5136,-1,5059,5136,5044,-1,5044,5136,5135,-1,5044,5135,5045,-1,5045,5135,5133,-1,5045,5133,5063,-1,5063,5133,5132,-1,5064,5063,5148,-1,5148,5063,5132,-1,5064,5148,5147,-1,5064,5147,5065,-1,5065,5147,5146,-1,5065,5146,5111,-1,5111,5146,5199,-1,5111,5199,5112,-1,5112,5199,5198,-1,5112,5198,5113,-1,5113,5198,5197,-1,5113,5197,5107,-1,5105,5107,5195,-1,5195,5107,5197,-1,5105,5195,5104,-1,5104,5195,5194,-1,5104,5194,5084,-1,5084,5194,5154,-1,5084,5154,5082,-1,5082,5154,5161,-1,5082,5161,5080,-1,5080,5161,5180,-1,5080,5180,5098,-1,5098,5180,5155,-1,5096,5098,5138,-1,5138,5098,5155,-1,5096,5138,5140,-1,5096,5140,5094,-1,5094,5140,5145,-1,5094,5145,5058,-1,5058,5145,5144,-1,5058,5144,5057,-1,5057,5144,5143,-1,5057,5143,5055,-1,5055,5143,5142,-1,5055,5142,5053,-1,5052,5053,5166,-1,5166,5053,5142,-1,5052,5166,5185,-1,5052,5185,5092,-1,5092,5185,5187,-1,5092,5187,5093,-1,5093,5187,5188,-1,5093,5188,5075,-1,5075,5188,5179,-1,5075,5179,5076,-1,5076,5179,5178,-1,5076,5178,5077,-1,5077,5178,5191,-1,5077,5191,5088,-1,5089,5088,5192,-1,5192,5088,5191,-1,5089,5192,5205,-1,5089,5205,5090,-1,5090,5205,5204,-1,5090,5204,5108,-1,5108,5204,5201,-1,5108,5201,5109,-1,5109,5201,5200,-1,5109,5200,5110,-1,5110,5200,5190,-1,5110,5190,5066,-1,5067,5066,5189,-1,5189,5066,5190,-1,5068,5067,5177,-1,5177,5067,5189,-1,5068,5177,5091,-1,5091,5177,5186,-1,5091,5186,5050,-1,5050,5186,5184,-1,5050,5184,5051,-1,5051,5184,5183,-1,5051,5183,5069,-1,5069,5183,5168,-1,5069,5168,5070,-1,5070,5168,5167,-1,5071,5070,5165,-1,5165,5070,5167,-1,5071,5165,5054,-1,5054,5165,5164,-1,5054,5164,5056,-1,5056,5164,5141,-1,5056,5141,5095,-1,5095,5141,5139,-1,5095,5139,5097,-1,5097,5139,5157,-1,5097,5157,5099,-1,5099,5157,5156,-1,5099,5156,5100,-1,5100,5156,5182,-1,5078,5100,5181,-1,5181,5100,5182,-1,5078,5181,5079,-1,5079,5181,5163,-1,5079,5163,5081,-1,5081,5163,5162,-1,5081,5162,5083,-1,5083,5162,5153,-1,5083,5153,5085,-1,5085,5153,5152,-1,5085,5152,5086,-1,5086,5152,5176,-1,5086,5176,5114,-1,5114,5176,5175,-1,5114,5175,5115,-1,5115,5175,5174,-1,5116,5115,5203,-1,5203,5115,5174,-1,5116,5203,5119,-1,5119,5203,5202,-1,5119,5202,5120,-1,5120,5202,5208,-1,5121,5120,5211,-1,5211,5120,5208,-1,5122,5121,5210,-1,5210,5121,5211,-1,5122,5210,5214,-1,5122,5214,5123,-1,5123,5214,5215,-1,5123,5215,5124,-1,5124,5215,5213,-1,5124,5213,5125,-1,5125,5213,5212,-1,5125,5212,5117,-1,5117,5212,5209,-1,5117,5209,5118,-1,5126,5118,5207,-1,5207,5118,5209,-1,5126,5207,5206,-1,5126,5206,5127,-1,5127,5206,5219,-1,5127,5219,5128,-1,5128,5219,5218,-1,5128,5218,5129,-1,5129,5218,5217,-1,5129,5217,5130,-1,5130,5217,5216,-1,5130,5216,5131,-1,5131,5216,5043,-1,5131,5043,5041,-1,5137,5049,5134,-1,5134,5049,5046,-1,5049,5137,5160,-1,5049,5160,5087,-1,5087,5160,5151,-1,5087,5151,5060,-1,5220,5221,5222,-1,5222,5221,5223,-1,5224,5225,5226,-1,5227,5228,5229,-1,5230,5231,5232,-1,5233,5234,5235,-1,5235,5234,5236,-1,5235,5236,5237,-1,5237,5236,5238,-1,5229,5228,5226,-1,5226,5228,5239,-1,5226,5239,5224,-1,5240,5241,5242,-1,5225,5243,5226,-1,5226,5243,5244,-1,5226,5244,5245,-1,5246,5247,5248,-1,5231,5249,5232,-1,5232,5249,5250,-1,5232,5250,5233,-1,5233,5250,5251,-1,5233,5251,5234,-1,5252,5253,5254,-1,5255,5256,5248,-1,5248,5256,5257,-1,5248,5257,5246,-1,5258,5259,5260,-1,5260,5259,5261,-1,5260,5261,5262,-1,5262,5261,5263,-1,5262,5263,5264,-1,5264,5263,5265,-1,5264,5265,5266,-1,5229,5267,5227,-1,5227,5267,5240,-1,5227,5240,5254,-1,5254,5240,5242,-1,5254,5242,5252,-1,5257,5268,5246,-1,5246,5268,5269,-1,5246,5269,5270,-1,5230,5232,5271,-1,5271,5232,5272,-1,5271,5272,5248,-1,5248,5272,5273,-1,5248,5273,5255,-1,5238,5236,5274,-1,5274,5236,5275,-1,5274,5275,5276,-1,5276,5275,5277,-1,5276,5277,5278,-1,5278,5277,5279,-1,5278,5279,5260,-1,5260,5279,5280,-1,5260,5280,5258,-1,5281,5282,5253,-1,5253,5282,5283,-1,5253,5283,5254,-1,5284,5220,5285,-1,5285,5220,5286,-1,5285,5286,5287,-1,5270,5288,5246,-1,5246,5288,5289,-1,5246,5289,5290,-1,5245,5291,5226,-1,5226,5291,5292,-1,5226,5292,5286,-1,5286,5292,5293,-1,5286,5293,5287,-1,5266,5294,5264,-1,5264,5294,5295,-1,5264,5295,5296,-1,5297,5298,5221,-1,5284,5264,5220,-1,5220,5264,5296,-1,5220,5296,5221,-1,5221,5296,5299,-1,5221,5299,5300,-1,5300,5301,5221,-1,5221,5301,5302,-1,5221,5302,5303,-1,5303,5304,5221,-1,5221,5304,5305,-1,5221,5305,5297,-1,5298,5306,5221,-1,5221,5306,5307,-1,5221,5307,5308,-1,5309,5310,5308,-1,5308,5310,5311,-1,5308,5311,5221,-1,5312,5313,5314,-1,5313,5315,5314,-1,5314,5315,5316,-1,5314,5316,5317,-1,5318,5319,5320,-1,5320,5319,5321,-1,5322,5323,5321,-1,5323,5324,5321,-1,5321,5324,5325,-1,5321,5325,5320,-1,5326,5327,5314,-1,5314,5327,5328,-1,5314,5328,5312,-1,5329,5330,5331,-1,5332,5333,5334,-1,5335,5336,5318,-1,5318,5336,5337,-1,5318,5337,5319,-1,5316,5338,5317,-1,5317,5338,5339,-1,5317,5339,5340,-1,5340,5339,5331,-1,5334,5333,5341,-1,5335,5342,5343,-1,5321,5344,5322,-1,5322,5344,5345,-1,5322,5345,5346,-1,5346,5345,5347,-1,5346,5347,5348,-1,5331,5339,5329,-1,5329,5339,5349,-1,5329,5349,5350,-1,5351,5352,5353,-1,5354,5355,5334,-1,5334,5355,5356,-1,5334,5356,5332,-1,5357,5358,5359,-1,5342,5335,5333,-1,5333,5335,5360,-1,5333,5360,5341,-1,5343,5361,5335,-1,5335,5361,5362,-1,5335,5362,5336,-1,5348,5363,5346,-1,5346,5363,5364,-1,5346,5364,5365,-1,5365,5364,5366,-1,5365,5366,5367,-1,5367,5366,5357,-1,5367,5357,5368,-1,5368,5357,5359,-1,5357,5369,5358,-1,5358,5369,5370,-1,5358,5370,5371,-1,5371,5370,5372,-1,5350,5349,5353,-1,5353,5349,5373,-1,5353,5373,5351,-1,5334,5374,5222,-1,5222,5374,5375,-1,5222,5375,5376,-1,5375,5377,5376,-1,5376,5377,5378,-1,5376,5378,5314,-1,5314,5378,5379,-1,5314,5379,5326,-1,5370,5380,5381,-1,5223,5382,5383,-1,5381,5384,5370,-1,5370,5384,5385,-1,5370,5385,5372,-1,5386,5387,5388,-1,5387,5389,5388,-1,5388,5389,5390,-1,5388,5390,5391,-1,5389,5392,5390,-1,5390,5392,5393,-1,5390,5393,5394,-1,5394,5393,5395,-1,5354,5334,5383,-1,5383,5334,5222,-1,5383,5222,5223,-1,5382,5223,5388,-1,5388,5223,5396,-1,5388,5396,5397,-1,5397,5398,5388,-1,5388,5398,5399,-1,5388,5399,5386,-1,5241,5240,5330,-1,5330,5240,5331,-1,5242,5241,5329,-1,5329,5241,5330,-1,5242,5329,5350,-1,5242,5350,5252,-1,5252,5350,5353,-1,5252,5353,5253,-1,5253,5353,5352,-1,5253,5352,5281,-1,5281,5352,5351,-1,5281,5351,5282,-1,5282,5351,5373,-1,5282,5373,5283,-1,5283,5373,5349,-1,5283,5349,5254,-1,5227,5254,5339,-1,5339,5254,5349,-1,5227,5339,5228,-1,5228,5339,5338,-1,5228,5338,5239,-1,5239,5338,5316,-1,5239,5316,5224,-1,5224,5316,5315,-1,5224,5315,5225,-1,5225,5315,5313,-1,5225,5313,5243,-1,5243,5313,5312,-1,5244,5243,5328,-1,5328,5243,5312,-1,5244,5328,5327,-1,5244,5327,5245,-1,5245,5327,5326,-1,5245,5326,5291,-1,5291,5326,5379,-1,5291,5379,5292,-1,5292,5379,5378,-1,5292,5378,5293,-1,5293,5378,5377,-1,5293,5377,5287,-1,5285,5287,5375,-1,5375,5287,5377,-1,5285,5375,5284,-1,5284,5375,5374,-1,5284,5374,5264,-1,5264,5374,5334,-1,5264,5334,5262,-1,5262,5334,5341,-1,5262,5341,5260,-1,5260,5341,5360,-1,5260,5360,5278,-1,5278,5360,5335,-1,5276,5278,5318,-1,5318,5278,5335,-1,5276,5318,5320,-1,5276,5320,5274,-1,5274,5320,5325,-1,5274,5325,5238,-1,5238,5325,5324,-1,5238,5324,5237,-1,5237,5324,5323,-1,5237,5323,5235,-1,5235,5323,5322,-1,5235,5322,5233,-1,5232,5233,5346,-1,5346,5233,5322,-1,5232,5346,5365,-1,5232,5365,5272,-1,5272,5365,5367,-1,5272,5367,5273,-1,5273,5367,5368,-1,5273,5368,5255,-1,5255,5368,5359,-1,5255,5359,5256,-1,5256,5359,5358,-1,5256,5358,5257,-1,5257,5358,5371,-1,5257,5371,5268,-1,5269,5268,5372,-1,5372,5268,5371,-1,5269,5372,5385,-1,5269,5385,5270,-1,5270,5385,5384,-1,5270,5384,5288,-1,5288,5384,5381,-1,5288,5381,5289,-1,5289,5381,5380,-1,5289,5380,5290,-1,5290,5380,5370,-1,5290,5370,5246,-1,5247,5246,5369,-1,5369,5246,5370,-1,5248,5247,5357,-1,5357,5247,5369,-1,5248,5357,5271,-1,5271,5357,5366,-1,5271,5366,5230,-1,5230,5366,5364,-1,5230,5364,5231,-1,5231,5364,5363,-1,5231,5363,5249,-1,5249,5363,5348,-1,5249,5348,5250,-1,5250,5348,5347,-1,5251,5250,5345,-1,5345,5250,5347,-1,5251,5345,5234,-1,5234,5345,5344,-1,5234,5344,5236,-1,5236,5344,5321,-1,5236,5321,5275,-1,5275,5321,5319,-1,5275,5319,5277,-1,5277,5319,5337,-1,5277,5337,5279,-1,5279,5337,5336,-1,5279,5336,5280,-1,5280,5336,5362,-1,5258,5280,5361,-1,5361,5280,5362,-1,5258,5361,5259,-1,5259,5361,5343,-1,5259,5343,5261,-1,5261,5343,5342,-1,5261,5342,5263,-1,5263,5342,5333,-1,5263,5333,5265,-1,5265,5333,5332,-1,5265,5332,5266,-1,5266,5332,5356,-1,5266,5356,5294,-1,5294,5356,5355,-1,5294,5355,5295,-1,5295,5355,5354,-1,5296,5295,5383,-1,5383,5295,5354,-1,5296,5383,5299,-1,5299,5383,5382,-1,5299,5382,5300,-1,5300,5382,5388,-1,5301,5300,5391,-1,5391,5300,5388,-1,5302,5301,5390,-1,5390,5301,5391,-1,5302,5390,5394,-1,5302,5394,5303,-1,5303,5394,5395,-1,5303,5395,5304,-1,5304,5395,5393,-1,5304,5393,5305,-1,5305,5393,5392,-1,5305,5392,5297,-1,5297,5392,5389,-1,5297,5389,5298,-1,5306,5298,5387,-1,5387,5298,5389,-1,5306,5387,5386,-1,5306,5386,5307,-1,5307,5386,5399,-1,5307,5399,5308,-1,5308,5399,5398,-1,5308,5398,5309,-1,5309,5398,5397,-1,5309,5397,5310,-1,5310,5397,5396,-1,5310,5396,5311,-1,5311,5396,5223,-1,5311,5223,5221,-1,5317,5229,5314,-1,5314,5229,5226,-1,5229,5317,5340,-1,5229,5340,5267,-1,5267,5340,5331,-1,5267,5331,5240,-1,5400,5401,5402,-1,5402,5401,5403,-1,5404,5405,5406,-1,5407,5408,5409,-1,5410,5411,5412,-1,5413,5414,5415,-1,5415,5414,5416,-1,5415,5416,5417,-1,5417,5416,5418,-1,5409,5408,5406,-1,5406,5408,5419,-1,5406,5419,5404,-1,5420,5421,5422,-1,5405,5423,5406,-1,5406,5423,5424,-1,5406,5424,5425,-1,5426,5427,5428,-1,5411,5429,5412,-1,5412,5429,5430,-1,5412,5430,5413,-1,5413,5430,5431,-1,5413,5431,5414,-1,5432,5433,5434,-1,5435,5436,5428,-1,5428,5436,5437,-1,5428,5437,5426,-1,5438,5439,5440,-1,5440,5439,5441,-1,5440,5441,5442,-1,5442,5441,5443,-1,5442,5443,5444,-1,5444,5443,5445,-1,5444,5445,5446,-1,5409,5447,5407,-1,5407,5447,5420,-1,5407,5420,5434,-1,5434,5420,5422,-1,5434,5422,5432,-1,5437,5448,5426,-1,5426,5448,5449,-1,5426,5449,5450,-1,5410,5412,5451,-1,5451,5412,5452,-1,5451,5452,5428,-1,5428,5452,5453,-1,5428,5453,5435,-1,5418,5416,5454,-1,5454,5416,5455,-1,5454,5455,5456,-1,5456,5455,5457,-1,5456,5457,5458,-1,5458,5457,5459,-1,5458,5459,5440,-1,5440,5459,5460,-1,5440,5460,5438,-1,5461,5462,5433,-1,5433,5462,5463,-1,5433,5463,5434,-1,5464,5400,5465,-1,5465,5400,5466,-1,5465,5466,5467,-1,5450,5468,5426,-1,5426,5468,5469,-1,5426,5469,5470,-1,5425,5471,5406,-1,5406,5471,5472,-1,5406,5472,5466,-1,5466,5472,5473,-1,5466,5473,5467,-1,5446,5474,5444,-1,5444,5474,5475,-1,5444,5475,5476,-1,5477,5478,5401,-1,5464,5444,5400,-1,5400,5444,5476,-1,5400,5476,5401,-1,5401,5476,5479,-1,5401,5479,5480,-1,5480,5481,5401,-1,5401,5481,5482,-1,5401,5482,5483,-1,5483,5484,5401,-1,5401,5484,5485,-1,5401,5485,5477,-1,5478,5486,5401,-1,5401,5486,5487,-1,5401,5487,5488,-1,5489,5490,5488,-1,5488,5490,5491,-1,5488,5491,5401,-1,5492,5493,5494,-1,5493,5495,5494,-1,5494,5495,5496,-1,5494,5496,5497,-1,5498,5499,5500,-1,5500,5499,5501,-1,5502,5503,5501,-1,5503,5504,5501,-1,5501,5504,5505,-1,5501,5505,5500,-1,5506,5507,5494,-1,5494,5507,5508,-1,5494,5508,5492,-1,5509,5510,5511,-1,5512,5513,5514,-1,5515,5516,5498,-1,5498,5516,5517,-1,5498,5517,5499,-1,5496,5518,5497,-1,5497,5518,5519,-1,5497,5519,5520,-1,5520,5519,5511,-1,5514,5513,5521,-1,5515,5522,5523,-1,5501,5524,5502,-1,5502,5524,5525,-1,5502,5525,5526,-1,5526,5525,5527,-1,5526,5527,5528,-1,5511,5519,5509,-1,5509,5519,5529,-1,5509,5529,5530,-1,5531,5532,5533,-1,5534,5535,5514,-1,5514,5535,5536,-1,5514,5536,5512,-1,5537,5538,5539,-1,5522,5515,5513,-1,5513,5515,5540,-1,5513,5540,5521,-1,5523,5541,5515,-1,5515,5541,5542,-1,5515,5542,5516,-1,5528,5543,5526,-1,5526,5543,5544,-1,5526,5544,5545,-1,5545,5544,5546,-1,5545,5546,5547,-1,5547,5546,5537,-1,5547,5537,5548,-1,5548,5537,5539,-1,5537,5549,5538,-1,5538,5549,5550,-1,5538,5550,5551,-1,5551,5550,5552,-1,5530,5529,5533,-1,5533,5529,5553,-1,5533,5553,5531,-1,5514,5554,5402,-1,5402,5554,5555,-1,5402,5555,5556,-1,5555,5557,5556,-1,5556,5557,5558,-1,5556,5558,5494,-1,5494,5558,5559,-1,5494,5559,5506,-1,5550,5560,5561,-1,5403,5562,5563,-1,5561,5564,5550,-1,5550,5564,5565,-1,5550,5565,5552,-1,5566,5567,5568,-1,5567,5569,5568,-1,5568,5569,5570,-1,5568,5570,5571,-1,5569,5572,5570,-1,5570,5572,5573,-1,5570,5573,5574,-1,5574,5573,5575,-1,5534,5514,5563,-1,5563,5514,5402,-1,5563,5402,5403,-1,5562,5403,5568,-1,5568,5403,5576,-1,5568,5576,5577,-1,5577,5578,5568,-1,5568,5578,5579,-1,5568,5579,5566,-1,5421,5420,5510,-1,5510,5420,5511,-1,5422,5421,5509,-1,5509,5421,5510,-1,5422,5509,5530,-1,5422,5530,5432,-1,5432,5530,5533,-1,5432,5533,5433,-1,5433,5533,5532,-1,5433,5532,5461,-1,5461,5532,5531,-1,5461,5531,5462,-1,5462,5531,5553,-1,5462,5553,5463,-1,5463,5553,5529,-1,5463,5529,5434,-1,5407,5434,5519,-1,5519,5434,5529,-1,5407,5519,5408,-1,5408,5519,5518,-1,5408,5518,5419,-1,5419,5518,5496,-1,5419,5496,5404,-1,5404,5496,5495,-1,5404,5495,5405,-1,5405,5495,5493,-1,5405,5493,5423,-1,5423,5493,5492,-1,5424,5423,5508,-1,5508,5423,5492,-1,5424,5508,5507,-1,5424,5507,5425,-1,5425,5507,5506,-1,5425,5506,5471,-1,5471,5506,5559,-1,5471,5559,5472,-1,5472,5559,5558,-1,5472,5558,5473,-1,5473,5558,5557,-1,5473,5557,5467,-1,5465,5467,5555,-1,5555,5467,5557,-1,5465,5555,5464,-1,5464,5555,5554,-1,5464,5554,5444,-1,5444,5554,5514,-1,5444,5514,5442,-1,5442,5514,5521,-1,5442,5521,5440,-1,5440,5521,5540,-1,5440,5540,5458,-1,5458,5540,5515,-1,5456,5458,5498,-1,5498,5458,5515,-1,5456,5498,5500,-1,5456,5500,5454,-1,5454,5500,5505,-1,5454,5505,5418,-1,5418,5505,5504,-1,5418,5504,5417,-1,5417,5504,5503,-1,5417,5503,5415,-1,5415,5503,5502,-1,5415,5502,5413,-1,5412,5413,5526,-1,5526,5413,5502,-1,5412,5526,5545,-1,5412,5545,5452,-1,5452,5545,5547,-1,5452,5547,5453,-1,5453,5547,5548,-1,5453,5548,5435,-1,5435,5548,5539,-1,5435,5539,5436,-1,5436,5539,5538,-1,5436,5538,5437,-1,5437,5538,5551,-1,5437,5551,5448,-1,5449,5448,5552,-1,5552,5448,5551,-1,5449,5552,5565,-1,5449,5565,5450,-1,5450,5565,5564,-1,5450,5564,5468,-1,5468,5564,5561,-1,5468,5561,5469,-1,5469,5561,5560,-1,5469,5560,5470,-1,5470,5560,5550,-1,5470,5550,5426,-1,5427,5426,5549,-1,5549,5426,5550,-1,5428,5427,5537,-1,5537,5427,5549,-1,5428,5537,5451,-1,5451,5537,5546,-1,5451,5546,5410,-1,5410,5546,5544,-1,5410,5544,5411,-1,5411,5544,5543,-1,5411,5543,5429,-1,5429,5543,5528,-1,5429,5528,5430,-1,5430,5528,5527,-1,5431,5430,5525,-1,5525,5430,5527,-1,5431,5525,5414,-1,5414,5525,5524,-1,5414,5524,5416,-1,5416,5524,5501,-1,5416,5501,5455,-1,5455,5501,5499,-1,5455,5499,5457,-1,5457,5499,5517,-1,5457,5517,5459,-1,5459,5517,5516,-1,5459,5516,5460,-1,5460,5516,5542,-1,5438,5460,5541,-1,5541,5460,5542,-1,5438,5541,5439,-1,5439,5541,5523,-1,5439,5523,5441,-1,5441,5523,5522,-1,5441,5522,5443,-1,5443,5522,5513,-1,5443,5513,5445,-1,5445,5513,5512,-1,5445,5512,5446,-1,5446,5512,5536,-1,5446,5536,5474,-1,5474,5536,5535,-1,5474,5535,5475,-1,5475,5535,5534,-1,5476,5475,5563,-1,5563,5475,5534,-1,5476,5563,5479,-1,5479,5563,5562,-1,5479,5562,5480,-1,5480,5562,5568,-1,5481,5480,5571,-1,5571,5480,5568,-1,5482,5481,5570,-1,5570,5481,5571,-1,5482,5570,5574,-1,5482,5574,5483,-1,5483,5574,5575,-1,5483,5575,5484,-1,5484,5575,5573,-1,5484,5573,5485,-1,5485,5573,5572,-1,5485,5572,5477,-1,5477,5572,5569,-1,5477,5569,5478,-1,5486,5478,5567,-1,5567,5478,5569,-1,5486,5567,5566,-1,5486,5566,5487,-1,5487,5566,5579,-1,5487,5579,5488,-1,5488,5579,5578,-1,5488,5578,5489,-1,5489,5578,5577,-1,5489,5577,5490,-1,5490,5577,5576,-1,5490,5576,5491,-1,5491,5576,5403,-1,5491,5403,5401,-1,5497,5409,5494,-1,5494,5409,5406,-1,5409,5497,5520,-1,5409,5520,5447,-1,5447,5520,5511,-1,5447,5511,5420,-1,5580,5581,5582,-1,5582,5581,5583,-1,5584,5585,5586,-1,5587,5588,5589,-1,5590,5591,5592,-1,5593,5594,5595,-1,5595,5594,5596,-1,5595,5596,5597,-1,5597,5596,5598,-1,5589,5588,5586,-1,5586,5588,5599,-1,5586,5599,5584,-1,5600,5601,5602,-1,5585,5603,5586,-1,5586,5603,5604,-1,5586,5604,5605,-1,5606,5607,5608,-1,5591,5609,5592,-1,5592,5609,5610,-1,5592,5610,5593,-1,5593,5610,5611,-1,5593,5611,5594,-1,5612,5613,5614,-1,5615,5616,5608,-1,5608,5616,5617,-1,5608,5617,5606,-1,5618,5619,5620,-1,5620,5619,5621,-1,5620,5621,5622,-1,5622,5621,5623,-1,5622,5623,5624,-1,5624,5623,5625,-1,5624,5625,5626,-1,5589,5627,5587,-1,5587,5627,5600,-1,5587,5600,5614,-1,5614,5600,5602,-1,5614,5602,5612,-1,5617,5628,5606,-1,5606,5628,5629,-1,5606,5629,5630,-1,5590,5592,5631,-1,5631,5592,5632,-1,5631,5632,5608,-1,5608,5632,5633,-1,5608,5633,5615,-1,5598,5596,5634,-1,5634,5596,5635,-1,5634,5635,5636,-1,5636,5635,5637,-1,5636,5637,5638,-1,5638,5637,5639,-1,5638,5639,5620,-1,5620,5639,5640,-1,5620,5640,5618,-1,5641,5642,5613,-1,5613,5642,5643,-1,5613,5643,5614,-1,5644,5580,5645,-1,5645,5580,5646,-1,5645,5646,5647,-1,5630,5648,5606,-1,5606,5648,5649,-1,5606,5649,5650,-1,5605,5651,5586,-1,5586,5651,5652,-1,5586,5652,5646,-1,5646,5652,5653,-1,5646,5653,5647,-1,5626,5654,5624,-1,5624,5654,5655,-1,5624,5655,5656,-1,5657,5658,5581,-1,5644,5624,5580,-1,5580,5624,5656,-1,5580,5656,5581,-1,5581,5656,5659,-1,5581,5659,5660,-1,5660,5661,5581,-1,5581,5661,5662,-1,5581,5662,5663,-1,5663,5664,5581,-1,5581,5664,5665,-1,5581,5665,5657,-1,5658,5666,5581,-1,5581,5666,5667,-1,5581,5667,5668,-1,5669,5670,5668,-1,5668,5670,5671,-1,5668,5671,5581,-1,5672,5673,5674,-1,5673,5675,5674,-1,5674,5675,5676,-1,5674,5676,5677,-1,5678,5679,5680,-1,5680,5679,5681,-1,5682,5683,5681,-1,5683,5684,5681,-1,5681,5684,5685,-1,5681,5685,5680,-1,5686,5687,5674,-1,5674,5687,5688,-1,5674,5688,5672,-1,5689,5690,5691,-1,5692,5693,5694,-1,5695,5696,5678,-1,5678,5696,5697,-1,5678,5697,5679,-1,5676,5698,5677,-1,5677,5698,5699,-1,5677,5699,5700,-1,5700,5699,5691,-1,5694,5693,5701,-1,5695,5702,5703,-1,5681,5704,5682,-1,5682,5704,5705,-1,5682,5705,5706,-1,5706,5705,5707,-1,5706,5707,5708,-1,5691,5699,5689,-1,5689,5699,5709,-1,5689,5709,5710,-1,5711,5712,5713,-1,5714,5715,5694,-1,5694,5715,5716,-1,5694,5716,5692,-1,5717,5718,5719,-1,5702,5695,5693,-1,5693,5695,5720,-1,5693,5720,5701,-1,5703,5721,5695,-1,5695,5721,5722,-1,5695,5722,5696,-1,5708,5723,5706,-1,5706,5723,5724,-1,5706,5724,5725,-1,5725,5724,5726,-1,5725,5726,5727,-1,5727,5726,5717,-1,5727,5717,5728,-1,5728,5717,5719,-1,5717,5729,5718,-1,5718,5729,5730,-1,5718,5730,5731,-1,5731,5730,5732,-1,5710,5709,5713,-1,5713,5709,5733,-1,5713,5733,5711,-1,5694,5734,5582,-1,5582,5734,5735,-1,5582,5735,5736,-1,5735,5737,5736,-1,5736,5737,5738,-1,5736,5738,5674,-1,5674,5738,5739,-1,5674,5739,5686,-1,5730,5740,5741,-1,5583,5742,5743,-1,5741,5744,5730,-1,5730,5744,5745,-1,5730,5745,5732,-1,5746,5747,5748,-1,5747,5749,5748,-1,5748,5749,5750,-1,5748,5750,5751,-1,5749,5752,5750,-1,5750,5752,5753,-1,5750,5753,5754,-1,5754,5753,5755,-1,5714,5694,5743,-1,5743,5694,5582,-1,5743,5582,5583,-1,5742,5583,5748,-1,5748,5583,5756,-1,5748,5756,5757,-1,5757,5758,5748,-1,5748,5758,5759,-1,5748,5759,5746,-1,5601,5600,5690,-1,5690,5600,5691,-1,5602,5601,5689,-1,5689,5601,5690,-1,5602,5689,5710,-1,5602,5710,5612,-1,5612,5710,5713,-1,5612,5713,5613,-1,5613,5713,5712,-1,5613,5712,5641,-1,5641,5712,5711,-1,5641,5711,5642,-1,5642,5711,5733,-1,5642,5733,5643,-1,5643,5733,5709,-1,5643,5709,5614,-1,5587,5614,5699,-1,5699,5614,5709,-1,5587,5699,5588,-1,5588,5699,5698,-1,5588,5698,5599,-1,5599,5698,5676,-1,5599,5676,5584,-1,5584,5676,5675,-1,5584,5675,5585,-1,5585,5675,5673,-1,5585,5673,5603,-1,5603,5673,5672,-1,5604,5603,5688,-1,5688,5603,5672,-1,5604,5688,5687,-1,5604,5687,5605,-1,5605,5687,5686,-1,5605,5686,5651,-1,5651,5686,5739,-1,5651,5739,5652,-1,5652,5739,5738,-1,5652,5738,5653,-1,5653,5738,5737,-1,5653,5737,5647,-1,5645,5647,5735,-1,5735,5647,5737,-1,5645,5735,5644,-1,5644,5735,5734,-1,5644,5734,5624,-1,5624,5734,5694,-1,5624,5694,5622,-1,5622,5694,5701,-1,5622,5701,5620,-1,5620,5701,5720,-1,5620,5720,5638,-1,5638,5720,5695,-1,5636,5638,5678,-1,5678,5638,5695,-1,5636,5678,5680,-1,5636,5680,5634,-1,5634,5680,5685,-1,5634,5685,5598,-1,5598,5685,5684,-1,5598,5684,5597,-1,5597,5684,5683,-1,5597,5683,5595,-1,5595,5683,5682,-1,5595,5682,5593,-1,5592,5593,5706,-1,5706,5593,5682,-1,5592,5706,5725,-1,5592,5725,5632,-1,5632,5725,5727,-1,5632,5727,5633,-1,5633,5727,5728,-1,5633,5728,5615,-1,5615,5728,5719,-1,5615,5719,5616,-1,5616,5719,5718,-1,5616,5718,5617,-1,5617,5718,5731,-1,5617,5731,5628,-1,5629,5628,5732,-1,5732,5628,5731,-1,5629,5732,5745,-1,5629,5745,5630,-1,5630,5745,5744,-1,5630,5744,5648,-1,5648,5744,5741,-1,5648,5741,5649,-1,5649,5741,5740,-1,5649,5740,5650,-1,5650,5740,5730,-1,5650,5730,5606,-1,5607,5606,5729,-1,5729,5606,5730,-1,5608,5607,5717,-1,5717,5607,5729,-1,5608,5717,5631,-1,5631,5717,5726,-1,5631,5726,5590,-1,5590,5726,5724,-1,5590,5724,5591,-1,5591,5724,5723,-1,5591,5723,5609,-1,5609,5723,5708,-1,5609,5708,5610,-1,5610,5708,5707,-1,5611,5610,5705,-1,5705,5610,5707,-1,5611,5705,5594,-1,5594,5705,5704,-1,5594,5704,5596,-1,5596,5704,5681,-1,5596,5681,5635,-1,5635,5681,5679,-1,5635,5679,5637,-1,5637,5679,5697,-1,5637,5697,5639,-1,5639,5697,5696,-1,5639,5696,5640,-1,5640,5696,5722,-1,5618,5640,5721,-1,5721,5640,5722,-1,5618,5721,5619,-1,5619,5721,5703,-1,5619,5703,5621,-1,5621,5703,5702,-1,5621,5702,5623,-1,5623,5702,5693,-1,5623,5693,5625,-1,5625,5693,5692,-1,5625,5692,5626,-1,5626,5692,5716,-1,5626,5716,5654,-1,5654,5716,5715,-1,5654,5715,5655,-1,5655,5715,5714,-1,5656,5655,5743,-1,5743,5655,5714,-1,5656,5743,5659,-1,5659,5743,5742,-1,5659,5742,5660,-1,5660,5742,5748,-1,5661,5660,5751,-1,5751,5660,5748,-1,5662,5661,5750,-1,5750,5661,5751,-1,5662,5750,5754,-1,5662,5754,5663,-1,5663,5754,5755,-1,5663,5755,5664,-1,5664,5755,5753,-1,5664,5753,5665,-1,5665,5753,5752,-1,5665,5752,5657,-1,5657,5752,5749,-1,5657,5749,5658,-1,5666,5658,5747,-1,5747,5658,5749,-1,5666,5747,5746,-1,5666,5746,5667,-1,5667,5746,5759,-1,5667,5759,5668,-1,5668,5759,5758,-1,5668,5758,5669,-1,5669,5758,5757,-1,5669,5757,5670,-1,5670,5757,5756,-1,5670,5756,5671,-1,5671,5756,5583,-1,5671,5583,5581,-1,5677,5589,5674,-1,5674,5589,5586,-1,5589,5677,5700,-1,5589,5700,5627,-1,5627,5700,5691,-1,5627,5691,5600,-1,
        ]
    }
}
Shape{
    appearance Appearance {
        material  Material 	{
            diffuseColor 1.0 0.9686274509803922 0.9058823529411765
            specularColor 0.5019607843137255 0.48627450980392156 0.45098039215686275
            ambientIntensity 0.9709
            transparency 0.0
            shininess 0.5
        }
    }
    geometry IndexedFaceSet {
        ccw TRUE
        solid FALSE
        coord DEF co Coordinate {
            point [
                -3.1683 -1.3888 0.5984, -3.0108 -1.2313 0.5984, -3.1683 -1.3888 0.7953, -3.0108 -1.2313 0.7953, 3.0148 -1.2313 0.5984, 3.0148 -1.2313 0.7953, 3.1722 -1.3888 0.5984, 3.1722 -1.3888 0.7953, -3.5945 -1.3888 0.6378, -3.5945 -0.3652 0.6378, -3.5157 -1.3888 0.6378, -3.5157 -0.3652 0.6378, -3.5157 -0.3061 0.3228, -3.5157 -0.3061 0.0079, -3.5157 -0.3652 0.3228, -3.5157 -1.3888 0.0079, -3.6339 -1.3888 0.0866, -3.8563 -1.3888 0.0866, -3.8563 -1.0581 0.0866, -3.8563 -0.5284 0.0866, -3.8563 -0.4946 0.0866, -3.6339 -0.3061 0.0866, -3.8563 -0.3947 0.0866, -3.8563 -0.3698 0.0866, -3.8563 -0.321 0.0866, -3.8563 -0.3061 0.0866, -3.8563 -0.6283 0.0866, -3.5945 -0.3061 0.126, -3.5945 -1.3888 0.126, -3.5958 -1.3888 0.1158, -3.5958 -0.3061 0.1158, -3.5998 -1.3888 0.1063, -3.5998 -0.3061 0.1063, -3.606 -1.3888 0.0981, -3.606 -0.3061 0.0981, -3.6142 -1.3888 0.0919, -3.6142 -0.3061 0.0919, -3.6237 -1.3888 0.088, -3.6237 -0.3061 0.088, -3.5945 -0.3061 0.3228, -3.5945 -0.3652 0.3228, -3.8563 -0.3061 0.0079, 3.5197 -1.3888 0.6378, 3.5197 -0.3652 0.6378, 3.5984 -1.3888 0.6378, 3.5984 -0.3652 0.6378, 3.5984 -0.3061 0.3228, 3.5984 -0.3061 0.126, 3.5984 -0.3652 0.3228, 3.5984 -1.3888 0.126, 3.6378 -0.3061 0.0866, 3.6378 -1.3888 0.0866, 3.6276 -1.3888 0.088, 3.6276 -0.3061 0.088, 3.6181 -1.3888 0.0919, 3.6181 -0.3061 0.0919, 3.61 -1.3888 0.0981, 3.61 -0.3061 0.0981, 3.6037 -1.3888 0.1063, 3.6037 -0.3061 0.1063, 3.5998 -1.3888 0.1158, 3.5998 -0.3061 0.1158, 3.8602 -0.3061 0.0866, 3.8602 -1.3888 0.0866, 3.5197 -0.3061 0.0079, 3.5197 -0.3061 0.3228, 3.5197 -0.3652 0.3228, 3.5197 -1.3888 0.0079, 3.8602 -0.3061 0.0079
            ]
        }
        coordIndex [
            0,1,2,-1,2,1,3,-1,1,4,3,-1,3,4,5,-1,4,6,5,-1,5,6,7,-1,8,9,10,-1,10,9,11,-1,12,13,14,-1,14,13,15,-1,14,15,11,-1,11,15,10,-1,16,17,18,-1,19,20,21,-1,21,20,22,-1,22,23,21,-1,21,23,24,-1,21,24,25,-1,16,18,21,-1,21,18,26,-1,21,26,19,-1,27,28,29,-1,27,29,30,-1,30,29,31,-1,30,31,32,-1,32,31,33,-1,32,33,34,-1,34,33,35,-1,34,35,36,-1,36,35,37,-1,36,37,38,-1,38,37,16,-1,38,16,21,-1,27,39,40,-1,9,8,40,-1,40,8,28,-1,40,28,27,-1,30,32,13,-1,13,32,34,-1,13,34,36,-1,12,39,13,-1,13,39,27,-1,13,27,30,-1,25,41,21,-1,21,41,13,-1,21,13,38,-1,38,13,36,-1,42,43,44,-1,44,43,45,-1,46,47,48,-1,48,47,49,-1,48,49,45,-1,45,49,44,-1,50,51,52,-1,50,52,53,-1,53,52,54,-1,53,54,55,-1,55,54,56,-1,55,56,57,-1,57,56,58,-1,57,58,59,-1,59,58,60,-1,59,60,61,-1,61,60,49,-1,61,49,47,-1,50,62,51,-1,51,62,63,-1,64,65,66,-1,43,42,66,-1,66,42,67,-1,66,67,64,-1,53,55,64,-1,64,55,57,-1,64,57,59,-1,46,65,47,-1,47,65,64,-1,47,64,61,-1,61,64,59,-1,68,62,64,-1,64,62,50,-1,64,50,53,-1,
        ]
    }
}
Shape{
    appearance Appearance {
        material  Material 	{
            diffuseColor 0.0 0.0 0.0
            specularColor 0.0 0.0 0.0
            ambientIntensity 0.0
            transparency 0.0
            shininess 0.5
        }
    }
    geometry IndexedFaceSet {
        ccw TRUE
        solid FALSE
        coord DEF co Coordinate {
            point [
                -3.8602 -0.2215 0.5871, -3.8602 -0.2215 0.575, -3.8563 -0.2215 0.5871, -3.8563 -0.2215 0.575, -3.8602 -0.179 0.5871, -3.8563 -0.179 0.5871, -3.8602 -0.179 0.6817, -3.8563 -0.179 0.6817, -3.8602 -0.1652 0.6817, -3.8563 -0.1652 0.6817, -3.8602 -0.1652 0.575, -3.8563 -0.1652 0.575, -3.8602 -0.2925 0.5747, -3.8602 -0.2763 0.5732, -3.8563 -0.2763 0.5732, -3.8563 -0.2857 0.5741, -3.8563 -0.2925 0.5747, -3.8602 -0.304 0.5785, -3.8563 -0.3013 0.5776, -3.8563 -0.304 0.5785, -3.8563 -0.3058 0.5794, -3.8602 -0.3058 0.5794, -3.8602 -0.3058 0.5926, -3.8563 -0.3058 0.5926, -3.8563 -0.3013 0.5905, -3.8602 -0.2963 0.5882, -3.8563 -0.2963 0.5882, -3.8563 -0.2845 0.5857, -3.8602 -0.2845 0.5857, -3.8563 -0.2782 0.5854, -3.8602 -0.2782 0.5854, -3.8563 -0.268 0.5866, -3.8602 -0.268 0.5866, -3.8563 -0.2603 0.5895, -3.8602 -0.2603 0.5895, -3.8563 -0.2532 0.5943, -3.8602 -0.2532 0.5943, -3.8563 -0.2508 0.5967, -3.8602 -0.2508 0.5967, -3.8563 -0.2455 0.6041, -3.8602 -0.2455 0.6041, -3.8563 -0.2421 0.6128, -3.8602 -0.2421 0.6128, -3.8563 -0.2404 0.6257, -3.8602 -0.2404 0.6257, -3.8563 -0.2403 0.6271, -3.8602 -0.2403 0.6271, -3.8563 -0.2421 0.6417, -3.8602 -0.2421 0.6417, -3.8563 -0.2456 0.6509, -3.8602 -0.2456 0.6509, -3.8563 -0.2507 0.6583, -3.8602 -0.2507 0.6583, -3.8563 -0.2516 0.6592, -3.8602 -0.2516 0.6592, -3.8563 -0.2589 0.6653, -3.8602 -0.2589 0.6653, -3.8563 -0.2673 0.6692, -3.8602 -0.2673 0.6692, -3.8563 -0.2766 0.6709, -3.8602 -0.2766 0.6709, -3.8563 -0.2806 0.6711, -3.8602 -0.2806 0.6711, -3.8563 -0.3058 0.6648, -3.8602 -0.3058 0.6648, -3.8602 -0.3032 0.6661, -3.8563 -0.2922 0.6699, -3.8602 -0.2922 0.6699, -3.8563 -0.3013 0.6668, -3.8563 -0.3032 0.6661, -3.8602 -0.3058 0.6792, -3.8563 -0.3058 0.6792, -3.8563 -0.2805 0.6835, -3.8602 -0.2805 0.6835, -3.8602 -0.2824 0.6835, -3.8563 -0.3013 0.6806, -3.8602 -0.296 0.6821, -3.8563 -0.296 0.6821, -3.8563 -0.2912 0.6826, -3.8563 -0.2824 0.6835, -3.8563 -0.273 0.6826, -3.8602 -0.2652 0.6817, -3.8563 -0.2652 0.6817, -3.8563 -0.254 0.6774, -3.8602 -0.254 0.6774, -3.8563 -0.2437 0.6701, -3.8602 -0.2437 0.6701, -3.8563 -0.2413 0.6678, -3.8602 -0.2413 0.6678, -3.8563 -0.2344 0.6591, -3.8563 -0.2307 0.651, -3.8602 -0.229 0.6475, -3.8602 -0.2344 0.6591, -3.8563 -0.229 0.6475, -3.8563 -0.2262 0.6339, -3.8602 -0.2262 0.6339, -3.8563 -0.2259 0.6263, -3.8602 -0.2259 0.6263, -3.8563 -0.2279 0.6091, -3.8563 -0.2307 0.6021, -3.8602 -0.2323 0.5979, -3.8602 -0.2279 0.6091, -3.8563 -0.2323 0.5979, -3.8563 -0.2386 0.5888, -3.8602 -0.2386 0.5888, -3.8563 -0.2396 0.5877, -3.8602 -0.2396 0.5877, -3.8563 -0.2575 0.5761, -3.8602 -0.2475 0.581, -3.8563 -0.2475 0.581, -3.8563 -0.2666 0.5741, -3.8602 -0.2689 0.5736, -3.8602 -0.2575 0.5761, -3.8563 -0.2689 0.5736, -3.8602 -0.3846 0.5871, -3.8602 -0.3846 0.575, -3.8563 -0.3846 0.5871, -3.8563 -0.3846 0.575, -3.8563 -0.341 0.5871, -3.8602 -0.341 0.5871, -3.8563 -0.3698 0.5871, -3.8602 -0.341 0.6231, -3.8563 -0.341 0.6231, -3.8602 -0.3791 0.6231, -3.8563 -0.3698 0.6231, -3.8563 -0.3791 0.6231, -3.8602 -0.3791 0.6353, -3.8563 -0.3791 0.6353, -3.8563 -0.341 0.6353, -3.8602 -0.341 0.6353, -3.8563 -0.3698 0.6353, -3.8602 -0.341 0.6694, -3.8563 -0.341 0.6694, -3.8563 -0.3822 0.6694, -3.8602 -0.3822 0.6694, -3.8563 -0.3698 0.6694, -3.8602 -0.3822 0.6817, -3.8563 -0.3822 0.6817, -3.8563 -0.3272 0.6817, -3.8602 -0.3272 0.6817, -3.8563 -0.3698 0.6817, -3.8602 -0.3272 0.575, -3.8563 -0.3272 0.575, -3.8563 -0.3698 0.575, -3.8602 -0.4484 0.6679, -3.8602 -0.4376 0.6817, -3.8602 -0.4347 0.6694, -3.8602 -0.4352 0.6817, -3.8602 -0.4185 0.6694, -3.8602 -0.4048 0.6817, -3.8602 -0.4185 0.5871, -3.8602 -0.4048 0.575, -3.8602 -0.434 0.5871, -3.8602 -0.4341 0.575, -3.8602 -0.4487 0.5889, -3.8602 -0.4521 0.5771, -3.8602 -0.4575 0.5923, -3.8602 -0.4643 0.5819, -3.8602 -0.4644 0.597, -3.8602 -0.4756 0.5899, -3.8602 -0.4658 0.5983, -3.8602 -0.4713 0.6052, -3.8602 -0.4828 0.5982, -3.8602 -0.4749 0.6132, -3.8602 -0.4883 0.6091, -3.8602 -0.4769 0.6232, -3.8602 -0.4912 0.6213, -3.8602 -0.4772 0.6293, -3.8602 -0.4917 0.6297, -3.8602 -0.476 0.6411, -3.8602 -0.4899 0.6443, -3.8602 -0.4732 0.6493, -3.8602 -0.486 0.6545, -3.8602 -0.4692 0.6555, -3.8602 -0.4794 0.6638, -3.8602 -0.4655 0.6594, -3.8602 -0.4756 0.6676, -3.8602 -0.4577 0.6646, -3.8602 -0.4662 0.6742, -3.8602 -0.4536 0.6794, -3.8563 -0.4341 0.575, -3.8563 -0.4048 0.575, -3.8563 -0.4521 0.5771, -3.8563 -0.4643 0.5819, -3.8563 -0.4756 0.5899, -3.8563 -0.4828 0.5982, -3.8563 -0.4883 0.6091, -3.8563 -0.4912 0.6213, -3.8563 -0.4917 0.6297, -3.8563 -0.4899 0.6443, -3.8563 -0.486 0.6545, -3.8563 -0.4794 0.6638, -3.8563 -0.4756 0.6676, -3.8563 -0.4662 0.6742, -3.8563 -0.4536 0.6794, -3.8563 -0.4376 0.6817, -3.8563 -0.4352 0.6817, -3.8563 -0.4048 0.6817, -3.8563 -0.4347 0.6694, -3.8563 -0.4185 0.6694, -3.8563 -0.4185 0.5871, -3.8563 -0.434 0.5871, -3.8563 -0.4658 0.5983, -3.8563 -0.4644 0.597, -3.8563 -0.4575 0.5923, -3.8563 -0.4487 0.5889, -3.8563 -0.4772 0.6293, -3.8563 -0.4769 0.6232, -3.8563 -0.4749 0.6132, -3.8563 -0.4713 0.6052, -3.8563 -0.4655 0.6594, -3.8563 -0.4692 0.6555, -3.8563 -0.4732 0.6493, -3.8563 -0.476 0.6411, -3.8563 -0.4484 0.6679, -3.8563 -0.4577 0.6646
            ]
        }
        coordIndex [
            0,1,2,-1,2,1,3,-1,4,0,5,-1,5,0,2,-1,6,4,7,-1,7,4,5,-1,8,6,9,-1,9,6,7,-1,10,8,11,-1,11,8,9,-1,1,10,3,-1,3,10,11,-1,6,8,4,-1,4,8,10,-1,4,10,0,-1,0,10,1,-1,12,13,14,-1,14,15,12,-1,12,15,16,-1,12,16,17,-1,17,16,18,-1,18,19,17,-1,17,19,20,-1,17,20,21,-1,22,21,23,-1,23,21,20,-1,22,23,24,-1,22,24,25,-1,24,26,25,-1,25,26,27,-1,25,27,28,-1,28,27,29,-1,28,29,30,-1,30,29,31,-1,30,31,32,-1,32,31,33,-1,32,33,34,-1,34,33,35,-1,34,35,36,-1,36,35,37,-1,36,37,38,-1,38,37,39,-1,38,39,40,-1,40,39,41,-1,40,41,42,-1,42,41,43,-1,42,43,44,-1,44,43,45,-1,44,45,46,-1,46,45,47,-1,46,47,48,-1,48,47,49,-1,48,49,50,-1,50,49,51,-1,50,51,52,-1,52,51,53,-1,52,53,54,-1,54,53,55,-1,54,55,56,-1,56,55,57,-1,56,57,58,-1,58,57,59,-1,58,59,60,-1,60,59,61,-1,60,61,62,-1,63,64,65,-1,62,61,66,-1,62,66,67,-1,67,66,68,-1,67,68,65,-1,65,68,69,-1,65,69,63,-1,70,64,71,-1,71,64,63,-1,72,73,74,-1,70,71,75,-1,70,75,76,-1,75,77,76,-1,76,77,78,-1,76,78,74,-1,74,78,79,-1,74,79,72,-1,73,72,80,-1,73,80,81,-1,80,82,81,-1,81,82,83,-1,81,83,84,-1,84,83,85,-1,84,85,86,-1,86,85,87,-1,86,87,88,-1,88,87,89,-1,90,91,89,-1,89,91,92,-1,89,92,88,-1,90,93,91,-1,91,93,94,-1,91,94,95,-1,95,94,96,-1,95,96,97,-1,97,96,98,-1,99,100,98,-1,98,100,101,-1,98,101,97,-1,99,102,100,-1,100,102,103,-1,100,103,104,-1,104,103,105,-1,104,105,106,-1,107,108,109,-1,109,108,106,-1,109,106,105,-1,110,111,107,-1,107,111,112,-1,107,112,108,-1,110,113,111,-1,111,113,14,-1,111,14,13,-1,65,64,70,-1,56,58,81,-1,48,50,92,-1,81,58,73,-1,92,50,88,-1,65,70,67,-1,81,84,56,-1,56,84,86,-1,56,86,54,-1,54,86,88,-1,54,88,52,-1,52,88,50,-1,58,60,73,-1,73,60,62,-1,73,62,74,-1,74,62,67,-1,74,67,76,-1,76,67,70,-1,97,46,95,-1,95,46,48,-1,95,48,91,-1,91,48,92,-1,21,22,17,-1,17,22,25,-1,17,25,12,-1,12,25,28,-1,12,28,13,-1,13,28,30,-1,13,30,111,-1,111,30,32,-1,111,32,112,-1,112,32,34,-1,112,34,108,-1,108,34,36,-1,108,36,106,-1,106,36,38,-1,106,38,104,-1,104,38,40,-1,104,40,100,-1,100,40,101,-1,101,40,42,-1,101,42,97,-1,97,42,44,-1,97,44,46,-1,114,115,116,-1,116,115,117,-1,118,119,120,-1,120,119,114,-1,120,114,116,-1,121,119,122,-1,122,119,118,-1,121,122,123,-1,123,122,124,-1,123,124,125,-1,126,123,127,-1,127,123,125,-1,128,129,130,-1,130,129,126,-1,130,126,127,-1,131,129,132,-1,132,129,128,-1,133,134,135,-1,135,134,131,-1,135,131,132,-1,136,134,137,-1,137,134,133,-1,138,139,140,-1,140,139,136,-1,140,136,137,-1,141,139,142,-1,142,139,138,-1,117,115,143,-1,143,115,141,-1,143,141,142,-1,141,115,114,-1,114,119,141,-1,141,119,121,-1,141,121,139,-1,134,136,131,-1,131,136,139,-1,131,139,129,-1,129,139,121,-1,129,121,126,-1,126,121,123,-1,144,145,146,-1,146,145,147,-1,146,147,148,-1,148,147,149,-1,148,149,150,-1,150,149,151,-1,150,151,152,-1,152,151,153,-1,152,153,154,-1,154,153,155,-1,154,155,156,-1,156,155,157,-1,156,157,158,-1,158,157,159,-1,158,159,160,-1,160,159,161,-1,161,159,162,-1,161,162,163,-1,163,162,164,-1,163,164,165,-1,165,164,166,-1,165,166,167,-1,167,166,168,-1,167,168,169,-1,169,168,170,-1,169,170,171,-1,171,170,172,-1,171,172,173,-1,173,172,174,-1,173,174,175,-1,175,174,176,-1,175,176,177,-1,177,176,178,-1,177,178,144,-1,144,178,179,-1,144,179,145,-1,153,151,180,-1,180,151,181,-1,153,180,182,-1,153,182,155,-1,155,182,183,-1,155,183,157,-1,157,183,184,-1,157,184,159,-1,159,184,185,-1,159,185,162,-1,162,185,186,-1,162,186,164,-1,164,186,187,-1,164,187,166,-1,166,187,188,-1,166,188,168,-1,168,188,189,-1,168,189,170,-1,170,189,190,-1,170,190,172,-1,172,190,191,-1,172,191,174,-1,174,191,192,-1,174,192,176,-1,176,192,193,-1,176,193,178,-1,178,193,194,-1,178,194,179,-1,179,194,195,-1,179,195,145,-1,145,195,196,-1,145,196,147,-1,149,147,197,-1,197,147,196,-1,151,149,181,-1,181,149,197,-1,146,148,198,-1,198,148,199,-1,148,150,199,-1,199,150,200,-1,150,152,200,-1,200,152,201,-1,160,202,203,-1,160,203,158,-1,158,203,204,-1,158,204,156,-1,156,204,205,-1,156,205,154,-1,154,205,201,-1,154,201,152,-1,167,206,207,-1,167,207,165,-1,165,207,208,-1,165,208,163,-1,163,208,209,-1,163,209,161,-1,161,209,202,-1,161,202,160,-1,175,210,211,-1,175,211,173,-1,173,211,212,-1,173,212,171,-1,171,212,213,-1,171,213,169,-1,169,213,206,-1,169,206,167,-1,146,198,214,-1,146,214,144,-1,144,214,215,-1,144,215,177,-1,177,215,210,-1,177,210,175,-1,
        ]
    }
}
Shape{
    appearance Appearance {
        material  Material 	{
            diffuseColor 1.0 0.9686274509803922 0.9058823529411765
            specularColor 0.5019607843137255 0.48627450980392156 0.45098039215686275
            ambientIntensity 0.9709
            transparency 0.0
            shininess 0.5
        }
    }
    geometry IndexedFaceSet {
        ccw TRUE
        solid FALSE
        coord DEF co Coordinate {
            point [
                -3.8563 -0.4185 0.6694, -3.8563 -0.4185 0.5871, -3.8563 -0.4347 0.6694, -3.8563 -0.434 0.5871, -3.8563 -0.4487 0.5889, -3.8563 -0.4575 0.5923, -3.8563 -0.4644 0.597, -3.8563 -0.4658 0.5983, -3.8563 -0.4769 0.6232, -3.8563 -0.4772 0.6293, -3.8563 -0.476 0.6411, -3.8563 -0.4732 0.6493, -3.8563 -0.4692 0.6555, -3.8563 -0.4655 0.6594, -3.8563 -0.4484 0.6679, -3.8563 -0.4577 0.6646, -3.8563 -0.4713 0.6052, -3.8563 -0.4749 0.6132
            ]
        }
        coordIndex [
            0,1,2,-1,2,1,3,-1,2,3,4,-1,4,5,2,-1,2,5,6,-1,2,6,7,-1,8,9,2,-1,2,9,10,-1,2,10,11,-1,11,12,2,-1,2,12,13,-1,2,13,14,-1,14,13,15,-1,7,16,2,-1,2,16,17,-1,2,17,8,-1,
        ]
    }
}
Shape{
    appearance Appearance {
        material  Material 	{
            diffuseColor 0.0 0.0 0.0
            specularColor 0.0 0.0 0.0
            ambientIntensity 0.0
            transparency 0.0
            shininess 0.5
        }
    }
    geometry IndexedFaceSet {
        ccw TRUE
        solid FALSE
        coord DEF co Coordinate {
            point [
                -3.8602 -0.5275 0.6162, -3.8602 -0.5434 0.6606, -3.8602 -0.5383 0.6817, -3.8602 -0.4976 0.575, -3.8602 -0.5128 0.575, -3.8602 -0.5231 0.6042, -3.8602 -0.5444 0.6638, -3.8602 -0.5452 0.6681, -3.8602 -0.553 0.6817, -3.8602 -0.5455 0.6681, -3.8602 -0.5464 0.6636, -3.8602 -0.5472 0.6606, -3.8602 -0.5633 0.6162, -3.8602 -0.5937 0.575, -3.8602 -0.5784 0.575, -3.8602 -0.5676 0.6042, -3.8563 -0.553 0.6817, -3.8563 -0.5937 0.575, -3.8563 -0.5383 0.6817, -3.8563 -0.4976 0.575, -3.8563 -0.5284 0.6558, -3.8563 -0.5128 0.575, -3.8563 -0.5231 0.6042, -3.8563 -0.5676 0.6042, -3.8563 -0.5284 0.6042, -3.8563 -0.5784 0.575, -3.8563 -0.5275 0.6162, -3.8563 -0.5633 0.6162, -3.8563 -0.5472 0.6606, -3.8563 -0.5455 0.6681, -3.8563 -0.5464 0.6636, -3.8563 -0.5452 0.6681, -3.8563 -0.5434 0.6606, -3.8563 -0.5444 0.6638
            ]
        }
        coordIndex [
            0,1,2,-1,3,4,5,-1,1,6,2,-1,2,6,7,-1,2,7,8,-1,8,7,9,-1,8,9,10,-1,10,11,8,-1,8,11,12,-1,8,12,13,-1,14,13,15,-1,15,13,12,-1,15,12,5,-1,5,12,0,-1,5,0,3,-1,3,0,2,-1,8,13,16,-1,16,13,17,-1,2,8,18,-1,18,8,16,-1,19,3,20,-1,20,3,2,-1,20,2,18,-1,4,3,21,-1,21,3,19,-1,5,4,22,-1,22,4,21,-1,23,15,24,-1,24,15,5,-1,24,5,22,-1,14,15,25,-1,25,15,23,-1,13,14,17,-1,17,14,25,-1,0,12,26,-1,26,12,27,-1,12,11,27,-1,27,11,28,-1,9,29,30,-1,9,30,10,-1,10,30,28,-1,10,28,11,-1,9,7,29,-1,29,7,31,-1,1,32,33,-1,1,33,6,-1,6,33,31,-1,6,31,7,-1,1,0,32,-1,32,0,26,-1,
        ]
    }
}
Shape{
    appearance Appearance {
        material  Material 	{
            diffuseColor 1.0 0.9686274509803922 0.9058823529411765
            specularColor 0.5019607843137255 0.48627450980392156 0.45098039215686275
            ambientIntensity 0.9709
            transparency 0.0
            shininess 0.5
        }
    }
    geometry IndexedFaceSet {
        ccw TRUE
        solid FALSE
        coord DEF co Coordinate {
            point [
                -3.8563 -0.5455 0.6681, -3.8563 -0.5452 0.6681, -3.8563 -0.5464 0.6636, -3.8563 -0.5444 0.6638, -3.8563 -0.5472 0.6606, -3.8563 -0.5434 0.6606, -3.8563 -0.5633 0.6162, -3.8563 -0.5275 0.6162
            ]
        }
        coordIndex [
            0,1,2,-1,2,1,3,-1,2,3,4,-1,4,3,5,-1,4,5,6,-1,6,5,7,-1,
        ]
    }
}
Shape{
    appearance Appearance {
        material  Material 	{
            diffuseColor 0.0 0.0 0.0
            specularColor 0.0 0.0 0.0
            ambientIntensity 0.0
            transparency 0.0
            shininess 0.5
        }
    }
    geometry IndexedFaceSet {
        ccw TRUE
        solid FALSE
        coord DEF co Coordinate {
            point [
                -3.8602 -0.2226 0.4178, -3.8602 -0.2226 0.4056, -3.8563 -0.2226 0.4178, -3.8563 -0.2226 0.4056, -3.8602 -0.179 0.4178, -3.8563 -0.179 0.4178, -3.8602 -0.179 0.4537, -3.8563 -0.179 0.4537, -3.8602 -0.2172 0.4537, -3.8563 -0.2172 0.4537, -3.8602 -0.2172 0.4659, -3.8563 -0.2172 0.4659, -3.8602 -0.179 0.4659, -3.8563 -0.179 0.4659, -3.8602 -0.179 0.5001, -3.8563 -0.179 0.5001, -3.8602 -0.2202 0.5001, -3.8563 -0.2202 0.5001, -3.8602 -0.2202 0.5124, -3.8563 -0.2202 0.5124, -3.8602 -0.1652 0.5124, -3.8563 -0.1652 0.5124, -3.8602 -0.1652 0.4056, -3.8563 -0.1652 0.4056, -3.8602 -0.2833 0.4056, -3.8602 -0.2967 0.4056, -3.8602 -0.2833 0.4174, -3.8602 -0.2967 0.4547, -3.8602 -0.2833 0.4541, -3.8602 -0.2543 0.4381, -3.8602 -0.2575 0.4396, -3.8602 -0.283 0.4174, -3.8602 -0.2759 0.4194, -3.8602 -0.2809 0.4142, -3.8602 -0.2721 0.4168, -3.8602 -0.2655 0.4415, -3.8602 -0.2833 0.4439, -3.8602 -0.2833 0.4366, -3.8602 -0.2833 0.4357, -3.8602 -0.2824 0.4297, -3.8602 -0.2805 0.4249, -3.8602 -0.2776 0.421, -3.8602 -0.2829 0.46, -3.8602 -0.2955 0.4655, -3.8602 -0.2815 0.4647, -3.8602 -0.2933 0.4713, -3.8602 -0.2799 0.4675, -3.8602 -0.2906 0.4755, -3.8602 -0.2779 0.4697, -3.8602 -0.2873 0.4786, -3.8602 -0.2755 0.4712, -3.8602 -0.2828 0.4812, -3.8602 -0.2724 0.4723, -3.8602 -0.2772 0.4829, -3.8602 -0.2679 0.4727, -3.8602 -0.2691 0.4836, -3.8602 -0.26 0.4719, -3.8602 -0.2575 0.4824, -3.8602 -0.2516 0.4691, -3.8602 -0.2472 0.4789, -3.8602 -0.2429 0.4635, -3.8602 -0.2429 0.4765, -3.8602 -0.2517 0.4194, -3.8602 -0.242 0.4098, -3.8602 -0.2529 0.4182, -3.8602 -0.2465 0.4067, -3.8602 -0.2555 0.4164, -3.8602 -0.2516 0.4047, -3.8602 -0.2586 0.4153, -3.8602 -0.2596 0.4038, -3.8602 -0.2631 0.4148, -3.8602 -0.2665 0.4046, -3.8602 -0.2681 0.4153, -3.8602 -0.2719 0.4065, -3.8602 -0.2767 0.4097, -3.8602 -0.2607 0.4509, -3.8602 -0.2501 0.4482, -3.8602 -0.2525 0.4368, -3.8602 -0.2446 0.4453, -3.8602 -0.2509 0.4348, -3.8602 -0.2406 0.4417, -3.8602 -0.2498 0.4323, -3.8602 -0.2378 0.4374, -3.8602 -0.2491 0.4292, -3.8602 -0.2361 0.4325, -3.8602 -0.249 0.4271, -3.8602 -0.2354 0.426, -3.8602 -0.2493 0.424, -3.8602 -0.2361 0.42, -3.8602 -0.2502 0.4216, -3.8602 -0.2377 0.4154, -3.8602 -0.2405 0.4113, -3.8563 -0.2691 0.4836, -3.8563 -0.2575 0.4824, -3.8563 -0.2472 0.4789, -3.8563 -0.2429 0.4765, -3.8563 -0.2429 0.4635, -3.8563 -0.2516 0.4691, -3.8563 -0.26 0.4719, -3.8563 -0.2679 0.4727, -3.8563 -0.2724 0.4723, -3.8563 -0.2755 0.4712, -3.8563 -0.2779 0.4697, -3.8563 -0.2799 0.4675, -3.8563 -0.2815 0.4647, -3.8563 -0.2829 0.46, -3.8563 -0.2833 0.4541, -3.8563 -0.2607 0.4509, -3.8563 -0.2501 0.4482, -3.8563 -0.2446 0.4453, -3.8563 -0.2406 0.4417, -3.8563 -0.2378 0.4374, -3.8563 -0.2361 0.4325, -3.8563 -0.2354 0.426, -3.8563 -0.2361 0.42, -3.8563 -0.2377 0.4154, -3.8563 -0.2405 0.4113, -3.8563 -0.242 0.4098, -3.8563 -0.2596 0.4038, -3.8563 -0.2519 0.4047, -3.8563 -0.2516 0.4047, -3.8563 -0.2465 0.4067, -3.8563 -0.2665 0.4046, -3.8563 -0.2669 0.4047, -3.8563 -0.2719 0.4065, -3.8563 -0.2767 0.4097, -3.8563 -0.2809 0.4142, -3.8563 -0.283 0.4174, -3.8563 -0.2833 0.4174, -3.8563 -0.2833 0.4056, -3.8563 -0.2967 0.4056, -3.8563 -0.2967 0.4547, -3.8563 -0.2955 0.4655, -3.8563 -0.2933 0.4713, -3.8563 -0.2906 0.4755, -3.8563 -0.2873 0.4786, -3.8563 -0.2828 0.4812, -3.8563 -0.2772 0.4829, -3.8563 -0.2525 0.4368, -3.8563 -0.2543 0.4381, -3.8563 -0.2575 0.4396, -3.8563 -0.2655 0.4415, -3.8563 -0.249 0.4271, -3.8563 -0.2491 0.4292, -3.8563 -0.2498 0.4323, -3.8563 -0.2509 0.4348, -3.8563 -0.2529 0.4182, -3.8563 -0.2517 0.4194, -3.8563 -0.2502 0.4216, -3.8563 -0.2493 0.424, -3.8563 -0.2631 0.4148, -3.8563 -0.2586 0.4153, -3.8563 -0.2555 0.4164, -3.8563 -0.2776 0.421, -3.8563 -0.2759 0.4194, -3.8563 -0.2721 0.4168, -3.8563 -0.2681 0.4153, -3.8563 -0.2833 0.4366, -3.8563 -0.2833 0.4357, -3.8563 -0.2824 0.4297, -3.8563 -0.2805 0.4249, -3.8563 -0.2833 0.4439
            ]
        }
        coordIndex [
            0,1,2,-1,2,1,3,-1,4,0,5,-1,5,0,2,-1,6,4,7,-1,7,4,5,-1,8,6,9,-1,9,6,7,-1,10,8,11,-1,11,8,9,-1,12,10,13,-1,13,10,11,-1,14,12,15,-1,15,12,13,-1,16,14,17,-1,17,14,15,-1,18,16,19,-1,19,16,17,-1,20,18,21,-1,21,18,19,-1,22,20,23,-1,23,20,21,-1,1,22,3,-1,3,22,23,-1,1,0,22,-1,22,0,4,-1,8,10,6,-1,6,10,12,-1,16,18,14,-1,14,18,20,-1,14,20,12,-1,12,20,22,-1,12,22,6,-1,6,22,4,-1,24,25,26,-1,26,25,27,-1,28,29,30,-1,31,32,33,-1,33,32,34,-1,35,36,27,-1,27,36,37,-1,37,38,27,-1,27,38,39,-1,27,39,26,-1,26,39,40,-1,26,40,31,-1,31,40,41,-1,31,41,32,-1,30,35,28,-1,28,35,27,-1,28,27,42,-1,42,27,43,-1,42,43,44,-1,44,43,45,-1,44,45,46,-1,46,45,47,-1,46,47,48,-1,48,47,49,-1,48,49,50,-1,50,49,51,-1,50,51,52,-1,52,51,53,-1,52,53,54,-1,54,53,55,-1,54,55,56,-1,56,55,57,-1,56,57,58,-1,58,57,59,-1,58,59,60,-1,60,59,61,-1,62,63,64,-1,64,63,65,-1,64,65,66,-1,66,65,67,-1,66,67,68,-1,68,67,69,-1,68,69,70,-1,70,69,71,-1,70,71,72,-1,72,71,73,-1,72,73,34,-1,34,73,74,-1,34,74,33,-1,28,75,29,-1,29,75,76,-1,29,76,77,-1,77,76,78,-1,77,78,79,-1,79,78,80,-1,79,80,81,-1,81,80,82,-1,81,82,83,-1,83,82,84,-1,83,84,85,-1,85,84,86,-1,85,86,87,-1,87,86,88,-1,87,88,89,-1,89,88,90,-1,89,90,62,-1,62,90,91,-1,62,91,63,-1,55,92,93,-1,55,93,57,-1,57,93,94,-1,57,94,59,-1,59,94,95,-1,59,95,61,-1,60,61,96,-1,96,61,95,-1,60,96,97,-1,60,97,58,-1,58,97,98,-1,58,98,56,-1,56,98,99,-1,56,99,54,-1,54,99,100,-1,54,100,52,-1,52,100,101,-1,52,101,50,-1,50,101,102,-1,50,102,48,-1,48,102,103,-1,48,103,46,-1,46,103,104,-1,46,104,44,-1,44,104,105,-1,44,105,42,-1,42,105,106,-1,42,106,28,-1,75,28,107,-1,107,28,106,-1,75,107,108,-1,75,108,76,-1,76,108,109,-1,76,109,78,-1,78,109,110,-1,78,110,80,-1,80,110,111,-1,80,111,82,-1,82,111,112,-1,82,112,84,-1,84,112,113,-1,84,113,86,-1,86,113,114,-1,86,114,88,-1,88,114,115,-1,88,115,90,-1,90,115,116,-1,90,116,91,-1,91,116,117,-1,91,117,63,-1,118,69,119,-1,119,69,67,-1,119,67,120,-1,120,67,65,-1,120,65,121,-1,121,65,63,-1,121,63,117,-1,69,118,122,-1,69,122,71,-1,71,122,123,-1,71,123,73,-1,123,124,73,-1,73,124,125,-1,73,125,74,-1,74,125,126,-1,74,126,33,-1,33,126,127,-1,33,127,31,-1,26,31,128,-1,128,31,127,-1,24,26,129,-1,129,26,128,-1,25,24,130,-1,130,24,129,-1,27,25,131,-1,131,25,130,-1,27,131,132,-1,27,132,43,-1,43,132,133,-1,43,133,45,-1,45,133,134,-1,45,134,47,-1,47,134,135,-1,47,135,49,-1,49,135,136,-1,49,136,51,-1,51,136,137,-1,51,137,53,-1,53,137,92,-1,53,92,55,-1,77,138,139,-1,77,139,29,-1,29,139,140,-1,29,140,30,-1,30,140,141,-1,30,141,35,-1,85,142,143,-1,85,143,83,-1,83,143,144,-1,83,144,81,-1,81,144,145,-1,81,145,79,-1,79,145,138,-1,79,138,77,-1,64,146,147,-1,64,147,62,-1,62,147,148,-1,62,148,89,-1,89,148,149,-1,89,149,87,-1,87,149,142,-1,87,142,85,-1,70,150,151,-1,70,151,68,-1,68,151,152,-1,68,152,66,-1,66,152,146,-1,66,146,64,-1,41,153,154,-1,41,154,32,-1,32,154,155,-1,32,155,34,-1,34,155,156,-1,34,156,72,-1,72,156,150,-1,72,150,70,-1,37,157,158,-1,37,158,38,-1,38,158,159,-1,38,159,39,-1,39,159,160,-1,39,160,40,-1,40,160,153,-1,40,153,41,-1,37,36,157,-1,157,36,161,-1,36,35,161,-1,161,35,141,-1,
        ]
    }
}
Shape{
    appearance Appearance {
        material  Material 	{
            diffuseColor 1.0 0.9686274509803922 0.9058823529411765
            specularColor 0.5019607843137255 0.48627450980392156 0.45098039215686275
            ambientIntensity 0.9709
            transparency 0.0
            shininess 0.5
        }
    }
    geometry IndexedFaceSet {
        ccw TRUE
        solid FALSE
        coord DEF co Coordinate {
            point [
                -3.8563 -0.2833 0.4357, -3.8563 -0.2833 0.4366, -3.8563 -0.2525 0.4368, -3.8563 -0.2833 0.4439, -3.8563 -0.2655 0.4415, -3.8563 -0.2575 0.4396, -3.8563 -0.2543 0.4381, -3.8563 -0.2824 0.4297, -3.8563 -0.2509 0.4348, -3.8563 -0.2805 0.4249, -3.8563 -0.2517 0.4194, -3.8563 -0.2529 0.4182, -3.8563 -0.2759 0.4194, -3.8563 -0.2502 0.4216, -3.8563 -0.2721 0.4168, -3.8563 -0.2681 0.4153, -3.8563 -0.2631 0.4148, -3.8563 -0.2498 0.4323, -3.8563 -0.2491 0.4292, -3.8563 -0.2776 0.421, -3.8563 -0.249 0.4271, -3.8563 -0.2493 0.424, -3.8563 -0.2555 0.4164, -3.8563 -0.2586 0.4153
            ]
        }
        coordIndex [
            0,1,2,-1,1,3,4,-1,4,5,1,-1,1,5,6,-1,1,6,2,-1,0,2,7,-1,7,2,8,-1,7,8,9,-1,10,11,12,-1,10,12,13,-1,14,12,15,-1,15,12,16,-1,8,17,9,-1,9,17,18,-1,9,18,19,-1,19,18,20,-1,19,20,12,-1,12,20,21,-1,12,21,13,-1,11,22,12,-1,12,22,23,-1,12,23,16,-1,
        ]
    }
}
Shape{
    appearance Appearance {
        material  Material 	{
            diffuseColor 0.0 0.0 0.0
            specularColor 0.0 0.0 0.0
            ambientIntensity 0.0
            transparency 0.0
            shininess 0.5
        }
    }
    geometry IndexedFaceSet {
        ccw TRUE
        solid FALSE
        coord DEF co Coordinate {
            point [
                -3.8563 -0.3148 0.4221, -3.8602 -0.3148 0.4221, -3.8602 -0.3194 0.4192, -3.8602 -0.3368 0.4147, -3.8563 -0.3368 0.4147, -3.8563 -0.3277 0.4159, -3.8602 -0.3277 0.4159, -3.8563 -0.321 0.4186, -3.8563 -0.3194 0.4192, -3.8602 -0.3148 0.4083, -3.8563 -0.3148 0.4083, -3.8602 -0.3239 0.405, -3.8563 -0.321 0.4061, -3.8563 -0.3355 0.4038, -3.8602 -0.3355 0.4038, -3.8563 -0.3271 0.4047, -3.8563 -0.3239 0.405, -3.8602 -0.3466 0.405, -3.8563 -0.3439 0.4047, -3.8563 -0.3466 0.405, -3.8563 -0.3539 0.4076, -3.8602 -0.3539 0.4076, -3.8563 -0.3577 0.4099, -3.8602 -0.3577 0.4099, -3.8563 -0.3615 0.4132, -3.8602 -0.3615 0.4132, -3.8563 -0.364 0.4167, -3.8602 -0.364 0.4167, -3.8563 -0.3657 0.421, -3.8602 -0.3657 0.421, -3.8563 -0.3663 0.4263, -3.8602 -0.3663 0.4263, -3.8563 -0.3658 0.4313, -3.8602 -0.3658 0.4313, -3.8563 -0.3643 0.4353, -3.8602 -0.3643 0.4353, -3.8563 -0.3618 0.439, -3.8602 -0.3618 0.439, -3.8563 -0.3586 0.4418, -3.8602 -0.3586 0.4418, -3.8563 -0.3498 0.4467, -3.8602 -0.3498 0.4467, -3.8563 -0.3446 0.4488, -3.8602 -0.3446 0.4488, -3.8563 -0.3363 0.4524, -3.8602 -0.3363 0.4524, -3.8563 -0.3316 0.4554, -3.8602 -0.3316 0.4554, -3.8563 -0.3303 0.4568, -3.8602 -0.3303 0.4568, -3.8563 -0.3293 0.4586, -3.8602 -0.3293 0.4586, -3.8563 -0.3288 0.4607, -3.8602 -0.3288 0.4607, -3.8563 -0.3287 0.4625, -3.8602 -0.3287 0.4625, -3.8563 -0.3289 0.4646, -3.8602 -0.3289 0.4646, -3.8563 -0.3296 0.4664, -3.8602 -0.3296 0.4664, -3.8563 -0.3307 0.4681, -3.8602 -0.3307 0.4681, -3.8563 -0.3327 0.4699, -3.8602 -0.3327 0.4699, -3.8563 -0.3357 0.4715, -3.8602 -0.3357 0.4715, -3.8563 -0.3393 0.4724, -3.8602 -0.3393 0.4724, -3.8563 -0.3433 0.4727, -3.8602 -0.3433 0.4727, -3.8563 -0.3527 0.4716, -3.8602 -0.3527 0.4716, -3.8563 -0.3603 0.4686, -3.8602 -0.3603 0.4686, -3.8563 -0.3627 0.4672, -3.8602 -0.3627 0.4672, -3.8602 -0.3627 0.4802, -3.8563 -0.3627 0.4802, -3.8563 -0.353 0.4829, -3.8602 -0.353 0.4829, -3.8563 -0.3446 0.4836, -3.8602 -0.3446 0.4836, -3.8563 -0.3343 0.4824, -3.8602 -0.3343 0.4824, -3.8563 -0.3271 0.4797, -3.8602 -0.3271 0.4797, -3.8563 -0.3235 0.4775, -3.8602 -0.3235 0.4775, -3.8563 -0.321 0.4753, -3.8602 -0.3195 0.474, -3.8563 -0.3195 0.474, -3.8563 -0.317 0.4704, -3.8602 -0.317 0.4704, -3.8563 -0.3154 0.4661, -3.8602 -0.3154 0.4661, -3.8563 -0.3149 0.4613, -3.8602 -0.3149 0.4613, -3.8563 -0.3155 0.4561, -3.8602 -0.3155 0.4561, -3.8563 -0.3169 0.452, -3.8602 -0.3169 0.452, -3.8563 -0.3187 0.4492, -3.8602 -0.3187 0.4492, -3.8563 -0.3351 0.4391, -3.8602 -0.3351 0.4391, -3.8602 -0.3272 0.4428, -3.8563 -0.3209 0.4469, -3.8602 -0.3209 0.4469, -3.8563 -0.321 0.4468, -3.8563 -0.3272 0.4428, -3.8563 -0.3439 0.4354, -3.8602 -0.3439 0.4354, -3.8563 -0.3491 0.4323, -3.8602 -0.3491 0.4323, -3.8563 -0.3508 0.4306, -3.8602 -0.3508 0.4306, -3.8563 -0.3518 0.4288, -3.8602 -0.3518 0.4288, -3.8563 -0.3525 0.4267, -3.8602 -0.3525 0.4267, -3.8563 -0.3526 0.425, -3.8602 -0.3526 0.425, -3.8563 -0.3523 0.4225, -3.8602 -0.3523 0.4225, -3.8563 -0.3516 0.4206, -3.8602 -0.3516 0.4206, -3.8563 -0.3505 0.4189, -3.8602 -0.3505 0.4189, -3.8563 -0.3489 0.4175, -3.8602 -0.3489 0.4175, -3.8563 -0.3477 0.4168, -3.8602 -0.3477 0.4168, -3.8563 -0.3443 0.4155, -3.8602 -0.3443 0.4155, -3.8563 -0.3374 0.4147, -3.8602 -0.3374 0.4147, -3.8602 -0.4326 0.4819, -3.8602 -0.4465 0.4819, -3.8563 -0.4326 0.4819, -3.8563 -0.4465 0.4819, -3.8602 -0.4118 0.4244, -3.8563 -0.4118 0.4244, -3.8563 -0.4108 0.4209, -3.8602 -0.4108 0.4209, -3.8563 -0.4101 0.4183, -3.8602 -0.4101 0.4183, -3.8602 -0.4098 0.4183, -3.8563 -0.4098 0.4183, -3.8602 -0.4081 0.4245, -3.8563 -0.4081 0.4245, -3.8563 -0.3882 0.4819, -3.8602 -0.3882 0.4819, -3.8563 -0.3947 0.4633, -3.8602 -0.3733 0.4819, -3.8563 -0.3733 0.4819, -3.8563 -0.4032 0.4058, -3.8602 -0.4032 0.4058, -3.8563 -0.3947 0.4274, -3.8563 -0.3973 0.3919, -3.8602 -0.3973 0.3919, -3.8563 -0.4027 0.4047, -3.8563 -0.3947 0.3871, -3.8602 -0.3947 0.3871, -3.8563 -0.3947 0.3871, -3.8602 -0.3922 0.3843, -3.8563 -0.3922 0.3843, -3.8563 -0.3898 0.3826, -3.8602 -0.3898 0.3826, -3.8563 -0.3868 0.3815, -3.8602 -0.3868 0.3815, -3.8563 -0.3836 0.3812, -3.8602 -0.3836 0.3812, -3.8563 -0.3788 0.3818, -3.8602 -0.3788 0.3818, -3.8563 -0.376 0.3827, -3.8602 -0.376 0.3827, -3.8602 -0.376 0.3708, -3.8563 -0.376 0.3708, -3.8563 -0.3817 0.3698, -3.8602 -0.3817 0.3698, -3.8563 -0.3847 0.3697, -3.8602 -0.3847 0.3697, -3.8563 -0.3901 0.3703, -3.8602 -0.3901 0.3703, -3.8563 -0.3947 0.3721, -3.8602 -0.3953 0.3723, -3.8563 -0.3953 0.3723, -3.8563 -0.4 0.3756, -3.8602 -0.4 0.3756, -3.8563 -0.4009 0.3764, -3.8602 -0.4009 0.3764, -3.8563 -0.4058 0.3823, -3.8602 -0.4058 0.3823, -3.8563 -0.4119 0.3941, -3.8602 -0.4119 0.3941, -3.8563 -0.416 0.4047, -3.8602 -0.5183 0.4178, -3.8602 -0.5183 0.4056, -3.8563 -0.5183 0.4178, -3.8563 -0.5183 0.4056, -3.8563 -0.4747 0.4178, -3.8602 -0.4747 0.4178, -3.8563 -0.4946 0.4178, -3.8602 -0.4747 0.4537, -3.8563 -0.4747 0.4537, -3.8563 -0.5128 0.4537, -3.8602 -0.5128 0.4537, -3.8563 -0.4946 0.4537, -3.8602 -0.5128 0.4659, -3.8563 -0.5128 0.4659, -3.8563 -0.4747 0.4659, -3.8602 -0.4747 0.4659, -3.8563 -0.4946 0.4659, -3.8602 -0.4747 0.5001, -3.8563 -0.4747 0.5001, -3.8563 -0.5159 0.5001, -3.8602 -0.5159 0.5001, -3.8563 -0.4946 0.5001, -3.8602 -0.5159 0.5124, -3.8563 -0.5159 0.5124, -3.8563 -0.4609 0.5124, -3.8602 -0.4609 0.5124, -3.8563 -0.4946 0.5124, -3.8602 -0.4609 0.4056, -3.8563 -0.4609 0.4056, -3.8563 -0.4946 0.4056, -3.8602 -0.5821 0.4986, -3.8602 -0.5713 0.5123, -3.8602 -0.5684 0.5001, -3.8602 -0.5689 0.5124, -3.8602 -0.5522 0.5001, -3.8602 -0.5385 0.5124, -3.8602 -0.5522 0.4178, -3.8602 -0.5385 0.4056, -3.8602 -0.5677 0.4178, -3.8602 -0.5678 0.4056, -3.8602 -0.5823 0.4195, -3.8602 -0.5858 0.4078, -3.8602 -0.5912 0.4229, -3.8602 -0.598 0.4125, -3.8602 -0.5981 0.4277, -3.8602 -0.6093 0.4206, -3.8602 -0.5995 0.4289, -3.8602 -0.605 0.4359, -3.8602 -0.6164 0.4289, -3.8602 -0.6086 0.4439, -3.8602 -0.622 0.4397, -3.8602 -0.6106 0.4538, -3.8602 -0.6249 0.452, -3.8602 -0.6109 0.46, -3.8602 -0.6254 0.4603, -3.8602 -0.6097 0.4717, -3.8602 -0.6236 0.4749, -3.8602 -0.6069 0.48, -3.8602 -0.6197 0.4851, -3.8602 -0.6029 0.4862, -3.8602 -0.6131 0.4945, -3.8602 -0.5992 0.49, -3.8602 -0.6093 0.4982, -3.8602 -0.5914 0.4952, -3.8602 -0.5999 0.5049, -3.8602 -0.5873 0.51, -3.8563 -0.5678 0.4056, -3.8563 -0.5385 0.4056, -3.8563 -0.5858 0.4078, -3.8563 -0.598 0.4125, -3.8563 -0.6093 0.4206, -3.8563 -0.6164 0.4289, -3.8563 -0.622 0.4397, -3.8563 -0.6249 0.452, -3.8563 -0.6254 0.4603, -3.8563 -0.6236 0.4749, -3.8563 -0.6197 0.4851, -3.8563 -0.6131 0.4945, -3.8563 -0.6093 0.4982, -3.8563 -0.5999 0.5049, -3.8563 -0.5873 0.51, -3.8563 -0.5713 0.5123, -3.8563 -0.5689 0.5124, -3.8563 -0.5385 0.5124, -3.8563 -0.5684 0.5001, -3.8563 -0.5522 0.5001, -3.8563 -0.5522 0.4178, -3.8563 -0.5677 0.4178, -3.8563 -0.5995 0.4289, -3.8563 -0.5981 0.4277, -3.8563 -0.5912 0.4229, -3.8563 -0.5823 0.4195, -3.8563 -0.6109 0.46, -3.8563 -0.6106 0.4538, -3.8563 -0.6086 0.4439, -3.8563 -0.605 0.4359, -3.8563 -0.5992 0.49, -3.8563 -0.6029 0.4862, -3.8563 -0.6069 0.48, -3.8563 -0.6097 0.4717, -3.8563 -0.5821 0.4986, -3.8563 -0.5914 0.4952
            ]
        }
        coordIndex [
            0,1,2,-1,3,4,5,-1,3,5,6,-1,6,5,7,-1,6,7,2,-1,2,7,8,-1,2,8,0,-1,9,1,10,-1,10,1,0,-1,9,10,11,-1,11,10,12,-1,13,14,15,-1,15,14,11,-1,15,11,16,-1,16,11,12,-1,14,13,17,-1,17,13,18,-1,18,19,17,-1,17,19,20,-1,17,20,21,-1,21,20,22,-1,21,22,23,-1,23,22,24,-1,23,24,25,-1,25,24,26,-1,25,26,27,-1,27,26,28,-1,27,28,29,-1,29,28,30,-1,29,30,31,-1,31,30,32,-1,31,32,33,-1,33,32,34,-1,33,34,35,-1,35,34,36,-1,35,36,37,-1,37,36,38,-1,37,38,39,-1,39,38,40,-1,39,40,41,-1,41,40,42,-1,41,42,43,-1,43,42,44,-1,43,44,45,-1,45,44,46,-1,45,46,47,-1,47,46,48,-1,47,48,49,-1,49,48,50,-1,49,50,51,-1,51,50,52,-1,51,52,53,-1,53,52,54,-1,53,54,55,-1,55,54,56,-1,55,56,57,-1,57,56,58,-1,57,58,59,-1,59,58,60,-1,59,60,61,-1,61,60,62,-1,61,62,63,-1,63,62,64,-1,63,64,65,-1,65,64,66,-1,65,66,67,-1,67,66,68,-1,67,68,69,-1,69,68,70,-1,69,70,71,-1,71,70,72,-1,71,72,73,-1,73,72,74,-1,73,74,75,-1,76,75,77,-1,77,75,74,-1,76,77,78,-1,76,78,79,-1,79,78,80,-1,79,80,81,-1,81,80,82,-1,81,82,83,-1,83,82,84,-1,83,84,85,-1,85,84,86,-1,85,86,87,-1,86,88,87,-1,87,88,89,-1,88,90,89,-1,89,90,91,-1,89,91,92,-1,92,91,93,-1,92,93,94,-1,94,93,95,-1,94,95,96,-1,96,95,97,-1,96,97,98,-1,98,97,99,-1,98,99,100,-1,100,99,101,-1,100,101,102,-1,103,104,105,-1,102,101,106,-1,102,106,107,-1,107,106,108,-1,107,108,105,-1,105,108,109,-1,105,109,103,-1,104,103,110,-1,104,110,111,-1,111,110,112,-1,111,112,113,-1,113,112,114,-1,113,114,115,-1,115,114,116,-1,115,116,117,-1,117,116,118,-1,117,118,119,-1,119,118,120,-1,119,120,121,-1,121,120,122,-1,121,122,123,-1,123,122,124,-1,123,124,125,-1,125,124,126,-1,125,126,127,-1,127,126,128,-1,127,128,129,-1,129,128,130,-1,129,130,131,-1,131,130,132,-1,131,132,133,-1,133,132,134,-1,133,134,135,-1,135,134,4,-1,135,4,3,-1,61,63,85,-1,85,63,83,-1,111,43,104,-1,104,43,45,-1,14,3,11,-1,11,3,6,-1,11,6,9,-1,9,6,2,-1,9,2,1,-1,63,65,83,-1,83,65,67,-1,83,67,81,-1,81,67,69,-1,81,69,79,-1,79,69,71,-1,79,71,76,-1,76,71,73,-1,76,73,75,-1,21,23,127,-1,127,23,25,-1,127,25,125,-1,125,25,27,-1,125,27,123,-1,123,27,29,-1,123,29,121,-1,121,29,31,-1,121,31,119,-1,119,31,33,-1,119,33,117,-1,117,33,35,-1,117,35,115,-1,115,35,37,-1,115,37,113,-1,113,37,39,-1,113,39,111,-1,111,39,41,-1,111,41,43,-1,127,129,21,-1,21,129,131,-1,21,131,17,-1,17,131,133,-1,17,133,14,-1,14,133,135,-1,14,135,3,-1,85,87,61,-1,61,87,89,-1,61,89,59,-1,59,89,92,-1,59,92,57,-1,57,92,94,-1,57,94,55,-1,55,94,96,-1,55,96,53,-1,53,96,98,-1,53,98,51,-1,51,98,100,-1,51,100,49,-1,49,100,102,-1,49,102,47,-1,47,102,107,-1,47,107,45,-1,45,107,105,-1,45,105,104,-1,136,137,138,-1,138,137,139,-1,140,136,141,-1,141,136,138,-1,140,141,142,-1,140,142,143,-1,143,142,144,-1,143,144,145,-1,146,145,147,-1,147,145,144,-1,148,146,149,-1,149,146,147,-1,150,151,152,-1,152,151,148,-1,152,148,149,-1,153,151,154,-1,154,151,150,-1,155,156,157,-1,157,156,153,-1,157,153,154,-1,158,159,160,-1,160,159,156,-1,160,156,155,-1,159,158,161,-1,159,161,162,-1,162,161,163,-1,162,163,164,-1,163,165,164,-1,164,165,166,-1,164,166,167,-1,167,166,168,-1,167,168,169,-1,169,168,170,-1,169,170,171,-1,171,170,172,-1,171,172,173,-1,173,172,174,-1,173,174,175,-1,176,175,177,-1,177,175,174,-1,176,177,178,-1,176,178,179,-1,179,178,180,-1,179,180,181,-1,181,180,182,-1,181,182,183,-1,183,182,184,-1,183,184,185,-1,184,186,185,-1,185,186,187,-1,185,187,188,-1,188,187,189,-1,188,189,190,-1,190,189,191,-1,190,191,192,-1,192,191,193,-1,192,193,194,-1,139,137,195,-1,195,137,194,-1,195,194,193,-1,143,145,194,-1,137,136,194,-1,194,136,140,-1,194,140,143,-1,151,153,148,-1,148,153,156,-1,148,156,146,-1,192,162,190,-1,190,162,164,-1,175,176,173,-1,173,176,179,-1,173,179,171,-1,171,179,181,-1,171,181,169,-1,169,181,183,-1,169,183,167,-1,167,183,185,-1,167,185,164,-1,164,185,188,-1,164,188,190,-1,145,146,194,-1,194,146,156,-1,194,156,192,-1,192,156,159,-1,192,159,162,-1,196,197,198,-1,198,197,199,-1,200,201,202,-1,202,201,196,-1,202,196,198,-1,203,201,204,-1,204,201,200,-1,205,206,207,-1,207,206,203,-1,207,203,204,-1,208,206,209,-1,209,206,205,-1,210,211,212,-1,212,211,208,-1,212,208,209,-1,213,211,214,-1,214,211,210,-1,215,216,217,-1,217,216,213,-1,217,213,214,-1,218,216,219,-1,219,216,215,-1,220,221,222,-1,222,221,218,-1,222,218,219,-1,223,221,224,-1,224,221,220,-1,199,197,225,-1,225,197,223,-1,225,223,224,-1,197,196,223,-1,223,196,201,-1,206,208,203,-1,203,208,211,-1,216,218,213,-1,213,218,221,-1,213,221,211,-1,211,221,223,-1,211,223,203,-1,203,223,201,-1,226,227,228,-1,228,227,229,-1,228,229,230,-1,230,229,231,-1,230,231,232,-1,232,231,233,-1,232,233,234,-1,234,233,235,-1,234,235,236,-1,236,235,237,-1,236,237,238,-1,238,237,239,-1,238,239,240,-1,240,239,241,-1,240,241,242,-1,242,241,243,-1,243,241,244,-1,243,244,245,-1,245,244,246,-1,245,246,247,-1,247,246,248,-1,247,248,249,-1,249,248,250,-1,249,250,251,-1,251,250,252,-1,251,252,253,-1,253,252,254,-1,253,254,255,-1,255,254,256,-1,255,256,257,-1,257,256,258,-1,257,258,259,-1,259,258,260,-1,259,260,226,-1,226,260,261,-1,226,261,227,-1,235,233,262,-1,262,233,263,-1,235,262,264,-1,235,264,237,-1,237,264,265,-1,237,265,239,-1,239,265,266,-1,239,266,241,-1,241,266,267,-1,241,267,244,-1,244,267,268,-1,244,268,246,-1,246,268,269,-1,246,269,248,-1,248,269,270,-1,248,270,250,-1,250,270,271,-1,250,271,252,-1,252,271,272,-1,252,272,254,-1,254,272,273,-1,254,273,256,-1,256,273,274,-1,256,274,258,-1,258,274,275,-1,258,275,260,-1,260,275,276,-1,260,276,261,-1,261,276,277,-1,261,277,227,-1,227,277,278,-1,227,278,229,-1,231,229,279,-1,279,229,278,-1,233,231,263,-1,263,231,279,-1,228,230,280,-1,280,230,281,-1,230,232,281,-1,281,232,282,-1,232,234,282,-1,282,234,283,-1,242,284,285,-1,242,285,240,-1,240,285,286,-1,240,286,238,-1,238,286,287,-1,238,287,236,-1,236,287,283,-1,236,283,234,-1,249,288,289,-1,249,289,247,-1,247,289,290,-1,247,290,245,-1,245,290,291,-1,245,291,243,-1,243,291,284,-1,243,284,242,-1,257,292,293,-1,257,293,255,-1,255,293,294,-1,255,294,253,-1,253,294,295,-1,253,295,251,-1,251,295,288,-1,251,288,249,-1,228,280,296,-1,228,296,226,-1,226,296,297,-1,226,297,259,-1,259,297,292,-1,259,292,257,-1,
        ]
    }
}
Shape{
    appearance Appearance {
        material  Material 	{
            diffuseColor 1.0 0.9686274509803922 0.9058823529411765
            specularColor 0.5019607843137255 0.48627450980392156 0.45098039215686275
            ambientIntensity 0.9709
            transparency 0.0
            shininess 0.5
        }
    }
    geometry IndexedFaceSet {
        ccw TRUE
        solid FALSE
        coord DEF co Coordinate {
            point [
                -3.8563 -0.5522 0.5001, -3.8563 -0.5522 0.4178, -3.8563 -0.5684 0.5001, -3.8563 -0.5677 0.4178, -3.8563 -0.5823 0.4195, -3.8563 -0.5912 0.4229, -3.8563 -0.5981 0.4277, -3.8563 -0.5995 0.4289, -3.8563 -0.6106 0.4538, -3.8563 -0.6109 0.46, -3.8563 -0.6097 0.4717, -3.8563 -0.6069 0.48, -3.8563 -0.6029 0.4862, -3.8563 -0.5992 0.49, -3.8563 -0.5821 0.4986, -3.8563 -0.5914 0.4952, -3.8563 -0.605 0.4359, -3.8563 -0.6086 0.4439
            ]
        }
        coordIndex [
            0,1,2,-1,2,1,3,-1,2,3,4,-1,4,5,2,-1,2,5,6,-1,2,6,7,-1,8,9,2,-1,2,9,10,-1,2,10,11,-1,11,12,2,-1,2,12,13,-1,2,13,14,-1,14,13,15,-1,7,16,2,-1,2,16,17,-1,2,17,8,-1,
        ]
    }
}
Shape{
    appearance Appearance {
        material  Material 	{
            diffuseColor 0.0 0.0 0.0
            specularColor 0.0 0.0 0.0
            ambientIntensity 0.0
            transparency 0.0
            shininess 0.5
        }
    }
    geometry IndexedFaceSet {
        ccw TRUE
        solid FALSE
        coord DEF co Coordinate {
            point [
                -3.8602 -0.6612 0.4469, -3.8602 -0.6771 0.4912, -3.8602 -0.672 0.5124, -3.8602 -0.6313 0.4056, -3.8602 -0.6465 0.4056, -3.8602 -0.6568 0.4348, -3.8602 -0.678 0.4944, -3.8602 -0.6789 0.4987, -3.8602 -0.6867 0.5124, -3.8602 -0.6792 0.4987, -3.8602 -0.6801 0.4942, -3.8602 -0.6809 0.4912, -3.8602 -0.697 0.4469, -3.8602 -0.7274 0.4056, -3.8602 -0.7121 0.4056, -3.8602 -0.7012 0.4348, -3.8563 -0.6867 0.5124, -3.8563 -0.7274 0.4056, -3.8563 -0.672 0.5124, -3.8563 -0.6313 0.4056, -3.8563 -0.6465 0.4056, -3.8563 -0.6568 0.4348, -3.8563 -0.7012 0.4348, -3.8563 -0.7121 0.4056, -3.8563 -0.6612 0.4469, -3.8563 -0.697 0.4469, -3.8563 -0.6809 0.4912, -3.8563 -0.6792 0.4987, -3.8563 -0.6801 0.4942, -3.8563 -0.6789 0.4987, -3.8563 -0.6771 0.4912, -3.8563 -0.678 0.4944
            ]
        }
        coordIndex [
            0,1,2,-1,3,4,5,-1,1,6,2,-1,2,6,7,-1,2,7,8,-1,8,7,9,-1,8,9,10,-1,10,11,8,-1,8,11,12,-1,8,12,13,-1,14,13,15,-1,15,13,12,-1,15,12,5,-1,5,12,0,-1,5,0,3,-1,3,0,2,-1,8,13,16,-1,16,13,17,-1,2,8,18,-1,18,8,16,-1,3,2,19,-1,19,2,18,-1,4,3,20,-1,20,3,19,-1,5,4,21,-1,21,4,20,-1,15,5,22,-1,22,5,21,-1,14,15,23,-1,23,15,22,-1,13,14,17,-1,17,14,23,-1,0,12,24,-1,24,12,25,-1,12,11,25,-1,25,11,26,-1,9,27,28,-1,9,28,10,-1,10,28,26,-1,10,26,11,-1,9,7,27,-1,27,7,29,-1,1,30,31,-1,1,31,6,-1,6,31,29,-1,6,29,7,-1,1,0,30,-1,30,0,24,-1,
        ]
    }
}
Shape{
    appearance Appearance {
        material  Material 	{
            diffuseColor 1.0 0.9686274509803922 0.9058823529411765
            specularColor 0.5019607843137255 0.48627450980392156 0.45098039215686275
            ambientIntensity 0.9709
            transparency 0.0
            shininess 0.5
        }
    }
    geometry IndexedFaceSet {
        ccw TRUE
        solid FALSE
        coord DEF co Coordinate {
            point [
                -3.8563 -0.6792 0.4987, -3.8563 -0.6789 0.4987, -3.8563 -0.6801 0.4942, -3.8563 -0.678 0.4944, -3.8563 -0.6809 0.4912, -3.8563 -0.6771 0.4912, -3.8563 -0.697 0.4469, -3.8563 -0.6612 0.4469
            ]
        }
        coordIndex [
            0,1,2,-1,2,1,3,-1,2,3,4,-1,4,3,5,-1,4,5,6,-1,6,5,7,-1,
        ]
    }
}
Shape{
    appearance Appearance {
        material  Material 	{
            diffuseColor 0.0 0.0 0.0
            specularColor 0.0 0.0 0.0
            ambientIntensity 0.0
            transparency 0.0
            shininess 0.5
        }
    }
    geometry IndexedFaceSet {
        ccw TRUE
        solid FALSE
        coord DEF co Coordinate {
            point [
                -3.8602 0.3063 0.3904, -3.8602 0.295 0.3765, -3.8602 0.3131 0.4576, -3.8602 0.0596 0.4948, -3.8602 0.0831 0.535, -3.8602 0.1849 0.4819, -3.8602 0.2362 0.4592, -3.8602 0.2292 0.4567, -3.8602 0.3264 0.5895, -3.8602 0.3095 0.5985, -3.8602 0.3134 0.6452, -3.8602 0.2661 0.6474, -3.8602 0.2425 0.592, -3.8602 0.2309 0.616, -3.8602 0.3297 0.4678, -3.8602 0.3235 0.4096, -3.8602 0.3139 0.4068, -3.8602 0.2835 0.6489, -3.8602 0.2231 0.4526, -3.8602 0.2182 0.4471, -3.8602 0.1659 0.4386, -3.8602 0.25 0.4589, -3.8602 0.2599 0.5055, -3.8602 0.2566 0.4563, -3.8602 0.2767 0.499, -3.8602 0.2625 0.4521, -3.8602 0.2922 0.4883, -3.8602 0.2655 0.4489, -3.8602 0.3048 0.4739, -3.8602 0.2695 0.4426, -3.8602 0.2717 0.4355, -3.8602 0.2721 0.4281, -3.8602 0.2143 0.5026, -3.8602 0.2326 0.5072, -3.8602 0.2418 0.5077, -3.8602 0.0346 0.5699, -3.8602 0.0285 0.5699, -3.8602 -0.0026 0.6109, -3.8602 0.014 0.5682, -3.8602 -0.0063 0.6097, -3.8602 0.0008 0.5631, -3.8602 -0.0289 0.5985, -3.8602 -0.0495 0.5811, -3.8602 0.2505 0.6655, -3.8602 0.2139 0.6363, -3.8602 0.2327 0.6808, -3.8602 0.1936 0.6512, -3.8602 0.2141 0.6923, -3.8602 0.2908 0.6029, -3.8602 0.2828 0.6033, -3.8602 0.2748 0.6484, -3.8602 0.2649 0.6011, -3.8602 0.2478 0.5949, -3.8602 0.2149 0.4409, -3.8602 0.2131 0.4338, -3.8602 0.1659 0.431, -3.8602 0.2131 0.4269, -3.8602 0.1663 0.4231, -3.8602 -0.0497 0.4394, -3.8602 -0.0144 0.4696, -3.8602 -0.0291 0.4219, -3.8602 -0.0031 0.4604, -3.8602 -0.0059 0.4106, -3.8602 0.0102 0.4542, -3.8602 0.0194 0.4052, -3.8602 0.0239 0.4515, -3.8602 0.0642 0.4052, -3.8602 0.0581 0.4515, -3.8602 0.0684 0.4059, -3.8602 0.2425 0.4599, -3.8602 0.1981 0.494, -3.8602 -0.011 0.5548, -3.8602 -0.0197 0.5451, -3.8602 -0.065 0.5595, -3.8602 -0.0267 0.5321, -3.8602 -0.0743 0.5363, -3.8602 -0.0303 0.5175, -3.8602 -0.0778 0.5115, -3.8602 -0.0307 0.5107, -3.8602 -0.0743 0.4844, -3.8602 -0.0289 0.4959, -3.8602 -0.0648 0.4604, -3.8602 -0.0236 0.4824, -3.8602 -0.0153 0.4706, -3.8602 0.0384 0.6709, -3.8602 0.0681 0.6361, -3.8602 0.0131 0.6417, -3.8602 0.051 0.6156, -3.8602 0.0392 0.5912, -3.8602 0.3564 0.5458, -3.8602 0.4063 0.5332, -3.8602 0.3587 0.5274, -3.8602 0.4065 0.5259, -3.8602 0.3578 0.5157, -3.8602 0.4028 0.4962, -3.8602 0.3523 0.4971, -3.8602 0.3919 0.4679, -3.8602 0.3433 0.4818, -3.8602 0.3746 0.4432, -3.8602 0.3509 0.423, -3.8602 0.2707 0.421, -3.8602 0.2677 0.4146, -3.8602 0.1791 0.7058, -3.8602 0.1688 0.6612, -3.8602 0.1416 0.7104, -3.8602 0.1408 0.6648, -3.8602 0.1096 0.7069, -3.8602 0.1151 0.6617, -3.8602 0.0716 0.6933, -3.8602 0.0913 0.6525, -3.8602 0.0699 0.6377, -3.8602 0.3416 0.6343, -3.8602 0.3657 0.6173, -3.8602 0.3394 0.5779, -3.8602 0.3708 0.6125, -3.8602 0.3499 0.5628, -3.8602 0.3891 0.589, -3.8602 0.4012 0.5617, -3.8602 0.1708 0.4043, -3.8602 0.2149 0.4196, -3.8602 0.1798 0.3874, -3.8602 0.2185 0.4131, -3.8602 0.1913 0.3744, -3.8602 0.2226 0.4084, -3.8602 0.2065 0.3639, -3.8602 0.2284 0.4043, -3.8602 0.2234 0.3574, -3.8602 0.2349 0.4017, -3.8602 0.2418 0.3551, -3.8602 0.2425 0.4007, -3.8602 0.2447 0.3552, -3.8602 0.2438 0.4007, -3.8602 0.2626 0.358, -3.8602 0.2506 0.4018, -3.8602 0.2801 0.3653, -3.8602 0.2575 0.4048, -3.8602 0.2633 0.4092, -3.8602 0.0619 0.4522, -3.8602 0.0801 0.4132, -3.8602 0.0784 0.4114, -3.8602 0.0596 0.4517, -3.8602 0.0735 0.4079, -3.8602 0.0862 0.4288, -3.8602 0.0855 0.4231, -3.8602 0.0835 0.418, -3.8602 0.0685 0.4515, -3.8602 0.0737 0.4495, -3.8602 0.086 0.4318, -3.8602 0.0784 0.4462, -3.8602 0.0815 0.4427, -3.8602 0.0845 0.4375, -3.8602 0.0626 0.4523, -3.8563 -0.0545 0.5741, -3.8563 -0.065 0.5595, -3.8563 -0.0717 0.5428, -3.8563 -0.0743 0.5363, -3.8563 -0.0778 0.5115, -3.8563 -0.0495 0.5811, -3.8563 -0.0289 0.5985, -3.8563 -0.0063 0.6097, -3.8563 -0.0026 0.6109, -3.8563 0.0131 0.6417, -3.8563 0.0384 0.6709, -3.8563 0.0557 0.6826, -3.8563 0.0716 0.6933, -3.8563 0.1096 0.7069, -3.8563 0.1416 0.7104, -3.8563 0.1791 0.7058, -3.8563 0.2141 0.6923, -3.8563 0.2297 0.6826, -3.8563 0.2327 0.6808, -3.8563 0.2505 0.6655, -3.8563 0.2661 0.6474, -3.8563 0.2748 0.6484, -3.8563 0.2835 0.6489, -3.8563 0.3134 0.6452, -3.8563 0.3416 0.6343, -3.8563 0.3657 0.6173, -3.8563 0.3708 0.6125, -3.8563 0.4046 0.5428, -3.8563 0.4012 0.5617, -3.8563 0.3957 0.5741, -3.8563 0.3891 0.589, -3.8563 0.4063 0.5332, -3.8563 0.4065 0.5259, -3.8563 0.4028 0.4962, -3.8563 0.3919 0.4679, -3.8563 0.3746 0.4432, -3.8563 0.3509 0.423, -3.8563 0.3235 0.4096, -3.8563 0.3139 0.4068, -3.8563 0.3129 0.4047, -3.8563 0.3063 0.3904, -3.8563 0.295 0.3765, -3.8563 0.2801 0.3653, -3.8563 0.2732 0.3624, -3.8563 0.2626 0.358, -3.8563 0.2447 0.3552, -3.8563 0.2418 0.3551, -3.8563 0.1659 0.431, -3.8563 0.2234 0.3574, -3.8563 0.2104 0.3624, -3.8563 0.2065 0.3639, -3.8563 0.1913 0.3744, -3.8563 0.1798 0.3874, -3.8563 0.1708 0.4043, -3.8563 0.1707 0.4047, -3.8563 0.1663 0.4231, -3.8563 0.1659 0.4386, -3.8563 0.0596 0.4948, -3.8563 0.0831 0.535, -3.8563 0.1849 0.4819, -3.8563 0.1981 0.494, -3.8563 0.2143 0.5026, -3.8563 0.2326 0.5072, -3.8563 0.2418 0.5077, -3.8563 0.2599 0.5055, -3.8563 0.2767 0.499, -3.8563 0.2922 0.4883, -3.8563 0.3048 0.4739, -3.8563 0.3131 0.4576, -3.8563 0.3297 0.4678, -3.8563 0.3433 0.4818, -3.8563 0.3523 0.4971, -3.8563 0.3578 0.5157, -3.8563 0.3587 0.5274, -3.8563 0.3568 0.5428, -3.8563 0.3564 0.5458, -3.8563 0.3499 0.5628, -3.8563 0.342 0.5741, -3.8563 0.3394 0.5779, -3.8563 0.3264 0.5895, -3.8563 0.3095 0.5985, -3.8563 0.2908 0.6029, -3.8563 0.2828 0.6033, -3.8563 0.2649 0.6011, -3.8563 0.2478 0.5949, -3.8563 0.2425 0.592, -3.8563 0.2309 0.616, -3.8563 0.2139 0.6363, -3.8563 0.1936 0.6512, -3.8563 0.1688 0.6612, -3.8563 0.1408 0.6648, -3.8563 0.1151 0.6617, -3.8563 0.0913 0.6525, -3.8563 0.0699 0.6377, -3.8563 0.0681 0.6361, -3.8563 0.051 0.6156, -3.8563 0.0392 0.5912, -3.8563 0.0355 0.5741, -3.8563 0.0346 0.5699, -3.8563 0.0285 0.5699, -3.8563 0.014 0.5682, -3.8563 0.0008 0.5631, -3.8563 -0.011 0.5548, -3.8563 -0.0197 0.5451, -3.8563 -0.021 0.5428, -3.8563 -0.0267 0.5321, -3.8563 -0.0303 0.5175, -3.8563 -0.0307 0.5107, -3.8563 -0.0289 0.4959, -3.8563 -0.0236 0.4824, -3.8563 -0.0153 0.4706, -3.8563 -0.0144 0.4696, -3.8563 -0.0031 0.4604, -3.8563 0.0102 0.4542, -3.8563 0.0239 0.4515, -3.8563 0.0581 0.4515, -3.8563 0.0596 0.4517, -3.8563 0.0619 0.4522, -3.8563 0.0626 0.4523, -3.8563 0.0685 0.4515, -3.8563 0.0737 0.4495, -3.8563 0.0784 0.4462, -3.8563 0.0815 0.4427, -3.8563 0.0845 0.4375, -3.8563 0.086 0.4318, -3.8563 0.0862 0.4288, -3.8563 0.0855 0.4231, -3.8563 0.0835 0.418, -3.8563 0.0801 0.4132, -3.8563 0.0784 0.4114, -3.8563 0.0735 0.4079, -3.8563 0.0684 0.4059, -3.8563 0.0642 0.4052, -3.8563 0.0194 0.4052, -3.8563 -0.0059 0.4106, -3.8563 -0.0291 0.4219, -3.8563 -0.0497 0.4394, -3.8563 -0.0648 0.4604, -3.8563 -0.0743 0.4844, -3.8563 0.2425 0.4599, -3.8563 0.2362 0.4592, -3.8563 0.2292 0.4567, -3.8563 0.2231 0.4526, -3.8563 0.2182 0.4471, -3.8563 0.2149 0.4409, -3.8563 0.2131 0.4338, -3.8563 0.2131 0.4269, -3.8563 0.2149 0.4196, -3.8563 0.2185 0.4131, -3.8563 0.2226 0.4084, -3.8563 0.2284 0.4043, -3.8563 0.2349 0.4017, -3.8563 0.2425 0.4007, -3.8563 0.2438 0.4007, -3.8563 0.2506 0.4018, -3.8563 0.2575 0.4048, -3.8563 0.2633 0.4092, -3.8563 0.2677 0.4146, -3.8563 0.2707 0.421, -3.8563 0.2721 0.4281, -3.8563 0.2717 0.4355, -3.8563 0.2695 0.4426, -3.8563 0.2655 0.4489, -3.8563 0.2625 0.4521, -3.8563 0.2566 0.4563, -3.8563 0.25 0.4589
            ]
        }
        coordIndex [
            0,1,2,-1,3,4,5,-1,6,7,3,-1,8,9,10,-1,11,12,13,-1,14,15,2,-1,2,15,16,-1,2,16,0,-1,10,9,17,-1,7,18,3,-1,3,18,19,-1,3,19,20,-1,21,22,23,-1,23,22,24,-1,23,24,25,-1,25,24,26,-1,25,26,27,-1,27,26,28,-1,27,28,29,-1,29,28,2,-1,29,2,30,-1,30,2,31,-1,32,33,21,-1,21,33,34,-1,21,34,22,-1,35,36,37,-1,37,36,38,-1,37,38,39,-1,39,38,40,-1,39,40,41,-1,41,40,42,-1,11,13,43,-1,43,13,44,-1,43,44,45,-1,45,44,46,-1,45,46,47,-1,9,48,17,-1,17,48,49,-1,17,49,50,-1,50,49,51,-1,50,51,11,-1,11,51,52,-1,11,52,12,-1,19,53,20,-1,20,53,54,-1,20,54,55,-1,55,54,56,-1,55,56,57,-1,58,59,60,-1,60,59,61,-1,60,61,62,-1,62,61,63,-1,62,63,64,-1,64,63,65,-1,64,65,66,-1,66,65,67,-1,66,67,68,-1,6,3,69,-1,69,3,5,-1,69,5,21,-1,21,5,70,-1,21,70,32,-1,40,71,42,-1,42,71,72,-1,42,72,73,-1,73,72,74,-1,73,74,75,-1,75,74,76,-1,75,76,77,-1,77,76,78,-1,77,78,79,-1,79,78,80,-1,79,80,81,-1,81,80,82,-1,81,82,58,-1,58,82,83,-1,58,83,59,-1,84,85,86,-1,86,85,87,-1,86,87,37,-1,37,87,88,-1,37,88,35,-1,89,90,91,-1,91,90,92,-1,91,92,93,-1,93,92,94,-1,93,94,95,-1,95,94,96,-1,95,96,97,-1,97,96,98,-1,97,98,14,-1,14,98,99,-1,14,99,15,-1,31,2,100,-1,100,2,1,-1,100,1,101,-1,47,46,102,-1,102,46,103,-1,102,103,104,-1,104,103,105,-1,104,105,106,-1,106,105,107,-1,106,107,108,-1,108,107,109,-1,108,109,84,-1,84,109,110,-1,84,110,85,-1,10,111,8,-1,8,111,112,-1,8,112,113,-1,113,112,114,-1,113,114,115,-1,115,114,116,-1,115,116,89,-1,89,116,117,-1,89,117,90,-1,57,56,118,-1,118,56,119,-1,118,119,120,-1,120,119,121,-1,120,121,122,-1,122,121,123,-1,122,123,124,-1,124,123,125,-1,124,125,126,-1,126,125,127,-1,126,127,128,-1,128,127,129,-1,128,129,130,-1,130,129,131,-1,130,131,132,-1,132,131,133,-1,132,133,134,-1,134,133,135,-1,134,135,1,-1,1,135,136,-1,1,136,101,-1,137,138,139,-1,67,140,68,-1,68,140,137,-1,68,137,141,-1,141,137,139,-1,142,143,137,-1,137,143,144,-1,137,144,138,-1,145,146,147,-1,146,148,147,-1,147,148,149,-1,147,149,150,-1,142,137,147,-1,147,137,151,-1,147,151,145,-1,152,42,153,-1,153,42,73,-1,153,73,154,-1,154,73,75,-1,154,75,155,-1,155,75,77,-1,155,77,156,-1,152,157,42,-1,42,157,158,-1,42,158,41,-1,41,158,159,-1,41,159,39,-1,39,159,160,-1,39,160,37,-1,37,160,161,-1,37,161,86,-1,86,161,162,-1,86,162,84,-1,108,84,163,-1,163,84,162,-1,163,164,108,-1,108,164,165,-1,108,165,106,-1,106,165,166,-1,106,166,104,-1,104,166,167,-1,104,167,102,-1,102,167,168,-1,102,168,47,-1,47,168,45,-1,45,168,169,-1,45,169,170,-1,45,170,171,-1,45,171,43,-1,43,171,172,-1,43,172,11,-1,11,172,173,-1,11,173,50,-1,50,173,174,-1,50,174,17,-1,17,174,175,-1,17,175,10,-1,10,175,176,-1,10,176,111,-1,111,176,177,-1,111,177,112,-1,112,177,178,-1,112,178,114,-1,179,90,180,-1,180,90,117,-1,180,117,181,-1,181,117,116,-1,181,116,182,-1,182,116,114,-1,182,114,178,-1,179,183,90,-1,90,183,184,-1,90,184,92,-1,92,184,185,-1,92,185,94,-1,94,185,186,-1,94,186,96,-1,96,186,187,-1,96,187,98,-1,98,187,188,-1,98,188,99,-1,99,188,189,-1,99,189,15,-1,15,189,190,-1,15,190,16,-1,16,190,191,-1,16,191,0,-1,191,192,0,-1,0,192,193,-1,0,193,1,-1,1,193,194,-1,1,194,134,-1,134,194,195,-1,134,195,132,-1,195,196,132,-1,132,196,197,-1,132,197,130,-1,130,197,198,-1,130,198,128,-1,199,55,57,-1,128,198,200,-1,201,124,200,-1,200,124,126,-1,200,126,128,-1,201,202,124,-1,124,202,203,-1,124,203,122,-1,122,203,204,-1,122,204,120,-1,120,204,205,-1,120,205,118,-1,118,205,206,-1,118,206,57,-1,57,206,207,-1,57,207,199,-1,20,55,208,-1,208,55,199,-1,3,20,209,-1,209,20,208,-1,4,3,210,-1,210,3,209,-1,5,4,211,-1,211,4,210,-1,5,211,212,-1,5,212,70,-1,70,212,213,-1,70,213,32,-1,32,213,214,-1,32,214,33,-1,33,214,215,-1,33,215,34,-1,34,215,216,-1,34,216,22,-1,22,216,217,-1,22,217,24,-1,24,217,218,-1,24,218,26,-1,26,218,219,-1,26,219,28,-1,28,219,220,-1,28,220,2,-1,2,220,221,-1,2,221,14,-1,14,221,222,-1,14,222,97,-1,97,222,223,-1,97,223,95,-1,95,223,224,-1,95,224,93,-1,93,224,225,-1,93,225,91,-1,89,91,225,-1,225,226,89,-1,89,226,227,-1,89,227,228,-1,229,113,228,-1,228,113,115,-1,228,115,89,-1,229,230,113,-1,113,230,231,-1,113,231,8,-1,8,231,232,-1,8,232,9,-1,9,232,233,-1,9,233,48,-1,48,233,234,-1,48,234,49,-1,49,234,235,-1,49,235,51,-1,51,235,236,-1,51,236,52,-1,52,236,237,-1,52,237,12,-1,12,237,238,-1,12,238,13,-1,13,238,239,-1,13,239,44,-1,44,239,240,-1,44,240,46,-1,46,240,241,-1,46,241,103,-1,103,241,242,-1,103,242,105,-1,105,242,243,-1,105,243,107,-1,107,243,244,-1,107,244,109,-1,109,244,245,-1,109,245,110,-1,110,245,246,-1,110,246,85,-1,85,246,247,-1,85,247,87,-1,87,247,248,-1,87,248,88,-1,88,248,35,-1,35,248,249,-1,35,249,250,-1,36,35,251,-1,251,35,250,-1,36,251,252,-1,36,252,38,-1,38,252,253,-1,38,253,40,-1,40,253,254,-1,40,254,71,-1,71,254,255,-1,71,255,72,-1,72,255,256,-1,72,256,74,-1,256,257,74,-1,74,257,258,-1,74,258,76,-1,76,258,259,-1,76,259,78,-1,78,259,260,-1,78,260,80,-1,80,260,261,-1,80,261,82,-1,82,261,262,-1,82,262,83,-1,83,262,263,-1,83,263,59,-1,59,263,264,-1,59,264,61,-1,61,264,265,-1,61,265,63,-1,63,265,266,-1,63,266,65,-1,67,65,267,-1,267,65,266,-1,67,267,268,-1,67,268,140,-1,140,268,269,-1,140,269,137,-1,137,269,270,-1,137,270,151,-1,151,270,271,-1,151,271,145,-1,145,271,272,-1,145,272,146,-1,146,272,273,-1,146,273,148,-1,148,273,274,-1,148,274,149,-1,149,274,275,-1,149,275,150,-1,150,275,276,-1,150,276,147,-1,147,276,277,-1,147,277,142,-1,142,277,278,-1,142,278,143,-1,143,278,279,-1,143,279,144,-1,144,279,280,-1,144,280,138,-1,138,280,281,-1,138,281,139,-1,139,281,282,-1,139,282,141,-1,141,282,283,-1,141,283,68,-1,68,283,284,-1,68,284,66,-1,64,66,285,-1,285,66,284,-1,64,285,286,-1,64,286,62,-1,62,286,287,-1,62,287,60,-1,60,287,288,-1,60,288,58,-1,58,288,289,-1,58,289,81,-1,81,289,290,-1,81,290,79,-1,79,290,156,-1,79,156,77,-1,69,291,292,-1,69,292,6,-1,6,292,293,-1,6,293,7,-1,7,293,294,-1,7,294,18,-1,18,294,295,-1,18,295,19,-1,19,295,296,-1,19,296,53,-1,53,296,297,-1,53,297,54,-1,54,297,298,-1,54,298,56,-1,56,298,299,-1,56,299,119,-1,119,299,300,-1,119,300,121,-1,121,300,301,-1,121,301,123,-1,123,301,302,-1,123,302,125,-1,125,302,303,-1,125,303,127,-1,127,303,304,-1,127,304,129,-1,129,304,305,-1,129,305,131,-1,131,305,306,-1,131,306,133,-1,133,306,307,-1,133,307,135,-1,135,307,308,-1,135,308,136,-1,136,308,309,-1,136,309,101,-1,101,309,310,-1,101,310,100,-1,100,310,311,-1,100,311,31,-1,31,311,312,-1,31,312,30,-1,30,312,313,-1,30,313,29,-1,29,313,314,-1,29,314,27,-1,27,314,315,-1,27,315,25,-1,25,315,316,-1,25,316,23,-1,23,316,317,-1,23,317,21,-1,21,317,291,-1,21,291,69,-1,
        ]
    }
}
Shape{
    appearance Appearance {
        material  Material 	{
            diffuseColor 1.0 0.9686274509803922 0.9058823529411765
            specularColor 0.5019607843137255 0.48627450980392156 0.45098039215686275
            ambientIntensity 0.9709
            transparency 0.0
            shininess 0.5
        }
    }
    geometry IndexedFaceSet {
        ccw TRUE
        solid FALSE
        coord DEF co Coordinate {
            point [
                -3.8563 0.2438 0.4007, -3.8563 0.2625 0.4521, -3.8563 0.2655 0.4489, -3.8563 0.2349 0.4017, -3.8563 0.2284 0.4043, -3.8563 0.2362 0.4592, -3.8563 0.2425 0.4599, -3.8563 0.25 0.4589, -3.8563 0.2566 0.4563, -3.8563 0.2707 0.421, -3.8563 0.2677 0.4146, -3.8563 0.2633 0.4092, -3.8563 0.2425 0.4007, -3.8563 0.2695 0.4426, -3.8563 0.2717 0.4355, -3.8563 0.2721 0.4281, -3.8563 0.2575 0.4048, -3.8563 0.2506 0.4018, -3.8563 0.2226 0.4084, -3.8563 0.2185 0.4131, -3.8563 0.2149 0.4196, -3.8563 0.2131 0.4269, -3.8563 0.2131 0.4338, -3.8563 0.2149 0.4409, -3.8563 0.2182 0.4471, -3.8563 0.2231 0.4526, -3.8563 0.2292 0.4567, -3.2854 0.3761 0.3228, -3.2854 0.5404 0.3228, -3.2854 0.3761 0.0079, -3.2854 0.5404 0.0079, -3.6004 -0.0188 0.0079, -3.6004 0.5404 0.0079, -3.6004 -0.0188 0.3228, -3.6004 0.5404 0.3228, -3.4489 0.3761 0.0079, -3.4489 -0.0188 0.0079, -3.4489 0.3761 0.3228, -3.4489 -0.0188 0.3228, 3.2894 0.3761 0.0079, 3.2894 0.5404 0.0079, 3.2894 0.3761 0.3228, 3.2894 0.5404 0.3228, 3.4529 0.3761 0.0079, 3.4529 0.3761 0.3228, 3.4529 -0.0188 0.0079, 3.4529 -0.0188 0.3228, 3.6043 -0.0188 0.0079, 3.6043 -0.0188 0.3228, 3.6043 0.5404 0.0079, 3.6043 0.5404 0.3228
            ]
        }
        coordIndex [
            0,1,2,-1,3,4,5,-1,6,7,0,-1,0,7,8,-1,0,8,1,-1,9,10,2,-1,2,10,11,-1,6,0,5,-1,5,0,12,-1,5,12,3,-1,13,14,2,-1,2,14,15,-1,2,15,9,-1,11,16,2,-1,2,16,17,-1,2,17,0,-1,4,18,5,-1,5,18,19,-1,5,19,20,-1,20,21,5,-1,5,21,22,-1,5,22,23,-1,23,24,5,-1,5,24,25,-1,5,25,26,-1,27,28,29,-1,29,28,30,-1,31,32,33,-1,33,32,34,-1,35,36,37,-1,37,36,38,-1,29,35,27,-1,27,35,37,-1,36,31,38,-1,38,31,33,-1,39,40,41,-1,41,40,42,-1,43,39,44,-1,44,39,41,-1,45,43,46,-1,46,43,44,-1,47,45,48,-1,48,45,46,-1,49,47,50,-1,50,47,48,-1,
        ]
    }
}